"semantic_key","table","surface","priority","source_file","line","source_tr","en_generic","en_GB","en_US","en_AU","en_CA","context","placeholders","owner","screenshot_id","review_status","language_review","safety_review","product_approval","safety_review_required"
"legacy.legal.riskdetected.ac.k.r.za.beyan.e42abe3f","legal","legal","P0","App/LegalDocuments/Acik-Riza-Beyani.md","1","RiskDetected Açık Rıza Beyanı","","","","","","legal_copy","","legal","inventory.legal.e42abe3fcdb2","extracted","not_started","not_required","not_started","false"
"legacy.legal.yururluk.tarihi.8.temmuz.2026.5cc407c3","legal","legal","P0","App/LegalDocuments/Acik-Riza-Beyani.md","3","Yürürlük tarihi: 8 Temmuz 2026","","","","","","legal_copy","","legal","inventory.legal.5cc407c3c3bf","extracted","not_started","not_required","not_started","false"
"legacy.legal.belge.surumu.consent.2026.07.08.eb5e77fe","legal","legal","P0","App/LegalDocuments/Acik-Riza-Beyani.md","4","Belge sürümü: consent-2026-07-08","","","","","","legal_copy","","legal","inventory.legal.eb5e77fef6c7","extracted","not_started","not_required","not_started","false"
"legacy.legal.bu.beyan.riskdetected.in.ac.k.r.zaya.dayal.bbd040df","legal","legal","P0","App/LegalDocuments/Acik-Riza-Beyani.md","6","Bu beyan, RiskDetected'in açık rızaya dayalı veri işleme faaliyetleri için","","","","","","legal_copy","","legal","inventory.legal.bbd040dff963","extracted","not_started","not_required","not_started","false"
"legacy.legal.haz.rlanm.st.r.ac.k.r.za.vermeniz.geri.cek.300e05a6","legal","legal","P0","App/LegalDocuments/Acik-Riza-Beyani.md","7","hazırlanmıştır. Açık rıza vermeniz, geri çekmeniz veya belirli rızaları vermemeniz","","","","","","legal_copy","","legal","inventory.legal.300e05a6f9ed","extracted","not_started","not_required","not_started","false"
"legacy.legal.durumunda.hangi.ozelliklerin.etkilenebilec.e46270f1","legal","legal","P0","App/LegalDocuments/Acik-Riza-Beyani.md","8","durumunda hangi özelliklerin etkilenebileceği aşağıda açıklanır.","","","","","","legal_copy","","legal","inventory.legal.e46270f1a923","extracted","not_started","not_required","not_started","false"
"legacy.legal.1.ai.fotograf.analizi.r.zas.bd2149af","legal","legal","P0","App/LegalDocuments/Acik-Riza-Beyani.md","10","1. AI fotoğraf analizi rızası","","","","","","legal_copy","","legal","inventory.legal.bd2149af59e0","extracted","not_started","not_required","not_started","false"
"legacy.legal.riskdetected.e.yukledigim.fotograflar.n.fo.86b74a8e","legal","legal","P0","App/LegalDocuments/Acik-Riza-Beyani.md","12","RiskDetected'e yüklediğim fotoğrafların; fotoğrafta yer alabilecek kişi yüzleri,","","","","","","legal_copy","","legal","inventory.legal.86b74a8e9e86","extracted","not_started","not_required","not_started","false"
"legacy.legal.cal.san.ziyaretci.goruntuleri.is.k.yafetle.c8a9ad94","legal","legal","P0","App/LegalDocuments/Acik-Riza-Beyani.md","13","çalışan/ziyaretçi görüntüleri, iş kıyafetleri, ekipmanlar, firma adı/logo, tabela,","","","","","","legal_copy","","legal","inventory.legal.c8a9ad94d19d","extracted","not_started","not_required","not_started","false"
"legacy.legal.mekan.plaka.uretim.alan.ve.benzeri.gorsel..fe68f44c","legal","legal","P0","App/LegalDocuments/Acik-Riza-Beyani.md","14","mekan, plaka, üretim alanı ve benzeri görsel bilgiler dahil olmak üzere, yapay zeka","","","","","","legal_copy","","legal","inventory.legal.fe68f44c4383","extracted","not_started","not_required","not_started","false"
"legacy.legal.destekli.risk.analizi.bulgu.uretimi.rapor..32fb8180","legal","legal","P0","App/LegalDocuments/Acik-Riza-Beyani.md","15","destekli risk analizi, bulgu üretimi, rapor oluşturma ve kalite/servis sürekliliği","","","","","","legal_copy","","legal","inventory.legal.32fb8180a5a4","extracted","not_started","not_started","not_started","true"
"legacy.legal.amac.yla.islenmesine.ac.k.r.za.veriyorum.b8803e4c","legal","legal","P0","App/LegalDocuments/Acik-Riza-Beyani.md","16","amacıyla işlenmesine açık rıza veriyorum.","","","","","","legal_copy","","legal","inventory.legal.b8803e4c4a48","extracted","not_started","not_required","not_started","false"
"legacy.legal.ai.c.kt.lar.n.n.karar.destek.niteliginde.o.9d905bfa","legal","legal","P0","App/LegalDocuments/Acik-Riza-Beyani.md","18","AI çıktılarının karar destek niteliğinde olduğunu; resmi denetim, hukuki güvence,","","","","","","legal_copy","","legal","inventory.legal.9d905bfa0bd8","extracted","not_started","not_required","not_started","false"
"legacy.legal.mevzuata.kesin.uygunluk.veya.baglay.c.uzma.9ecc06dc","legal","legal","P0","App/LegalDocuments/Acik-Riza-Beyani.md","19","mevzuata kesin uygunluk veya bağlayıcı uzman görüşü olmadığını anlıyorum.","","","","","","legal_copy","","legal","inventory.legal.9ecc06dca408","extracted","not_started","not_required","not_started","false"
"legacy.legal.2.ozel.nitelikli.veri.icerebilecek.gorsell.316f1d1d","legal","legal","P0","App/LegalDocuments/Acik-Riza-Beyani.md","21","2. Özel nitelikli veri içerebilecek görseller","","","","","","legal_copy","","legal","inventory.legal.316f1d1dd76e","extracted","not_started","not_required","not_started","false"
"legacy.legal.yukledigim.fotograf.n.sagl.k.durumu.yarala.a2644dc8","legal","legal","P0","App/LegalDocuments/Acik-Riza-Beyani.md","23","Yüklediğim fotoğrafın sağlık durumu, yaralanma, engellilik, iş kıyafeti/koruyucu","","","","","","legal_copy","","legal","inventory.legal.a2644dc82922","extracted","not_started","not_required","not_started","false"
"legacy.legal.donan.m.dini.siyasi.sendikal.gostergeler.c.661c564e","legal","legal","P0","App/LegalDocuments/Acik-Riza-Beyani.md","24","donanım, dini/siyasi/sendikal göstergeler, çocuk görüntüsü veya benzeri özel nitelikli","","","","","","legal_copy","","legal","inventory.legal.661c564e38d1","extracted","not_started","not_required","not_started","false"
"legacy.legal.kisisel.veri.icerebilecegini.biliyorum.bu..77a7ed1e","legal","legal","P0","App/LegalDocuments/Acik-Riza-Beyani.md","25","kişisel veri içerebileceğini biliyorum. Bu tür verilerin yalnızca analiz, rapor üretimi,","","","","","","legal_copy","","legal","inventory.legal.77a7ed1ee158","extracted","not_started","not_required","not_started","false"
"legacy.legal.guvenlik.ve.destek.amaclar.yla.s.n.rl.olar.98c997c3","legal","legal","P0","App/LegalDocuments/Acik-Riza-Beyani.md","26","güvenlik ve destek amaçlarıyla sınırlı olarak işlenmesine açık rıza veriyorum.","","","","","","legal_copy","","legal","inventory.legal.98c997c328f4","extracted","not_started","not_started","not_started","true"
"legacy.legal.3.yurt.d.s.na.aktar.m.185948d3","legal","legal","P0","App/LegalDocuments/Acik-Riza-Beyani.md","28","3. Yurt dışına aktarım","","","","","","legal_copy","","legal","inventory.legal.185948d398e1","extracted","not_started","not_required","not_started","false"
"legacy.legal.riskdetected.in.ai.analizi.bulut.altyap.s..c9b1046b","legal","legal","P0","App/LegalDocuments/Acik-Riza-Beyani.md","30","RiskDetected'in AI analizi, bulut altyapısı, dosya saklama, kimlik doğrulama, abonelik","","","","","","legal_copy","","legal","inventory.legal.c9b1046b79e9","extracted","not_started","not_required","not_started","false"
"legacy.legal.dogrulama.bildirim.guvenlik.teknik.destek..3e693734","legal","legal","P0","App/LegalDocuments/Acik-Riza-Beyani.md","31","doğrulama, bildirim, güvenlik, teknik destek ve hata giderme süreçlerinde kişisel","","","","","","legal_copy","","legal","inventory.legal.3e693734dd8d","extracted","not_started","not_started","not_started","true"
"legacy.legal.verilerimi.turkiye.d.s.nda.bulunan.hizmet..052821ae","legal","legal","P0","App/LegalDocuments/Acik-Riza-Beyani.md","32","verilerimi Türkiye dışında bulunan hizmet sağlayıcılarına aktarabileceğini ve bu","","","","","","legal_copy","","legal","inventory.legal.052821ae42d3","extracted","not_started","not_required","not_started","false"
"legacy.legal.saglay.c.lar.n.verileri.yurt.d.s.nda.isley.68565389","legal","legal","P0","App/LegalDocuments/Acik-Riza-Beyani.md","33","sağlayıcıların verileri yurt dışında işleyebileceğini anladım. Bu aktarıma açık rıza","","","","","","legal_copy","","legal","inventory.legal.685653893ab7","extracted","not_started","not_required","not_started","false"
"legacy.legal.kullan.labilecek.hizmet.saglay.c.gruplar.s.39dbc9bd","legal","legal","P0","App/LegalDocuments/Acik-Riza-Beyani.md","36","Kullanılabilecek hizmet sağlayıcı grupları Supabase, Google Gemini/Google AI, Groq,","","","","","","legal_copy","","legal","inventory.legal.39dbc9bd1fd2","extracted","not_started","not_required","not_started","false"
"legacy.legal.apple.revenuecat.apple.google.giris.servis.5bcfd100","legal","legal","P0","App/LegalDocuments/Acik-Riza-Beyani.md","37","Apple, RevenueCat, Apple/Google giriş servisleri ve APNs gibi altyapıları içerebilir.","","","","","","legal_copy","","legal","inventory.legal.5bcfd100954b","extracted","not_started","not_required","not_started","false"
"legacy.legal.4.profil.firma.ve.rapor.gorselleri.c4c13394","legal","legal","P0","App/LegalDocuments/Acik-Riza-Beyani.md","39","4. Profil, firma ve rapor görselleri","","","","","","legal_copy","","legal","inventory.legal.c4c13394038a","extracted","not_started","not_required","not_started","false"
"legacy.legal.profil.fotograf.firma.logosu.veya.rapor.go.bcc46ac7","legal","legal","P0","App/LegalDocuments/Acik-Riza-Beyani.md","41","Profil fotoğrafı, firma logosu veya rapor görseli yüklersem, bu görsellerin hesabımda,","","","","","","legal_copy","","legal","inventory.legal.bcc46ac73704","extracted","not_started","not_required","not_started","false"
"legacy.legal.firma.kay.tlar.nda.rapor.c.kt.lar.nda.ve.i.addf469b","legal","legal","P0","App/LegalDocuments/Acik-Riza-Beyani.md","42","firma kayıtlarında, rapor çıktılarında ve ilgili uygulama ekranlarında gösterilmesi","","","","","","legal_copy","","legal","inventory.legal.addf469b07b8","extracted","not_started","not_required","not_started","false"
"legacy.legal.icin.islenmesine.r.za.veriyorum.ucuncu.kis.4907fc3b","legal","legal","P0","App/LegalDocuments/Acik-Riza-Beyani.md","43","için işlenmesine rıza veriyorum. Üçüncü kişilere veya kurumlara ait logo/görsel","","","","","","legal_copy","","legal","inventory.legal.4907fc3bbdc5","extracted","not_started","not_required","not_started","false"
"legacy.legal.kullan.yorsam.gerekli.izinleri.ald.g.m.kab.9d56a5dd","legal","legal","P0","App/LegalDocuments/Acik-Riza-Beyani.md","44","kullanıyorsam gerekli izinleri aldığımı kabul ederim.","","","","","","legal_copy","","legal","inventory.legal.9d56a5ddd908","extracted","not_started","not_required","not_started","false"
"legacy.legal.5.mesleki.ilerleme.ve.bildirimler.6cbed1a0","legal","legal","P0","App/LegalDocuments/Acik-Riza-Beyani.md","46","5. Mesleki ilerleme ve bildirimler","","","","","","legal_copy","","legal","inventory.legal.6cbed1a0049c","extracted","not_started","not_required","not_started","false"
"legacy.legal.analiz.rapor.ve.bulgu.kay.tlar.mdan.mdp.uy.b7ee27ed","legal","legal","P0","App/LegalDocuments/Acik-Riza-Beyani.md","48","Analiz, rapor ve bulgu kayıtlarımdan MDP, uygulama içi ünvan, rozet, yetkinlik","","","","","","legal_copy","","legal","inventory.legal.b7ee27ed0f71","extracted","not_started","not_required","not_started","false"
"legacy.legal.haritas.haftal.k.takip.ve.basar.mesajlar.u.d3e7a763","legal","legal","P0","App/LegalDocuments/Acik-Riza-Beyani.md","49","haritası, haftalık takip ve başarı mesajları üretilmesine rıza veriyorum. Bu","","","","","","legal_copy","","legal","inventory.legal.d3e7a763a7b7","extracted","not_started","not_required","not_started","false"
"legacy.legal.gostergelerin.resmi.sertifika.veya.mesleki.0b28ece2","legal","legal","P0","App/LegalDocuments/Acik-Riza-Beyani.md","50","göstergelerin resmi sertifika veya mesleki yetki olmadığını anlıyorum.","","","","","","legal_copy","","legal","inventory.legal.0b28ece28539","extracted","not_started","not_required","not_started","false"
"legacy.legal.bildirim.izni.verirsem.analiz.tamamland.ra.c488eecc","legal","legal","P0","App/LegalDocuments/Acik-Riza-Beyani.md","52","Bildirim izni verirsem analiz tamamlandı, rapor hazır, hesap durumu, haftalık/aylık","","","","","","legal_copy","","legal","inventory.legal.c488eecce4fa","extracted","not_started","not_required","not_started","false"
"legacy.legal.mesleki.ozet.rozet.ve.unvan.gibi.bildiriml.d1c6d317","legal","legal","P0","App/LegalDocuments/Acik-Riza-Beyani.md","53","mesleki özet, rozet ve ünvan gibi bildirimlerin gönderilebileceğini kabul ederim.","","","","","","legal_copy","","legal","inventory.legal.d1c6d3172963","extracted","not_started","not_required","not_started","false"
"legacy.legal.bildirimleri.ios.ayarlar.ndan.veya.uygulam.1f1990fe","legal","legal","P0","App/LegalDocuments/Acik-Riza-Beyani.md","54","Bildirimleri iOS ayarlarından veya uygulama içinden kapatabilirim.","","","","","","legal_copy","","legal","inventory.legal.1f1990fe6e55","extracted","not_started","not_required","not_started","false"
"legacy.legal.6.ticari.elektronik.ileti.ebc466d1","legal","legal","P0","App/LegalDocuments/Acik-Riza-Beyani.md","56","6. Ticari elektronik ileti","","","","","","legal_copy","","legal","inventory.legal.ebc466d1aa35","extracted","not_started","not_required","not_started","false"
"legacy.legal.riskdetected.in.kampanya.urun.duyurusu.vey.6f444744","legal","legal","P0","App/LegalDocuments/Acik-Riza-Beyani.md","58","RiskDetected'in kampanya, ürün duyurusu veya pazarlama iletişimi göndermesine yalnızca","","","","","","legal_copy","","legal","inventory.legal.6f4447441d9c","extracted","not_started","not_required","not_started","false"
"legacy.legal.ayr.ca.ve.ac.kca.onay.verirsem.r.za.vermis.b48cf419","legal","legal","P0","App/LegalDocuments/Acik-Riza-Beyani.md","59","ayrıca ve açıkça onay verirsem rıza vermiş olurum. Pazarlama rızası varsayılan olarak","","","","","","legal_copy","","legal","inventory.legal.b48cf41939b0","extracted","not_started","not_required","not_started","false"
"legacy.legal.verilmis.say.lmaz.ve.istedigim.zaman.geri..274293cb","legal","legal","P0","App/LegalDocuments/Acik-Riza-Beyani.md","60","verilmiş sayılmaz ve istediğim zaman geri çekilebilir.","","","","","","legal_copy","","legal","inventory.legal.274293cb586e","extracted","not_started","not_required","not_started","false"
"legacy.legal.7.r.zay.geri.cekme.f8a5a543","legal","legal","P0","App/LegalDocuments/Acik-Riza-Beyani.md","62","7. Rızayı geri çekme","","","","","","legal_copy","","legal","inventory.legal.f8a5a543fe9c","extracted","not_started","not_required","not_started","false"
"legacy.legal.ac.k.r.zam.diledigim.zaman.67ef3c1b","legal","legal","P0","App/LegalDocuments/Acik-Riza-Beyani.md","64","Açık rızamı dilediğim zaman","","","","","","legal_copy","","legal","inventory.legal.67ef3c1baa06","extracted","not_started","not_required","not_started","false"
"legacy.legal.info.riskdetected.com.uzerinden.veya.uygul.50fa97ff","legal","legal","P0","App/LegalDocuments/Acik-Riza-Beyani.md","65","info@riskdetected.com üzerinden veya uygulama","","","","","","legal_copy","","legal","inventory.legal.50fa97ff27c5","extracted","not_started","not_required","not_started","false"
"legacy.legal.ici.destek.ayar.kanallar.yla.geri.cekebili.bb587f5b","legal","legal","P0","App/LegalDocuments/Acik-Riza-Beyani.md","66","içi destek/ayar kanallarıyla geri çekebilirim. Rızanın geri çekilmesi, geri çekmeden","","","","","","legal_copy","","legal","inventory.legal.bb587f5bcbd1","extracted","not_started","not_required","not_started","false"
"legacy.legal.once.yap.lan.islemlerin.hukuka.uygunlugunu.d6f79c07","legal","legal","P0","App/LegalDocuments/Acik-Riza-Beyani.md","67","önce yapılan işlemlerin hukuka uygunluğunu etkilemez. Rıza geri çekildiğinde","","","","","","legal_copy","","legal","inventory.legal.d6f79c076b88","extracted","not_started","not_required","not_started","false"
"legacy.legal.fotograf.analizi.rapor.uretimi.avatar.logo.6e277daf","legal","legal","P0","App/LegalDocuments/Acik-Riza-Beyani.md","68","fotoğraf analizi, rapor üretimi, avatar/logo gösterimi, bildirim veya mesleki","","","","","","legal_copy","","legal","inventory.legal.6e277daf2321","extracted","not_started","not_required","not_started","false"
"legacy.legal.ilerleme.gibi.baz.ozellikler.teknik.olarak.11aae29a","legal","legal","P0","App/LegalDocuments/Acik-Riza-Beyani.md","69","ilerleme gibi bazı özellikler teknik olarak sunulamayabilir.","","","","","","legal_copy","","legal","inventory.legal.11aae29a670f","extracted","not_started","not_required","not_started","false"
"legacy.legal.r.za.geri.cekme.islemi.hesap.silme.islemin.a77c200b","legal","legal","P0","App/LegalDocuments/Acik-Riza-Beyani.md","71","Rıza geri çekme işlemi hesap silme işleminden ayrıdır. Hesabımı ve hesabıma bağlı","","","","","","legal_copy","","legal","inventory.legal.a77c200bf6a1","extracted","not_started","not_required","not_started","false"
"legacy.legal.uygulama.verilerini.silmek.istersem.uygula.4235b95e","legal","legal","P0","App/LegalDocuments/Acik-Riza-Beyani.md","72","uygulama verilerini silmek istersem, uygulama içinde Profil > Hesabımı sil / Delete","","","","","","legal_copy","","legal","inventory.legal.4235b95e40f8","extracted","not_started","not_required","not_started","false"
"legacy.legal.account.yolunu.kullanabilirim.hesap.silme..12a22c1a","legal","legal","P0","App/LegalDocuments/Acik-Riza-Beyani.md","73","Account yolunu kullanabilirim. Hesap silme işlemi uygulama içinde başlatılır ve","","","","","","legal_copy","","legal","inventory.legal.12a22c1a6e27","extracted","not_started","not_required","not_started","false"
"legacy.legal.tamamlan.r.e.posta.destek.kanal.veya.web.s.0a25c5b1","legal","legal","P0","App/LegalDocuments/Acik-Riza-Beyani.md","74","tamamlanır; e-posta, destek kanalı veya web sitesi hesap silme için zorunlu değildir.","","","","","","legal_copy","","legal","inventory.legal.0a25c5b185e8","extracted","not_started","not_required","not_started","false"
"legacy.legal.riskdetected.ai.and.data.processing.notice.6a3fbee8","legal","legal","P0","App/LegalDocuments/en/AI-and-Data-Processing-Notice.md","1","RiskDetected AI and Data Processing Notice","","","","","","legal_copy","","legal","inventory.legal.6a3fbee857d2","extracted","not_started","not_required","not_started","false"
"legacy.legal.effective.date.31.july.2026.20b9530d","legal","legal","P0","App/LegalDocuments/en/AI-and-Data-Processing-Notice.md","3","Effective date: 31 July 2026","","","","","","legal_copy","","legal","inventory.legal.20b9530de57d","extracted","not_started","not_required","not_started","false"
"legacy.legal.document.set.en.global.v1.a41280cd","legal","legal","P0","App/LegalDocuments/en/AI-and-Data-Processing-Notice.md","4","Document set: en-global-v1","","","","","","legal_copy","","legal","inventory.legal.a41280cd9dd1","extracted","not_started","not_required","not_started","false"
"legacy.legal.version.ai.data.en.2026.07.31.1.bd24af46","legal","legal","P0","App/LegalDocuments/en/AI-and-Data-Processing-Notice.md","5","Version: ai-data-en-2026-07-31.1","","","","","","legal_copy","","legal","inventory.legal.bd24af46fe66","extracted","not_started","not_required","not_started","false"
"legacy.legal.last.updated.31.july.2026.733e3f71","legal","legal","P0","App/LegalDocuments/en/AI-and-Data-Processing-Notice.md","6","Last updated: 31 July 2026","","","","","","legal_copy","","legal","inventory.legal.733e3f7192af","extracted","not_started","not_required","not_started","false"
"legacy.legal.this.notice.explains.the.ai.processing.use.5e2e6e74","legal","legal","P0","App/LegalDocuments/en/AI-and-Data-Processing-Notice.md","8","This Notice explains the AI processing used by RiskDetected and records the","","","","","","legal_copy","","legal","inventory.legal.5e2e6e74cdc1","extracted","not_started","not_required","not_started","false"
"legacy.legal.explicit.consent.requested.by.the.app.wher.99ab4d91","legal","legal","P0","App/LegalDocuments/en/AI-and-Data-Processing-Notice.md","9","explicit consent requested by the app where consent is the applicable legal","","","","","","legal_copy","","legal","inventory.legal.99ab4d91b841","extracted","not_started","not_required","not_started","false"
"legacy.legal.basis.it.should.be.read.with.the.privacy.p.6c918c8b","legal","legal","P0","App/LegalDocuments/en/AI-and-Data-Processing-Notice.md","10","basis. It should be read with the Privacy Policy and Terms of Use.","","","","","","legal_copy","","legal","inventory.legal.6c918c8b234f","extracted","not_started","not_required","not_started","false"
"legacy.legal.controller.service.provider.9643861d","legal","legal","P0","App/LegalDocuments/en/AI-and-Data-Processing-Notice.md","12","Controller/service provider:","","","","","","legal_copy","","legal","inventory.legal.9643861deca5","extracted","not_started","not_required","not_started","false"
"legacy.legal.tax.identity.number.21832867210.cefcdd13","legal","legal","P0","App/LegalDocuments/en/AI-and-Data-Processing-Notice.md","15","Tax/identity number: 21832867210","","","","","","legal_copy","","legal","inventory.legal.cefcdd137b37","extracted","not_started","not_required","not_started","false"
"legacy.legal.1.what.the.ai.feature.does.2cf71932","legal","legal","P0","App/LegalDocuments/en/AI-and-Data-Processing-Notice.md","20","1. What the AI feature does","","","","","","legal_copy","","legal","inventory.legal.2cf71932efc8","extracted","not_started","not_required","not_started","false"
"legacy.legal.when.you.request.an.analysis.riskdetected..d99a0925","legal","legal","P0","App/LegalDocuments/en/AI-and-Data-Processing-Notice.md","22","When you request an analysis, RiskDetected processes submitted workplace","","","","","","legal_copy","","legal","inventory.legal.d99a092565c9","extracted","not_started","not_required","not_started","false"
"legacy.legal.photographs.and.structured.context.with.au.3b76ec15","legal","legal","P0","App/LegalDocuments/en/AI-and-Data-Processing-Notice.md","23","photographs and structured context with automated systems to:","","","","","","legal_copy","","legal","inventory.legal.3b76ec15a8f3","extracted","not_started","not_required","not_started","false"
"legacy.legal.identify.visible.safety.findings.8595f60b","legal","legal","P0","App/LegalDocuments/en/AI-and-Data-Processing-Notice.md","25","identify visible safety findings;","","","","","","legal_copy","","legal","inventory.legal.8595f60be0b4","extracted","not_started","not_started","not_started","true"
"legacy.legal.suggest.controls.and.follow.up.actions.8e410ef9","legal","legal","P0","App/LegalDocuments/en/AI-and-Data-Processing-Notice.md","26","suggest controls and follow-up actions;","","","","","","legal_copy","","legal","inventory.legal.8e410ef9af41","extracted","not_started","not_required","not_started","false"
"legacy.legal.classify.and.prioritise.risk.7f536ce0","legal","legal","P0","App/LegalDocuments/en/AI-and-Data-Processing-Notice.md","27","classify and prioritise risk;","","","","","","legal_copy","","legal","inventory.legal.7f536ce0989f","extracted","not_started","not_started","not_started","true"
"legacy.legal.prepare.structured.analysis.output.and.313072d6","legal","legal","P0","App/LegalDocuments/en/AI-and-Data-Processing-Notice.md","28","prepare structured analysis output; and","","","","","","legal_copy","","legal","inventory.legal.313072d61285","extracted","not_started","not_required","not_started","false"
"legacy.legal.support.later.pdf.xlsx.report.generation.7ceafac1","legal","legal","P0","App/LegalDocuments/en/AI-and-Data-Processing-Notice.md","29","support later PDF/XLSX report generation.","","","","","","legal_copy","","legal","inventory.legal.7ceafac18c91","extracted","not_started","not_required","not_started","false"
"legacy.legal.new.analyses.use.photographs.selected.from.20b94b1e","legal","legal","P0","App/LegalDocuments/en/AI-and-Data-Processing-Notice.md","31","New analyses use photographs selected from the library or taken with the","","","","","","legal_copy","","legal","inventory.legal.20b94b1e659c","extracted","not_started","not_required","not_started","false"
"legacy.legal.camera.earlier.version.text.inputs.may.con.15d4d68c","legal","legal","P0","App/LegalDocuments/en/AI-and-Data-Processing-Notice.md","32","camera. Earlier-version text inputs may continue to exist only in historical,","","","","","","legal_copy","","legal","inventory.legal.15d4d68c27b2","extracted","not_started","not_required","not_started","false"
"legacy.legal.export.deletion.and.lawful.retention.workf.1e8e1ec0","legal","legal","P0","App/LegalDocuments/en/AI-and-Data-Processing-Notice.md","33","export, deletion and lawful-retention workflows.","","","","","","legal_copy","","legal","inventory.legal.1e8e1ec043cb","extracted","not_started","not_required","not_started","false"
"legacy.legal.2.ai.output.is.decision.support.6aa54d4a","legal","legal","P0","App/LegalDocuments/en/AI-and-Data-Processing-Notice.md","35","2. AI output is decision support","","","","","","legal_copy","","legal","inventory.legal.6aa54d4a8d7b","extracted","not_started","not_required","not_started","false"
"legacy.legal.ai.output.may.be.inaccurate.incomplete.out.47342702","legal","legal","P0","App/LegalDocuments/en/AI-and-Data-Processing-Notice.md","37","AI output may be inaccurate, incomplete, outdated or affected by image","","","","","","legal_copy","","legal","inventory.legal.47342702267e","extracted","not_started","not_required","not_started","false"
"legacy.legal.quality.angle.lighting.missing.context.hid.dea8ddef","legal","legal","P0","App/LegalDocuments/en/AI-and-Data-Processing-Notice.md","38","quality, angle, lighting, missing context, hidden conditions and model","","","","","","legal_copy","","legal","inventory.legal.dea8ddef5f92","extracted","not_started","not_required","not_started","false"
"legacy.legal.limitations.a.hazard.that.is.absent.from.a.894c270a","legal","legal","P0","App/LegalDocuments/en/AI-and-Data-Processing-Notice.md","39","limitations. A hazard that is absent from an output may still exist.","","","","","","legal_copy","","legal","inventory.legal.894c270ac601","extracted","not_started","not_started","not_started","true"
"legacy.legal.riskdetected.does.not.certify.that.a.workp.61fda54e","legal","legal","P0","App/LegalDocuments/en/AI-and-Data-Processing-Notice.md","41","RiskDetected does not certify that a workplace is safe, compliant or free","","","","","","legal_copy","","legal","inventory.legal.61fda54e009f","extracted","not_started","not_required","not_started","false"
"legacy.legal.from.hazards.it.does.not.provide.an.offici.5f7620a5","legal","legal","P0","App/LegalDocuments/en/AI-and-Data-Processing-Notice.md","42","from hazards. It does not provide an official inspection, expert report,","","","","","","legal_copy","","legal","inventory.legal.5f7620a5969f","extracted","not_started","not_started","not_started","true"
"legacy.legal.engineering.determination.medical.advice.o.0ab6e030","legal","legal","P0","App/LegalDocuments/en/AI-and-Data-Processing-Notice.md","43","engineering determination, medical advice or legal opinion.","","","","","","legal_copy","","legal","inventory.legal.0ab6e03028b7","extracted","not_started","not_required","not_started","false"
"legacy.legal.a.competent.person.must.inspect.the.actual.3de3fc05","legal","legal","P0","App/LegalDocuments/en/AI-and-Data-Processing-Notice.md","45","A competent person must inspect the actual workplace and verify every","","","","","","legal_copy","","legal","inventory.legal.3de3fc057b6e","extracted","not_started","not_required","not_started","false"
"legacy.legal.finding.score.recommendation.and.report.be.5b10c195","legal","legal","P0","App/LegalDocuments/en/AI-and-Data-Processing-Notice.md","46","finding, score, recommendation and report before a decision is made. Serious","","","","","","legal_copy","","legal","inventory.legal.5b10c1956663","extracted","not_started","not_required","not_started","false"
"legacy.legal.or.imminent.hazards.require.immediate.site.5b5a6230","legal","legal","P0","App/LegalDocuments/en/AI-and-Data-Processing-Notice.md","47","or imminent hazards require immediate site procedures and qualified human","","","","","","legal_copy","","legal","inventory.legal.5b5a6230682d","extracted","not_started","not_required","not_started","false"
"legacy.legal.action.do.not.rely.on.the.app.alone.dc99669a","legal","legal","P0","App/LegalDocuments/en/AI-and-Data-Processing-Notice.md","48","action; do not rely on the app alone.","","","","","","legal_copy","","legal","inventory.legal.dc99669af42c","extracted","not_started","not_required","not_started","false"
"legacy.legal.3.information.processed.for.ai.analysis.13eb896b","legal","legal","P0","App/LegalDocuments/en/AI-and-Data-Processing-Notice.md","50","3. Information processed for AI analysis","","","","","","legal_copy","","legal","inventory.legal.13eb896b53fb","extracted","not_started","not_required","not_started","false"
"legacy.legal.ai.processing.can.include.4ca62e5c","legal","legal","P0","App/LegalDocuments/en/AI-and-Data-Processing-Notice.md","52","AI processing can include:","","","","","","legal_copy","","legal","inventory.legal.4ca62e5c3c89","extracted","not_started","not_required","not_started","false"
"legacy.legal.the.submitted.photographs.and.visible.cont.1cfcccd6","legal","legal","P0","App/LegalDocuments/en/AI-and-Data-Processing-Notice.md","54","the submitted photographs and visible content;","","","","","","legal_copy","","legal","inventory.legal.1cfcccd6adb5","extracted","not_started","not_required","not_started","false"
"legacy.legal.your.selected.analysis.method.canvas.or.wo.2b065324","legal","legal","P0","App/LegalDocuments/en/AI-and-Data-Processing-Notice.md","55","your selected analysis method, canvas or work context;","","","","","","legal_copy","","legal","inventory.legal.2b065324dec2","extracted","not_started","not_required","not_started","false"
"legacy.legal.the.app.language.content.locale.and.explic.fcab5152","legal","legal","P0","App/LegalDocuments/en/AI-and-Data-Processing-Notice.md","56","the app language, content locale and explicitly selected safety profile or","","","","","","legal_copy","","legal","inventory.legal.fcab515296e9","extracted","not_started","not_started","not_started","true"
"legacy.legal.work.jurisdiction.f00dd3b2","legal","legal","P0","App/LegalDocuments/en/AI-and-Data-Processing-Notice.md","57","work jurisdiction;","","","","","","legal_copy","","legal","inventory.legal.f00dd3b29be4","extracted","not_started","not_required","not_started","false"
"legacy.legal.limited.onboarding.context.that.you.choose.9224d069","legal","legal","P0","App/LegalDocuments/en/AI-and-Data-Processing-Notice.md","58","limited onboarding context that you choose to provide;","","","","","","legal_copy","","legal","inventory.legal.9224d069c106","extracted","not_started","not_required","not_started","false"
"legacy.legal.machine.readable.image.and.request.metadat.5e206218","legal","legal","P0","App/LegalDocuments/en/AI-and-Data-Processing-Notice.md","59","machine-readable image and request metadata needed to perform and secure","","","","","","legal_copy","","legal","inventory.legal.5e20621853c4","extracted","not_started","not_required","not_started","false"
"legacy.legal.the.analysis.and.e9b42711","legal","legal","P0","App/LegalDocuments/en/AI-and-Data-Processing-Notice.md","60","the analysis; and","","","","","","legal_copy","","legal","inventory.legal.e9b42711e1c2","extracted","not_started","not_required","not_started","false"
"legacy.legal.output.validation.provider.model.token.lat.9931c0c8","legal","legal","P0","App/LegalDocuments/en/AI-and-Data-Processing-Notice.md","61","output validation, provider/model, token, latency, failure and fallback","","","","","","legal_copy","","legal","inventory.legal.9931c0c8536c","extracted","not_started","not_required","not_started","false"
"legacy.legal.the.app.is.designed.to.reduce.exif.locatio.17146300","legal","legal","P0","App/LegalDocuments/en/AI-and-Data-Processing-Notice.md","64","The app is designed to reduce EXIF, location and camera metadata before","","","","","","legal_copy","","legal","inventory.legal.1714630037a7","extracted","not_started","not_required","not_started","false"
"legacy.legal.analysis.visible.content.in.the.photograph.2a047b93","legal","legal","P0","App/LegalDocuments/en/AI-and-Data-Processing-Notice.md","65","analysis. Visible content in the photograph remains available to the AI","","","","","","legal_copy","","legal","inventory.legal.2a047b93e042","extracted","not_started","not_required","not_started","false"
"legacy.legal.4.sensitive.and.third.party.information.ff6ef601","legal","legal","P0","App/LegalDocuments/en/AI-and-Data-Processing-Notice.md","68","4. Sensitive and third-party information","","","","","","legal_copy","","legal","inventory.legal.ff6ef601f1f1","extracted","not_started","not_required","not_started","false"
"legacy.legal.photographs.may.show.employees.visitors.fa.b093d5b3","legal","legal","P0","App/LegalDocuments/en/AI-and-Data-Processing-Notice.md","70","Photographs may show employees, visitors, faces, injuries, health conditions,","","","","","","legal_copy","","legal","inventory.legal.b093d5b36f58","extracted","not_started","not_started","not_started","true"
"legacy.legal.disability.personal.protective.equipment.r.bbeb971f","legal","legal","P0","App/LegalDocuments/en/AI-and-Data-Processing-Notice.md","71","disability, personal protective equipment, religious, political or union","","","","","","legal_copy","","legal","inventory.legal.bbeb971fff0a","extracted","not_started","not_required","not_started","false"
"legacy.legal.indicators.children.vehicle.plates.company.b6778cb5","legal","legal","P0","App/LegalDocuments/en/AI-and-Data-Processing-Notice.md","72","indicators, children, vehicle plates, company signs, private premises, trade","","","","","","legal_copy","","legal","inventory.legal.b6778cb5b3b6","extracted","not_started","not_required","not_started","false"
"legacy.legal.secrets.or.other.sensitive.information.9e84069a","legal","legal","P0","App/LegalDocuments/en/AI-and-Data-Processing-Notice.md","73","secrets or other sensitive information.","","","","","","legal_copy","","legal","inventory.legal.9e84069aff7a","extracted","not_started","not_required","not_started","false"
"legacy.legal.riskdetected.does.not.request.facial.recog.f45b761c","legal","legal","P0","App/LegalDocuments/en/AI-and-Data-Processing-Notice.md","75","RiskDetected does not request facial recognition or biometric identification.","","","","","","legal_copy","","legal","inventory.legal.f45b761cc89e","extracted","not_started","not_required","not_started","false"
"legacy.legal.however.visible.content.can.still.be.perso.6945bd43","legal","legal","P0","App/LegalDocuments/en/AI-and-Data-Processing-Notice.md","76","However, visible content can still be personal or sensitive information.","","","","","","legal_copy","","legal","inventory.legal.6945bd437476","extracted","not_started","not_required","not_started","false"
"legacy.legal.before.submitting.content.you.must.7f654754","legal","legal","P0","App/LegalDocuments/en/AI-and-Data-Processing-Notice.md","78","Before submitting content, you must:","","","","","","legal_copy","","legal","inventory.legal.7f654754f140","extracted","not_started","not_required","not_started","false"
"legacy.legal.have.lawful.authority.to.collect.analyse.s.512bcaba","legal","legal","P0","App/LegalDocuments/en/AI-and-Data-Processing-Notice.md","80","have lawful authority to collect, analyse, store and report it;","","","","","","legal_copy","","legal","inventory.legal.512bcaba21b7","extracted","not_started","not_required","not_started","false"
"legacy.legal.provide.required.notices.and.obtain.permis.17ba05b7","legal","legal","P0","App/LegalDocuments/en/AI-and-Data-Processing-Notice.md","81","provide required notices and obtain permissions or consents from affected","","","","","","legal_copy","","legal","inventory.legal.17ba05b7a728","extracted","not_started","not_required","not_started","false"
"legacy.legal.obtain.workplace.employer.site.owner.and.c.c563fb49","legal","legal","P0","App/LegalDocuments/en/AI-and-Data-Processing-Notice.md","83","obtain workplace, employer, site-owner and confidentiality approvals where","","","","","","legal_copy","","legal","inventory.legal.c563fb49d2a3","extracted","not_started","not_required","not_started","false"
"legacy.legal.required.and.1d348cdc","legal","legal","P0","App/LegalDocuments/en/AI-and-Data-Processing-Notice.md","84","required; and","","","","","","legal_copy","","legal","inventory.legal.1d348cdc52f6","extracted","not_started","not_required","not_started","false"
"legacy.legal.minimise.unnecessary.personal.sensitive.an.322a3696","legal","legal","P0","App/LegalDocuments/en/AI-and-Data-Processing-Notice.md","85","minimise unnecessary personal, sensitive and confidential information.","","","","","","legal_copy","","legal","inventory.legal.322a36962885","extracted","not_started","not_required","not_started","false"
"legacy.legal.do.not.submit.credentials.payment.card.inf.e9043c67","legal","legal","P0","App/LegalDocuments/en/AI-and-Data-Processing-Notice.md","87","Do not submit credentials, payment-card information, identity documents or","","","","","","legal_copy","","legal","inventory.legal.e9043c671214","extracted","not_started","not_required","not_started","false"
"legacy.legal.content.that.you.are.not.authorised.to.pro.0da1f518","legal","legal","P0","App/LegalDocuments/en/AI-and-Data-Processing-Notice.md","88","content that you are not authorised to process.","","","","","","legal_copy","","legal","inventory.legal.0da1f518bd8f","extracted","not_started","not_required","not_started","false"
"legacy.legal.5.providers.and.international.processing.57697296","legal","legal","P0","App/LegalDocuments/en/AI-and-Data-Processing-Notice.md","90","5. Providers and international processing","","","","","","legal_copy","","legal","inventory.legal.576972969875","extracted","not_started","not_required","not_started","false"
"legacy.legal.ai.requests.are.sent.through.riskdetected..038b2ff4","legal","legal","P0","App/LegalDocuments/en/AI-and-Data-Processing-Notice.md","92","AI requests are sent through RiskDetected’s Supabase backend. Configured","","","","","","legal_copy","","legal","inventory.legal.038b2ff42808","extracted","not_started","not_required","not_started","false"
"legacy.legal.providers.may.include.743260bb","legal","legal","P0","App/LegalDocuments/en/AI-and-Data-Processing-Notice.md","93","providers may include:","","","","","","legal_copy","","legal","inventory.legal.743260bb3522","extracted","not_started","not_required","not_started","false"
"legacy.legal.google.gemini.google.ai.for.requested.anal.0367e5f4","legal","legal","P0","App/LegalDocuments/en/AI-and-Data-Processing-Notice.md","95","Google Gemini/Google AI for requested analysis; and","","","","","","legal_copy","","legal","inventory.legal.0367e5f468c4","extracted","not_started","not_required","not_started","false"
"legacy.legal.groq.or.another.approved.compatible.provid.c4e340b5","legal","legal","P0","App/LegalDocuments/en/AI-and-Data-Processing-Notice.md","96","Groq or another approved compatible provider for continuity or fallback.","","","","","","legal_copy","","legal","inventory.legal.c4e340b508df","extracted","not_started","not_required","not_started","false"
"legacy.legal.provider.selection.can.depend.on.plan.enti.adac7ed2","legal","legal","P0","App/LegalDocuments/en/AI-and-Data-Processing-Notice.md","98","Provider selection can depend on plan entitlement, availability, quality","","","","","","legal_copy","","legal","inventory.legal.adac7ed24fb1","extracted","not_started","not_required","not_started","false"
"legacy.legal.validation.and.service.continuity.provider.e8f96213","legal","legal","P0","App/LegalDocuments/en/AI-and-Data-Processing-Notice.md","99","validation and service continuity. Provider changes do not change your","","","","","","legal_copy","","legal","inventory.legal.e8f96213d988","extracted","not_started","not_required","not_started","false"
"legacy.legal.subscription.tier.or.grant.additional.paid.08015d79","legal","legal","P0","App/LegalDocuments/en/AI-and-Data-Processing-Notice.md","100","subscription tier or grant additional paid features.","","","","","","legal_copy","","legal","inventory.legal.08015d792262","extracted","not_started","not_required","not_started","false"
"legacy.legal.riskdetected.and.its.providers.may.process.2a58ceff","legal","legal","P0","App/LegalDocuments/en/AI-and-Data-Processing-Notice.md","102","RiskDetected and its providers may process information in Türkiye, the United","","","","","","legal_copy","","legal","inventory.legal.2a58ceff7740","extracted","not_started","not_required","not_started","false"
"legacy.legal.states.the.european.economic.area.and.othe.b1744d10","legal","legal","P0","App/LegalDocuments/en/AI-and-Data-Processing-Notice.md","103","States, the European Economic Area and other countries in which providers or","","","","","","legal_copy","","legal","inventory.legal.b1744d10dcb2","extracted","not_started","not_required","not_started","false"
"legacy.legal.their.subprocessors.operate.where.required.7c8572ea","legal","legal","P0","App/LegalDocuments/en/AI-and-Data-Processing-Notice.md","104","their subprocessors operate. Where required, transfers rely on applicable","","","","","","legal_copy","","legal","inventory.legal.7c8572ea0f3f","extracted","not_started","not_required","not_started","false"
"legacy.legal.adequacy.decisions.contractual.safeguards..8ea72395","legal","legal","P0","App/LegalDocuments/en/AI-and-Data-Processing-Notice.md","105","adequacy decisions, contractual safeguards, provider data-processing terms,","","","","","","legal_copy","","legal","inventory.legal.8ea723959cd4","extracted","not_started","not_required","not_started","false"
"legacy.legal.statutory.exceptions.or.explicit.consent.8a4e4c55","legal","legal","P0","App/LegalDocuments/en/AI-and-Data-Processing-Notice.md","106","statutory exceptions or explicit consent.","","","","","","legal_copy","","legal","inventory.legal.8a4e4c553119","extracted","not_started","not_required","not_started","false"
"legacy.legal.6.data.minimisation.and.provider.use.63324e55","legal","legal","P0","App/LegalDocuments/en/AI-and-Data-Processing-Notice.md","108","6. Data minimisation and provider use","","","","","","legal_copy","","legal","inventory.legal.63324e555446","extracted","not_started","not_required","not_started","false"
"legacy.legal.riskdetected.aims.to.transmit.only.content.dd8a1449","legal","legal","P0","App/LegalDocuments/en/AI-and-Data-Processing-Notice.md","110","RiskDetected aims to transmit only content and context needed for the","","","","","","legal_copy","","legal","inventory.legal.dd8a1449f5fc","extracted","not_started","not_required","not_started","false"
"legacy.legal.requested.analysis.submitted.workplace.con.c3aeddaa","legal","legal","P0","App/LegalDocuments/en/AI-and-Data-Processing-Notice.md","111","requested analysis. Submitted workplace content is not provided to service","","","","","","legal_copy","","legal","inventory.legal.c3aeddaaa332","extracted","not_started","not_required","not_started","false"
"legacy.legal.providers.for.unrelated.advertising.b54068a6","legal","legal","P0","App/LegalDocuments/en/AI-and-Data-Processing-Notice.md","112","providers for unrelated advertising.","","","","","","legal_copy","","legal","inventory.legal.b54068a6067e","extracted","not_started","not_required","not_started","false"
"legacy.legal.you.should.crop.or.frame.photographs.to.ex.a33e96d0","legal","legal","P0","App/LegalDocuments/en/AI-and-Data-Processing-Notice.md","114","You should crop or frame photographs to exclude people, personal documents,","","","","","","legal_copy","","legal","inventory.legal.a33e96d0ef5b","extracted","not_started","not_required","not_started","false"
"legacy.legal.screens.vehicle.plates.sensitive.work.area.146d07c1","legal","legal","P0","App/LegalDocuments/en/AI-and-Data-Processing-Notice.md","115","screens, vehicle plates, sensitive work areas and confidential information","","","","","","legal_copy","","legal","inventory.legal.146d07c153b6","extracted","not_started","not_required","not_started","false"
"legacy.legal.that.are.not.necessary.for.the.safety.anal.edffd516","legal","legal","P0","App/LegalDocuments/en/AI-and-Data-Processing-Notice.md","116","that are not necessary for the safety analysis.","","","","","","legal_copy","","legal","inventory.legal.edffd516608c","extracted","not_started","not_started","not_started","true"
"legacy.legal.7.human.review.and.user.edits.6e68b905","legal","legal","P0","App/LegalDocuments/en/AI-and-Data-Processing-Notice.md","118","7. Human review and user edits","","","","","","legal_copy","","legal","inventory.legal.6e68b905c517","extracted","not_started","not_required","not_started","false"
"legacy.legal.users.can.review.and.where.supported.edit..b1d1ae5b","legal","legal","P0","App/LegalDocuments/en/AI-and-Data-Processing-Notice.md","120","Users can review and, where supported, edit findings before generating later","","","","","","legal_copy","","legal","inventory.legal.b1d1ae5b15d3","extracted","not_started","not_required","not_started","false"
"legacy.legal.reports.the.analysis.version.user.edits.an.3c05b7c4","legal","legal","P0","App/LegalDocuments/en/AI-and-Data-Processing-Notice.md","121","reports. The analysis version, user edits and report snapshot may be retained","","","","","","legal_copy","","legal","inventory.legal.3c05b7c4417a","extracted","not_started","not_required","not_started","false"
"legacy.legal.for.auditability.support.and.record.integr.d929e98d","legal","legal","P0","App/LegalDocuments/en/AI-and-Data-Processing-Notice.md","122","for auditability, support and record integrity.","","","","","","legal_copy","","legal","inventory.legal.d929e98ddb81","extracted","not_started","not_required","not_started","false"
"legacy.legal.riskdetected.s.ai.does.not.make.a.solely.a.3c09f074","legal","legal","P0","App/LegalDocuments/en/AI-and-Data-Processing-Notice.md","124","RiskDetected’s AI does not make a solely automated decision that has legal or","","","","","","legal_copy","","legal","inventory.legal.3c09f0747c4f","extracted","not_started","not_required","not_started","false"
"legacy.legal.similarly.significant.effects.on.a.person..75298fcd","legal","legal","P0","App/LegalDocuments/en/AI-and-Data-Processing-Notice.md","125","similarly significant effects on a person. The user and the relevant","","","","","","legal_copy","","legal","inventory.legal.75298fcd2add","extracted","not_started","not_required","not_started","false"
"legacy.legal.competent.professional.remain.responsible..c04a77dc","legal","legal","P0","App/LegalDocuments/en/AI-and-Data-Processing-Notice.md","126","competent professional remain responsible for workplace decisions.","","","","","","legal_copy","","legal","inventory.legal.c04a77dcea09","extracted","not_started","not_required","not_started","false"
"legacy.legal.8.retention.and.deletion.088b6422","legal","legal","P0","App/LegalDocuments/en/AI-and-Data-Processing-Notice.md","128","8. Retention and deletion","","","","","","legal_copy","","legal","inventory.legal.088b64221f95","extracted","not_started","not_required","not_started","false"
"legacy.legal.current.retention.rules.relevant.to.ai.pro.8e1450f7","legal","legal","P0","App/LegalDocuments/en/AI-and-Data-Processing-Notice.md","130","Current retention rules relevant to AI processing are:","","","","","","legal_copy","","legal","inventory.legal.8e1450f7b2b4","extracted","not_started","not_required","not_started","false"
"legacy.legal.free.analysis.photographs.7.days.9c1993bf","legal","legal","P0","App/LegalDocuments/en/AI-and-Data-Processing-Notice.md","132","Free analysis photographs: 7 days.","","","","","","legal_copy","","legal","inventory.legal.9c1993bf0dba","extracted","not_started","not_required","not_started","false"
"legacy.legal.plus.analysis.photographs.30.days.90063532","legal","legal","P0","App/LegalDocuments/en/AI-and-Data-Processing-Notice.md","133","Plus analysis photographs: 30 days.","","","","","","legal_copy","","legal","inventory.legal.90063532292d","extracted","not_started","not_required","not_started","false"
"legacy.legal.pro.analysis.photographs.while.the.account.b1bd4d3b","legal","legal","P0","App/LegalDocuments/en/AI-and-Data-Processing-Notice.md","134","Pro analysis photographs: while the account remains active or until the","","","","","","legal_copy","","legal","inventory.legal.b1bd4d3b93a9","extracted","not_started","not_required","not_started","false"
"legacy.legal.user.deletes.them.subject.to.technical.del.bdd0a5c8","legal","legal","P0","App/LegalDocuments/en/AI-and-Data-Processing-Notice.md","135","user deletes them, subject to technical deletion and lawful retention.","","","","","","legal_copy","","legal","inventory.legal.bdd0a5c8b1b9","extracted","not_started","not_required","not_started","false"
"legacy.legal.raw.ai.responses.and.ai.audit.records.30.d.0fc8f479","legal","legal","P0","App/LegalDocuments/en/AI-and-Data-Processing-Notice.md","136","Raw AI responses and AI audit records: 30 days.","","","","","","legal_copy","","legal","inventory.legal.0fc8f479e6c0","extracted","not_started","not_required","not_started","false"
"legacy.legal.analysis.results.and.findings.until.the.us.39271510","legal","legal","P0","App/LegalDocuments/en/AI-and-Data-Processing-Notice.md","137","Analysis results and findings: until the user deletes them, the account is","","","","","","legal_copy","","legal","inventory.legal.39271510228d","extracted","not_started","not_required","not_started","false"
"legacy.legal.deleted.or.the.processing.purpose.ends.8153b259","legal","legal","P0","App/LegalDocuments/en/AI-and-Data-Processing-Notice.md","138","deleted or the processing purpose ends.","","","","","","legal_copy","","legal","inventory.legal.8153b2591b98","extracted","not_started","not_required","not_started","false"
"legacy.legal.you.can.delete.supported.analyses.in.the.a.56b1c0ac","legal","legal","P0","App/LegalDocuments/en/AI-and-Data-Processing-Notice.md","140","You can delete supported analyses in the app and delete the account through","","","","","","legal_copy","","legal","inventory.legal.56b1c0ac6e42","extracted","not_started","not_required","not_started","false"
"legacy.legal.profile.delete.account.limited.legal.secur.4d4d122b","legal","legal","P0","App/LegalDocuments/en/AI-and-Data-Processing-Notice.md","141","Profile > Delete Account. Limited legal, security, dispute and backup","","","","","","legal_copy","","legal","inventory.legal.4d4d122bcd3c","extracted","not_started","not_required","not_started","false"
"legacy.legal.exceptions.are.described.in.the.privacy.po.f3bac495","legal","legal","P0","App/LegalDocuments/en/AI-and-Data-Processing-Notice.md","142","exceptions are described in the Privacy Policy.","","","","","","legal_copy","","legal","inventory.legal.f3bac495f52a","extracted","not_started","not_required","not_started","false"
"legacy.legal.9.explicit.consent.9e564a4d","legal","legal","P0","App/LegalDocuments/en/AI-and-Data-Processing-Notice.md","144","9. Explicit consent","","","","","","legal_copy","","legal","inventory.legal.9e564a4deaf2","extracted","not_started","not_required","not_started","false"
"legacy.legal.by.selecting.the.app.control.that.states.y.9df1a256","legal","legal","P0","App/LegalDocuments/en/AI-and-Data-Processing-Notice.md","146","By selecting the app control that states you agree to this Notice, you","","","","","","legal_copy","","legal","inventory.legal.9df1a2569eef","extracted","not_started","not_started","not_started","true"
"legacy.legal.expressly.consent.where.consent.is.the.app.9a263271","legal","legal","P0","App/LegalDocuments/en/AI-and-Data-Processing-Notice.md","147","expressly consent, where consent is the applicable legal basis, to:","","","","","","legal_copy","","legal","inventory.legal.9a2632719040","extracted","not_started","not_required","not_started","false"
"legacy.legal.1.processing.the.photographs.and.context.y.8af2386d","legal","legal","P0","App/LegalDocuments/en/AI-and-Data-Processing-Notice.md","149","1. processing the photographs and context you submit to produce the requested","","","","","","legal_copy","","legal","inventory.legal.8af2386de7f5","extracted","not_started","not_required","not_started","false"
"legacy.legal.ai.assisted.safety.analysis.and.reports.1bb794d0","legal","legal","P0","App/LegalDocuments/en/AI-and-Data-Processing-Notice.md","150","AI-assisted safety analysis and reports;","","","","","","legal_copy","","legal","inventory.legal.1bb794d08e7c","extracted","not_started","not_started","not_started","true"
"legacy.legal.2.processing.personal.or.sensitive.informa.9b467617","legal","legal","P0","App/LegalDocuments/en/AI-and-Data-Processing-Notice.md","151","2. processing personal or sensitive information that may be visibly present","","","","","","legal_copy","","legal","inventory.legal.9b467617f405","extracted","not_started","not_required","not_started","false"
"legacy.legal.in.that.content.for.the.same.limited.purpo.34440b11","legal","legal","P0","App/LegalDocuments/en/AI-and-Data-Processing-Notice.md","152","in that content for the same limited purpose; and","","","","","","legal_copy","","legal","inventory.legal.34440b112c44","extracted","not_started","not_required","not_started","false"
"legacy.legal.3.transferring.that.information.to.the.pro.d1d7a73f","legal","legal","P0","App/LegalDocuments/en/AI-and-Data-Processing-Notice.md","153","3. transferring that information to the providers and countries described in","","","","","","legal_copy","","legal","inventory.legal.d1d7a73f5e0c","extracted","not_started","not_required","not_started","false"
"legacy.legal.this.notice.where.explicit.consent.is.the..c3327051","legal","legal","P0","App/LegalDocuments/en/AI-and-Data-Processing-Notice.md","154","this Notice where explicit consent is the applicable transfer mechanism.","","","","","","legal_copy","","legal","inventory.legal.c332705175da","extracted","not_started","not_required","not_started","false"
"legacy.legal.this.consent.does.not.authorise.marketing..1cd25607","legal","legal","P0","App/LegalDocuments/en/AI-and-Data-Processing-Notice.md","156","This consent does not authorise marketing, public advertising, facial","","","","","","legal_copy","","legal","inventory.legal.1cd25607cf2b","extracted","not_started","not_required","not_started","false"
"legacy.legal.recognition.biometric.identification.or.un.3b51a12d","legal","legal","P0","App/LegalDocuments/en/AI-and-Data-Processing-Notice.md","157","recognition, biometric identification or unrelated use of submitted content.","","","","","","legal_copy","","legal","inventory.legal.3b51a12d27e5","extracted","not_started","not_required","not_started","false"
"legacy.legal.do.not.provide.consent.or.submit.content.o.b791e6d2","legal","legal","P0","App/LegalDocuments/en/AI-and-Data-Processing-Notice.md","159","Do not provide consent or submit content on behalf of another person unless","","","","","","legal_copy","","legal","inventory.legal.b791e6d284bd","extracted","not_started","not_required","not_started","false"
"legacy.legal.you.have.authority.to.do.so.if.you.do.not..30b3e2c6","legal","legal","P0","App/LegalDocuments/en/AI-and-Data-Processing-Notice.md","160","you have authority to do so. If you do not consent where consent is required,","","","","","","legal_copy","","legal","inventory.legal.30b3e2c66ecc","extracted","not_started","not_required","not_started","false"
"legacy.legal.do.not.start.an.ai.analysis.the.relevant.a.7ed274ed","legal","legal","P0","App/LegalDocuments/en/AI-and-Data-Processing-Notice.md","161","do not start an AI analysis; the relevant AI and report features may be","","","","","","legal_copy","","legal","inventory.legal.7ed274edcb7d","extracted","not_started","not_required","not_started","false"
"legacy.legal.10.withdrawing.consent.432e0412","legal","legal","P0","App/LegalDocuments/en/AI-and-Data-Processing-Notice.md","164","10. Withdrawing consent","","","","","","legal_copy","","legal","inventory.legal.432e0412d4cc","extracted","not_started","not_required","not_started","false"
"legacy.legal.you.can.withdraw.consent.for.future.proces.626b5c91","legal","legal","P0","App/LegalDocuments/en/AI-and-Data-Processing-Notice.md","166","You can withdraw consent for future processing at any time through Profile >","","","","","","legal_copy","","legal","inventory.legal.626b5c913213","extracted","not_started","not_required","not_started","false"
"legacy.legal.support.or.info.riskdetected.com.withdrawa.edfc490e","legal","legal","P0","App/LegalDocuments/en/AI-and-Data-Processing-Notice.md","167","Support or info@riskdetected.com. Withdrawal does not affect processing that","","","","","","legal_copy","","legal","inventory.legal.edfc490e1625","extracted","not_started","not_required","not_started","false"
"legacy.legal.was.lawful.before.withdrawal.34ab49d3","legal","legal","P0","App/LegalDocuments/en/AI-and-Data-Processing-Notice.md","168","was lawful before withdrawal.","","","","","","legal_copy","","legal","inventory.legal.34ab49d32f1c","extracted","not_started","not_required","not_started","false"
"legacy.legal.because.submitted.content.is.necessary.for.6da398fa","legal","legal","P0","App/LegalDocuments/en/AI-and-Data-Processing-Notice.md","170","Because submitted content is necessary for the requested AI analysis,","","","","","","legal_copy","","legal","inventory.legal.6da398fa94be","extracted","not_started","not_required","not_started","false"
"legacy.legal.withdrawal.may.prevent.new.analyses.or.rel.e54c44e2","legal","legal","P0","App/LegalDocuments/en/AI-and-Data-Processing-Notice.md","171","withdrawal may prevent new analyses or related reports. Withdrawal is","","","","","","legal_copy","","legal","inventory.legal.e54c44e28339","extracted","not_started","not_required","not_started","false"
"legacy.legal.separate.from.account.deletion.use.profile.d0bcd7e4","legal","legal","P0","App/LegalDocuments/en/AI-and-Data-Processing-Notice.md","172","separate from account deletion. Use Profile > Delete Account to delete the","","","","","","legal_copy","","legal","inventory.legal.d0bcd7e4f72b","extracted","not_started","not_required","not_started","false"
"legacy.legal.account.and.associated.app.data.subject.to.99cc8e4b","legal","legal","P0","App/LegalDocuments/en/AI-and-Data-Processing-Notice.md","173","account and associated app data, subject to the exceptions in the Privacy","","","","","","legal_copy","","legal","inventory.legal.99cc8e4b4675","extracted","not_started","not_required","not_started","false"
"legacy.legal.email.info.riskdetected.com.7f274bb8","legal","legal","P0","App/LegalDocuments/en/AI-and-Data-Processing-Notice.md","178","Email: info@riskdetected.com","","","","","","legal_copy","","legal","inventory.legal.7f274bb80fcf","extracted","not_started","not_required","not_started","false"
"legacy.legal.address.eskisehir.turkiye.98bc790b","legal","legal","P0","App/LegalDocuments/en/AI-and-Data-Processing-Notice.md","179","Address: Eskişehir, Türkiye","","","","","","legal_copy","","legal","inventory.legal.98bc790b6710","extracted","not_started","not_required","not_started","false"
"legacy.legal.website.https.riskdetected.com.92cbe6bb","legal","legal","P0","App/LegalDocuments/en/AI-and-Data-Processing-Notice.md","180","Website: https://riskdetected.com","","","","","","legal_copy","","legal","inventory.legal.92cbe6bb71e8","extracted","not_started","not_required","not_started","false"
"legacy.legal.in.app.support.profile.support.96537557","legal","legal","P0","App/LegalDocuments/en/AI-and-Data-Processing-Notice.md","181","In-app support: Profile > Support","","","","","","legal_copy","","legal","inventory.legal.9653755727ed","extracted","not_started","not_required","not_started","false"
"legacy.legal.for.account.deletion.use.profile.delete.ac.f8ebfd83","legal","legal","P0","App/LegalDocuments/en/AI-and-Data-Processing-Notice.md","183","For account deletion, use Profile > Delete Account; an email or support","","","","","","legal_copy","","legal","inventory.legal.f8ebfd83b3a3","extracted","not_started","not_required","not_started","false"
"legacy.legal.request.is.not.required.2aac5f1f","legal","legal","P0","App/LegalDocuments/en/AI-and-Data-Processing-Notice.md","184","request is not required.","","","","","","legal_copy","","legal","inventory.legal.2aac5f1f88e7","extracted","not_started","not_required","not_started","false"
"legacy.legal.riskdetected.privacy.policy.8d4d32f6","legal","legal","P0","App/LegalDocuments/en/Privacy-Policy.md","1","RiskDetected Privacy Policy","","","","","","legal_copy","","legal","inventory.legal.8d4d32f6318c","extracted","not_started","not_required","not_started","false"
"legacy.legal.effective.date.31.july.2026.c9178757","legal","legal","P0","App/LegalDocuments/en/Privacy-Policy.md","3","Effective date: 31 July 2026","","","","","","legal_copy","","legal","inventory.legal.c9178757ce78","extracted","not_started","not_required","not_started","false"
"legacy.legal.document.set.en.global.v1.f4dbf83b","legal","legal","P0","App/LegalDocuments/en/Privacy-Policy.md","4","Document set: en-global-v1","","","","","","legal_copy","","legal","inventory.legal.f4dbf83be17d","extracted","not_started","not_required","not_started","false"
"legacy.legal.version.privacy.en.2026.07.31.1.8a94f13d","legal","legal","P0","App/LegalDocuments/en/Privacy-Policy.md","5","Version: privacy-en-2026-07-31.1","","","","","","legal_copy","","legal","inventory.legal.8a94f13dfa58","extracted","not_started","not_required","not_started","false"
"legacy.legal.last.updated.31.july.2026.0f36a6d6","legal","legal","P0","App/LegalDocuments/en/Privacy-Policy.md","6","Last updated: 31 July 2026","","","","","","legal_copy","","legal","inventory.legal.0f36a6d62334","extracted","not_started","not_required","not_started","false"
"legacy.legal.this.privacy.policy.explains.how.riskdetec.3804ffee","legal","legal","P0","App/LegalDocuments/en/Privacy-Policy.md","8","This Privacy Policy explains how RiskDetected collects, uses, stores,","","","","","","legal_copy","","legal","inventory.legal.3804ffee6228","extracted","not_started","not_required","not_started","false"
"legacy.legal.discloses.and.deletes.personal.information.cbdcd0b9","legal","legal","P0","App/LegalDocuments/en/Privacy-Policy.md","9","discloses and deletes personal information in the RiskDetected mobile","","","","","","legal_copy","","legal","inventory.legal.cbdcd0b9a85c","extracted","not_started","not_required","not_started","false"
"legacy.legal.application.and.connected.services.da17e8bf","legal","legal","P0","App/LegalDocuments/en/Privacy-Policy.md","10","application and connected services.","","","","","","legal_copy","","legal","inventory.legal.da17e8bf185d","extracted","not_started","not_required","not_started","false"
"legacy.legal.controller.service.provider.c031ad36","legal","legal","P0","App/LegalDocuments/en/Privacy-Policy.md","12","Controller/service provider:","","","","","","legal_copy","","legal","inventory.legal.c031ad3633d2","extracted","not_started","not_required","not_started","false"
"legacy.legal.tax.identity.number.21832867210.0ff240b3","legal","legal","P0","App/LegalDocuments/en/Privacy-Policy.md","15","Tax/identity number: 21832867210","","","","","","legal_copy","","legal","inventory.legal.0ff240b37ee0","extracted","not_started","not_required","not_started","false"
"legacy.legal.this.policy.is.intended.to.be.read.togethe.1dfaa942","legal","legal","P0","App/LegalDocuments/en/Privacy-Policy.md","21","This Policy is intended to be read together with the Terms of Use and the AI","","","","","","legal_copy","","legal","inventory.legal.1dfaa942516b","extracted","not_started","not_required","not_started","false"
"legacy.legal.and.data.processing.notice.it.does.not.red.5241873b","legal","legal","P0","App/LegalDocuments/en/Privacy-Policy.md","22","and Data Processing Notice. It does not reduce any privacy right that applies","","","","","","legal_copy","","legal","inventory.legal.5241873bf26a","extracted","not_started","not_required","not_started","false"
"legacy.legal.to.you.under.mandatory.law.b3b0573f","legal","legal","P0","App/LegalDocuments/en/Privacy-Policy.md","23","to you under mandatory law.","","","","","","legal_copy","","legal","inventory.legal.b3b0573f5f9b","extracted","not_started","not_required","not_started","false"
"legacy.legal.1.what.riskdetected.does.0333738b","legal","legal","P0","App/LegalDocuments/en/Privacy-Policy.md","25","1. What RiskDetected does","","","","","","legal_copy","","legal","inventory.legal.0333738b427c","extracted","not_started","not_required","not_started","false"
"legacy.legal.riskdetected.provides.ai.assisted.workplac.a50a101e","legal","legal","P0","App/LegalDocuments/en/Privacy-Policy.md","27","RiskDetected provides AI-assisted workplace-safety analysis from photographs,","","","","","","legal_copy","","legal","inventory.legal.a50a101e842f","extracted","not_started","not_started","not_started","true"
"legacy.legal.organises.findings.and.risk.scores.generat.af965060","legal","legal","P0","App/LegalDocuments/en/Privacy-Policy.md","28","organises findings and risk scores, generates PDF/XLSX reports, stores company","","","","","","legal_copy","","legal","inventory.legal.af9650607788","extracted","not_started","not_started","not_started","true"
"legacy.legal.and.report.records.manages.subscriptions.a.f650e31d","legal","legal","P0","App/LegalDocuments/en/Privacy-Policy.md","29","and report records, manages subscriptions and notifications and provides","","","","","","legal_copy","","legal","inventory.legal.f650e31d1f55","extracted","not_started","not_required","not_started","false"
"legacy.legal.professional.progress.features.b65f3974","legal","legal","P0","App/LegalDocuments/en/Privacy-Policy.md","30","professional-progress features.","","","","","","legal_copy","","legal","inventory.legal.b65f3974e9a3","extracted","not_started","not_required","not_started","false"
"legacy.legal.ai.output.is.decision.support.it.is.not.an.608bd517","legal","legal","P0","App/LegalDocuments/en/Privacy-Policy.md","32","AI output is decision support. It is not an official inspection, legal or","","","","","","legal_copy","","legal","inventory.legal.608bd517fa75","extracted","not_started","not_started","not_started","true"
"legacy.legal.regulatory.determination.professional.cert.4c866b8d","legal","legal","P0","App/LegalDocuments/en/Privacy-Policy.md","33","regulatory determination, professional certification or replacement for a","","","","","","legal_copy","","legal","inventory.legal.4c866b8d2080","extracted","not_started","not_required","not_started","false"
"legacy.legal.competent.person.8841cb9a","legal","legal","P0","App/LegalDocuments/en/Privacy-Policy.md","34","competent person.","","","","","","legal_copy","","legal","inventory.legal.8841cb9a2597","extracted","not_started","not_required","not_started","false"
"legacy.legal.2.personal.information.we.may.process.192c9a26","legal","legal","P0","App/LegalDocuments/en/Privacy-Policy.md","36","2. Personal information we may process","","","","","","legal_copy","","legal","inventory.legal.192c9a26b431","extracted","not_started","not_required","not_started","false"
"legacy.legal.depending.on.how.you.use.the.service.we.ma.b4147b8c","legal","legal","P0","App/LegalDocuments/en/Privacy-Policy.md","38","Depending on how you use the Service, we may process:","","","","","","legal_copy","","legal","inventory.legal.b4147b8c3614","extracted","not_started","not_required","not_started","false"
"legacy.legal.account.and.profile.information.user.id.em.15f8922d","legal","legal","P0","App/LegalDocuments/en/Privacy-Policy.md","40","**Account and profile information:** user ID, email address, sign-in method,","","","","","","legal_copy","","legal","inventory.legal.15f8922d99b6","extracted","not_started","not_required","not_started","false"
"legacy.legal.profile.name.avatar.and.account.status.bcf971e6","legal","legal","P0","App/LegalDocuments/en/Privacy-Policy.md","41","profile name, avatar and account status.","","","","","","legal_copy","","legal","inventory.legal.bcf971e60be2","extracted","not_started","not_required","not_started","false"
"legacy.legal.onboarding.and.professional.context.role.q.27b34813","legal","legal","P0","App/LegalDocuments/en/Privacy-Policy.md","42","**Onboarding and professional context:** role, qualification category,","","","","","","legal_copy","","legal","inventory.legal.27b34813b34e","extracted","not_started","not_required","not_started","false"
"legacy.legal.sector.workplace.risk.context.analysis.fre.f8200960","legal","legal","P0","App/LegalDocuments/en/Privacy-Policy.md","43","sector, workplace risk context, analysis frequency, intended use, app","","","","","","legal_copy","","legal","inventory.legal.f8200960b6c2","extracted","not_started","not_started","not_started","true"
"legacy.legal.language.content.locale.and.explicitly.sel.4ce60e00","legal","legal","P0","App/LegalDocuments/en/Privacy-Policy.md","44","language, content locale and explicitly selected safety profile or work","","","","","","legal_copy","","legal","inventory.legal.4ce60e003e2f","extracted","not_started","not_started","not_started","true"
"legacy.legal.user.content.workplace.photographs.annotat.07492d73","legal","legal","P0","App/LegalDocuments/en/Privacy-Policy.md","46","**User content:** workplace photographs, annotations, earlier-version text","","","","","","legal_copy","","legal","inventory.legal.07492d7333ce","extracted","not_started","not_required","not_started","false"
"legacy.legal.inputs.notes.company.details.logos.and.rep.ab74eedc","legal","legal","P0","App/LegalDocuments/en/Privacy-Policy.md","47","inputs, notes, company details, logos and report-preparer information.","","","","","","legal_copy","","legal","inventory.legal.ab74eedcb4e0","extracted","not_started","not_required","not_started","false"
"legacy.legal.analysis.information.ai.findings.risk.leve.738d62ac","legal","legal","P0","App/LegalDocuments/en/Privacy-Policy.md","48","**Analysis information:** AI findings, risk levels, scores, root causes,","","","","","","legal_copy","","legal","inventory.legal.738d62ac71a1","extracted","not_started","not_started","not_started","true"
"legacy.legal.suggested.actions.short.references.summari.a4090672","legal","legal","P0","App/LegalDocuments/en/Privacy-Policy.md","49","suggested actions, short references, summaries, selected analysis method,","","","","","","legal_copy","","legal","inventory.legal.a4090672462e","extracted","not_started","not_required","not_started","false"
"legacy.legal.user.edits.and.analysis.status.bfebb909","legal","legal","P0","App/LegalDocuments/en/Privacy-Policy.md","50","user edits and analysis status.","","","","","","legal_copy","","legal","inventory.legal.bfebb909ce7b","extracted","not_started","not_required","not_started","false"
"legacy.legal.report.and.archive.information.pdf.xlsx.fi.a51a05cb","legal","legal","P0","App/LegalDocuments/en/Privacy-Policy.md","51","**Report and archive information:** PDF/XLSX files, report type, title,","","","","","","legal_copy","","legal","inventory.legal.a51a05cb5fde","extracted","not_started","not_required","not_started","false"
"legacy.legal.company.snapshot.file.metadata.and.technic.1528bcf5","legal","legal","P0","App/LegalDocuments/en/Privacy-Policy.md","52","company snapshot, file metadata and technical download or sharing records.","","","","","","legal_copy","","legal","inventory.legal.1528bcf50568","extracted","not_started","not_required","not_started","false"
"legacy.legal.company.information.company.name.logo.addr.70469f4d","legal","legal","P0","App/LegalDocuments/en/Privacy-Policy.md","53","**Company information:** company name, logo, address, contact person,","","","","","","legal_copy","","legal","inventory.legal.70469f4d5cec","extracted","not_started","not_required","not_started","false"
"legacy.legal.department.responsible.person.due.date.ris.fd7ee333","legal","legal","P0","App/LegalDocuments/en/Privacy-Policy.md","54","department, responsible person, due date, risk class and archive status.","","","","","","legal_copy","","legal","inventory.legal.fd7ee3337122","extracted","not_started","not_started","not_started","true"
"legacy.legal.professional.progress.information.in.app.p.48e932ab","legal","legal","P0","App/LegalDocuments/en/Privacy-Policy.md","55","**Professional-progress information:** in-app points, titles, badges,","","","","","","legal_copy","","legal","inventory.legal.48e932abe1e6","extracted","not_started","not_required","not_started","false"
"legacy.legal.competency.areas.active.days.weekly.tracki.00772b5d","legal","legal","P0","App/LegalDocuments/en/Privacy-Policy.md","56","competency areas, active days, weekly tracking, finding categories and","","","","","","legal_copy","","legal","inventory.legal.00772b5d3eae","extracted","not_started","not_required","not_started","false"
"legacy.legal.achievement.messages.ec7efd6e","legal","legal","P0","App/LegalDocuments/en/Privacy-Policy.md","57","achievement messages.","","","","","","legal_copy","","legal","inventory.legal.ec7efd6e5a06","extracted","not_started","not_required","not_started","false"
"legacy.legal.subscription.and.entitlement.information.f.c9c3c77c","legal","legal","P0","App/LegalDocuments/en/Privacy-Policy.md","58","**Subscription and entitlement information:** Free, Plus or Pro status,","","","","","","legal_copy","","legal","inventory.legal.c9c3c77c575b","extracted","not_started","not_required","not_started","false"
"legacy.legal.quota.usage.trial.and.renewal.status.apple.aa7af5ba","legal","legal","P0","App/LegalDocuments/en/Privacy-Policy.md","59","quota usage, trial and renewal status, Apple product identifiers,","","","","","","legal_copy","","legal","inventory.legal.aa7af5bafbe9","extracted","not_started","not_required","not_started","false"
"legacy.legal.revenuecat.entitlement.and.transaction.eve.f88a7902","legal","legal","P0","App/LegalDocuments/en/Privacy-Policy.md","60","RevenueCat entitlement and transaction events. RiskDetected does not","","","","","","legal_copy","","legal","inventory.legal.f88a7902d647","extracted","not_started","not_required","not_started","false"
"legacy.legal.receive.or.store.full.payment.card.details.2a58edd2","legal","legal","P0","App/LegalDocuments/en/Privacy-Policy.md","61","receive or store full payment-card details.","","","","","","legal_copy","","legal","inventory.legal.2a58edd24c9f","extracted","not_started","not_required","not_started","false"
"legacy.legal.notification.information.permission.and.pr.85d02672","legal","legal","P0","App/LegalDocuments/en/Privacy-Policy.md","62","**Notification information:** permission and preference state, Apple Push","","","","","","legal_copy","","legal","inventory.legal.85d026727d43","extracted","not_started","not_required","not_started","false"
"legacy.legal.notification.service.device.token.delivery.687c14c7","legal","legal","P0","App/LegalDocuments/en/Privacy-Policy.md","63","Notification service device token, delivery events and errors.","","","","","","legal_copy","","legal","inventory.legal.687c14c72b99","extracted","not_started","not_required","not_started","false"
"legacy.legal.support.information.subject.message.option.4fa99e38","legal","legal","P0","App/LegalDocuments/en/Privacy-Policy.md","64","**Support information:** subject, message, optional attachments, preferred","","","","","","legal_copy","","legal","inventory.legal.4fa99e38b4e4","extracted","not_started","not_required","not_started","false"
"legacy.legal.response.language.and.support.identifiers.33d2d440","legal","legal","P0","App/LegalDocuments/en/Privacy-Policy.md","65","response language and support identifiers.","","","","","","legal_copy","","legal","inventory.legal.33d2d44006a8","extracted","not_started","not_required","not_started","false"
"legacy.legal.technical.and.security.information.ip.addr.ebd3d2e5","legal","legal","P0","App/LegalDocuments/en/Privacy-Policy.md","66","**Technical and security information:** IP address where available to","","","","","","legal_copy","","legal","inventory.legal.ebd3d2e5fb63","extracted","not_started","not_required","not_started","false"
"legacy.legal.server.infrastructure.device.and.operating.aacdf8e9","legal","legal","P0","App/LegalDocuments/en/Privacy-Policy.md","67","server infrastructure, device and operating-system information, app","","","","","","legal_copy","","legal","inventory.legal.aacdf8e99f8f","extracted","not_started","not_required","not_started","false"
"legacy.legal.version.build.request.and.support.identifi.dffc2437","legal","legal","P0","App/LegalDocuments/en/Privacy-Policy.md","68","version/build, request and support identifiers, error codes, performance,","","","","","","legal_copy","","legal","inventory.legal.dffc243750fc","extracted","not_started","not_required","not_started","false"
"legacy.legal.model.provider.route.token.counts.fallback.788d302f","legal","legal","P0","App/LegalDocuments/en/Privacy-Policy.md","69","model/provider route, token counts, fallback events and security signals.","","","","","","legal_copy","","legal","inventory.legal.788d302fedc0","extracted","not_started","not_required","not_started","false"
"legacy.legal.legal.and.consent.records.document.set.ver.ab6185da","legal","legal","P0","App/LegalDocuments/en/Privacy-Policy.md","70","**Legal and consent records:** document set, version, checksum, acceptance,","","","","","","legal_copy","","legal","inventory.legal.ab6185da80cf","extracted","not_started","not_required","not_started","false"
"legacy.legal.withdrawal.deletion.and.request.timestamps.ff124174","legal","legal","P0","App/LegalDocuments/en/Privacy-Policy.md","71","withdrawal, deletion and request timestamps.","","","","","","legal_copy","","legal","inventory.legal.ff124174f3e5","extracted","not_started","not_required","not_started","false"
"legacy.legal.riskdetected.does.not.intentionally.perfor.f19175a9","legal","legal","P0","App/LegalDocuments/en/Privacy-Policy.md","73","RiskDetected does not intentionally perform facial recognition, biometric","","","","","","legal_copy","","legal","inventory.legal.f19175a9b352","extracted","not_started","not_required","not_started","false"
"legacy.legal.identity.matching.or.identification.of.peo.e3f90bfd","legal","legal","P0","App/LegalDocuments/en/Privacy-Policy.md","74","identity matching or identification of people shown in photographs.","","","","","","legal_copy","","legal","inventory.legal.e3f90bfd5406","extracted","not_started","not_required","not_started","false"
"legacy.legal.3.sensitive.workplace.content.e5aeecca","legal","legal","P0","App/LegalDocuments/en/Privacy-Policy.md","76","3. Sensitive workplace content","","","","","","legal_copy","","legal","inventory.legal.e5aeeccad973","extracted","not_started","not_required","not_started","false"
"legacy.legal.workplace.photographs.can.reveal.faces.inj.2498f29e","legal","legal","P0","App/LegalDocuments/en/Privacy-Policy.md","78","Workplace photographs can reveal faces, injuries, health conditions,","","","","","","legal_copy","","legal","inventory.legal.2498f29ef721","extracted","not_started","not_started","not_started","true"
"legacy.legal.disability.personal.protective.equipment.r.9fc37f65","legal","legal","P0","App/LegalDocuments/en/Privacy-Policy.md","79","disability, personal protective equipment, religious, political or union","","","","","","legal_copy","","legal","inventory.legal.9fc37f658c21","extracted","not_started","not_required","not_started","false"
"legacy.legal.indicators.children.vehicle.plates.company.036b6257","legal","legal","P0","App/LegalDocuments/en/Privacy-Policy.md","80","indicators, children, vehicle plates, company signs, private premises, trade","","","","","","legal_copy","","legal","inventory.legal.036b6257809d","extracted","not_started","not_required","not_started","false"
"legacy.legal.secrets.or.other.sensitive.information.b872ddb7","legal","legal","P0","App/LegalDocuments/en/Privacy-Policy.md","81","secrets or other sensitive information.","","","","","","legal_copy","","legal","inventory.legal.b872ddb7af7c","extracted","not_started","not_required","not_started","false"
"legacy.legal.riskdetected.does.not.ask.you.to.include.u.56550aca","legal","legal","P0","App/LegalDocuments/en/Privacy-Policy.md","83","RiskDetected does not ask you to include unnecessary sensitive information.","","","","","","legal_copy","","legal","inventory.legal.56550acacb82","extracted","not_started","not_required","not_started","false"
"legacy.legal.submit.only.content.you.are.lawfully.autho.77fbbf0e","legal","legal","P0","App/LegalDocuments/en/Privacy-Policy.md","84","Submit only content you are lawfully authorised to process. Use cropping,","","","","","","legal_copy","","legal","inventory.legal.77fbbf0e33ae","extracted","not_started","not_required","not_started","false"
"legacy.legal.annotation.and.camera.positioning.to.minim.c608db58","legal","legal","P0","App/LegalDocuments/en/Privacy-Policy.md","85","annotation and camera positioning to minimise personal or confidential","","","","","","legal_copy","","legal","inventory.legal.c608db58e298","extracted","not_started","not_required","not_started","false"
"legacy.legal.information.where.practical.784c40aa","legal","legal","P0","App/LegalDocuments/en/Privacy-Policy.md","86","information where practical.","","","","","","legal_copy","","legal","inventory.legal.784c40aa9c74","extracted","not_started","not_required","not_started","false"
"legacy.legal.image.preparation.is.designed.to.reduce.ex.78273422","legal","legal","P0","App/LegalDocuments/en/Privacy-Policy.md","88","Image preparation is designed to reduce EXIF, location and camera metadata","","","","","","legal_copy","","legal","inventory.legal.782734226bbf","extracted","not_started","not_required","not_started","false"
"legacy.legal.before.analysis.information.that.remains.v.032b38ca","legal","legal","P0","App/LegalDocuments/en/Privacy-Policy.md","89","before analysis. Information that remains visibly present in the image can","","","","","","legal_copy","","legal","inventory.legal.032b38ca3f23","extracted","not_started","not_required","not_started","false"
"legacy.legal.still.be.processed.019081b8","legal","legal","P0","App/LegalDocuments/en/Privacy-Policy.md","90","still be processed.","","","","","","legal_copy","","legal","inventory.legal.019081b82435","extracted","not_started","not_required","not_started","false"
"legacy.legal.4.sources.of.information.5603eeec","legal","legal","P0","App/LegalDocuments/en/Privacy-Policy.md","92","4. Sources of information","","","","","","legal_copy","","legal","inventory.legal.5603eeecb5f3","extracted","not_started","not_required","not_started","false"
"legacy.legal.we.collect.information.cb0d4f37","legal","legal","P0","App/LegalDocuments/en/Privacy-Policy.md","94","We collect information:","","","","","","legal_copy","","legal","inventory.legal.cb0d4f37e31b","extracted","not_started","not_required","not_started","false"
"legacy.legal.directly.from.you.when.you.create.an.accou.85bd4e83","legal","legal","P0","App/LegalDocuments/en/Privacy-Policy.md","96","directly from you when you create an account, complete onboarding, submit","","","","","","legal_copy","","legal","inventory.legal.85bd4e836a8d","extracted","not_started","not_required","not_started","false"
"legacy.legal.content.edit.a.finding.create.a.report.man.af83c0e7","legal","legal","P0","App/LegalDocuments/en/Privacy-Policy.md","97","content, edit a finding, create a report, manage a company, contact support","","","","","","legal_copy","","legal","inventory.legal.af83c0e7e214","extracted","not_started","not_required","not_started","false"
"legacy.legal.or.choose.preferences.561b6643","legal","legal","P0","App/LegalDocuments/en/Privacy-Policy.md","98","or choose preferences;","","","","","","legal_copy","","legal","inventory.legal.561b6643370e","extracted","not_started","not_required","not_started","false"
"legacy.legal.automatically.from.the.app.and.backend.whe.bc82bf61","legal","legal","P0","App/LegalDocuments/en/Privacy-Policy.md","99","automatically from the app and backend when the Service processes a request","","","","","","legal_copy","","legal","inventory.legal.bc82bf612a08","extracted","not_started","not_required","not_started","false"
"legacy.legal.or.records.security.performance.entitlemen.39a1b60e","legal","legal","P0","App/LegalDocuments/en/Privacy-Policy.md","100","or records security, performance, entitlement and delivery events; and","","","","","","legal_copy","","legal","inventory.legal.39a1b60e3e15","extracted","not_started","not_required","not_started","false"
"legacy.legal.from.apple.revenuecat.apple.or.google.sign.60e3a168","legal","legal","P0","App/LegalDocuments/en/Privacy-Policy.md","101","from Apple, RevenueCat, Apple or Google sign-in services and other providers","","","","","","legal_copy","","legal","inventory.legal.60e3a168bab0","extracted","not_started","not_required","not_started","false"
"legacy.legal.you.choose.to.use.55b52e0a","legal","legal","P0","App/LegalDocuments/en/Privacy-Policy.md","102","you choose to use.","","","","","","legal_copy","","legal","inventory.legal.55b52e0a3d8b","extracted","not_started","not_required","not_started","false"
"legacy.legal.5.why.we.process.information.668bc9f3","legal","legal","P0","App/LegalDocuments/en/Privacy-Policy.md","104","5. Why we process information","","","","","","legal_copy","","legal","inventory.legal.668bc9f3e531","extracted","not_started","not_required","not_started","false"
"legacy.legal.we.process.information.to.3b4ac636","legal","legal","P0","App/LegalDocuments/en/Privacy-Policy.md","106","We process information to:","","","","","","legal_copy","","legal","inventory.legal.3b4ac636a98c","extracted","not_started","not_required","not_started","false"
"legacy.legal.create.and.secure.accounts.and.sessions.f77f674f","legal","legal","P0","App/LegalDocuments/en/Privacy-Policy.md","108","create and secure accounts and sessions;","","","","","","legal_copy","","legal","inventory.legal.f77f674f1289","extracted","not_started","not_required","not_started","false"
"legacy.legal.provide.requested.photograph.analysis.find.0bad2460","legal","legal","P0","App/LegalDocuments/en/Privacy-Policy.md","109","provide requested photograph analysis, findings, controls and reports;","","","","","","legal_copy","","legal","inventory.legal.0bad2460f528","extracted","not_started","not_required","not_started","false"
"legacy.legal.store.and.manage.analyses.companies.report.0818f6bf","legal","legal","P0","App/LegalDocuments/en/Privacy-Policy.md","110","store and manage analyses, companies, reports and user edits;","","","","","","legal_copy","","legal","inventory.legal.0818f6bf2dc9","extracted","not_started","not_required","not_started","false"
"legacy.legal.enforce.free.plus.and.pro.entitlements.quo.1dcc8486","legal","legal","P0","App/LegalDocuments/en/Privacy-Policy.md","111","enforce Free, Plus and Pro entitlements, quotas and trials;","","","","","","legal_copy","","legal","inventory.legal.1dcc8486d270","extracted","not_started","not_required","not_started","false"
"legacy.legal.provide.in.app.progress.features.notificat.62ed1502","legal","legal","P0","App/LegalDocuments/en/Privacy-Policy.md","112","provide in-app progress features, notifications and service messages;","","","","","","legal_copy","","legal","inventory.legal.62ed15028686","extracted","not_started","not_required","not_started","false"
"legacy.legal.answer.support.access.export.correction.co.dc311a09","legal","legal","P0","App/LegalDocuments/en/Privacy-Policy.md","113","answer support, access, export, correction, consent-withdrawal and deletion","","","","","","legal_copy","","legal","inventory.legal.dc311a091cae","extracted","not_started","not_required","not_started","false"
"legacy.legal.prevent.abuse.investigate.security.events..7efea00d","legal","legal","P0","App/LegalDocuments/en/Privacy-Policy.md","115","prevent abuse, investigate security events, diagnose errors and maintain","","","","","","legal_copy","","legal","inventory.legal.7efea00db818","extracted","not_started","not_required","not_started","false"
"legacy.legal.service.continuity.f3a2c42e","legal","legal","P0","App/LegalDocuments/en/Privacy-Policy.md","116","service continuity;","","","","","","legal_copy","","legal","inventory.legal.f3a2c42e4ec9","extracted","not_started","not_required","not_started","false"
"legacy.legal.measure.technical.performance.and.provider.449e3211","legal","legal","P0","App/LegalDocuments/en/Privacy-Policy.md","117","measure technical performance and provider cost without using submitted","","","","","","legal_copy","","legal","inventory.legal.449e321100c5","extracted","not_started","not_required","not_started","false"
"legacy.legal.workplace.content.for.unrelated.advertisin.48cf2195","legal","legal","P0","App/LegalDocuments/en/Privacy-Policy.md","118","workplace content for unrelated advertising;","","","","","","legal_copy","","legal","inventory.legal.48cf219564ac","extracted","not_started","not_required","not_started","false"
"legacy.legal.comply.with.legal.obligations.and.establis.4bf42b18","legal","legal","P0","App/LegalDocuments/en/Privacy-Policy.md","119","comply with legal obligations and establish, exercise or defend legal","","","","","","legal_copy","","legal","inventory.legal.4bf42b18d909","extracted","not_started","not_required","not_started","false"
"legacy.legal.claims.and.1c0d42a3","legal","legal","P0","App/LegalDocuments/en/Privacy-Policy.md","120","claims; and","","","","","","legal_copy","","legal","inventory.legal.1c0d42a37d7a","extracted","not_started","not_required","not_started","false"
"legacy.legal.send.marketing.only.where.a.separate.valid.22bc4d9b","legal","legal","P0","App/LegalDocuments/en/Privacy-Policy.md","121","send marketing only where a separate valid permission or other lawful basis","","","","","","legal_copy","","legal","inventory.legal.22bc4d9bd946","extracted","not_started","not_required","not_started","false"
"legacy.legal.6.legal.bases.a94146d6","legal","legal","P0","App/LegalDocuments/en/Privacy-Policy.md","124","6. Legal bases","","","","","","legal_copy","","legal","inventory.legal.a94146d6f7a4","extracted","not_started","not_required","not_started","false"
"legacy.legal.where.applicable.law.requires.a.legal.basi.9d153f22","legal","legal","P0","App/LegalDocuments/en/Privacy-Policy.md","126","Where applicable law requires a legal basis, processing may rely on:","","","","","","legal_copy","","legal","inventory.legal.9d153f22991e","extracted","not_started","not_required","not_started","false"
"legacy.legal.contract.to.create.an.account.and.provide..88f1b1ea","legal","legal","P0","App/LegalDocuments/en/Privacy-Policy.md","128","**Contract:** to create an account and provide requested analyses, reports,","","","","","","legal_copy","","legal","inventory.legal.88f1b1eabf00","extracted","not_started","not_required","not_started","false"
"legacy.legal.subscriptions.storage.and.support.b8a65dd9","legal","legal","P0","App/LegalDocuments/en/Privacy-Policy.md","129","subscriptions, storage and support.","","","","","","legal_copy","","legal","inventory.legal.b8a65dd9b3f8","extracted","not_started","not_required","not_started","false"
"legacy.legal.consent.for.ai.processing.of.submitted.con.92113d1e","legal","legal","P0","App/LegalDocuments/en/Privacy-Policy.md","130","**Consent:** for AI processing of submitted content where required, for","","","","","","legal_copy","","legal","inventory.legal.92113d1ef345","extracted","not_started","not_required","not_started","false"
"legacy.legal.sensitive.information.where.consent.is.the.2f33fe76","legal","legal","P0","App/LegalDocuments/en/Privacy-Policy.md","131","sensitive information where consent is the applicable basis, for certain","","","","","","legal_copy","","legal","inventory.legal.2f33fe766eb4","extracted","not_started","not_required","not_started","false"
"legacy.legal.international.transfers.and.for.optional.m.ba2ce032","legal","legal","P0","App/LegalDocuments/en/Privacy-Policy.md","132","international transfers and for optional marketing.","","","","","","legal_copy","","legal","inventory.legal.ba2ce032033b","extracted","not_started","not_required","not_started","false"
"legacy.legal.legal.obligation.for.tax.accounting.regula.5211159c","legal","legal","P0","App/LegalDocuments/en/Privacy-Policy.md","133","**Legal obligation:** for tax, accounting, regulatory, security and lawful","","","","","","legal_copy","","legal","inventory.legal.5211159c4694","extracted","not_started","not_required","not_started","false"
"legacy.legal.authority.requests.626337c5","legal","legal","P0","App/LegalDocuments/en/Privacy-Policy.md","134","authority requests.","","","","","","legal_copy","","legal","inventory.legal.626337c52afb","extracted","not_started","not_required","not_started","false"
"legacy.legal.legitimate.interests.for.proportionate.sec.d550fe0a","legal","legal","P0","App/LegalDocuments/en/Privacy-Policy.md","135","**Legitimate interests:** for proportionate security, fraud and abuse","","","","","","legal_copy","","legal","inventory.legal.d550fe0aed4d","extracted","not_started","not_required","not_started","false"
"legacy.legal.prevention.fault.diagnosis.service.reliabi.f9600469","legal","legal","P0","App/LegalDocuments/en/Privacy-Policy.md","136","prevention, fault diagnosis, service reliability, cost control and legal","","","","","","legal_copy","","legal","inventory.legal.f9600469b977","extracted","not_started","not_started","not_started","true"
"legacy.legal.claims.where.those.interests.are.not.overr.78eca6ad","legal","legal","P0","App/LegalDocuments/en/Privacy-Policy.md","137","claims, where those interests are not overridden by your rights.","","","","","","legal_copy","","legal","inventory.legal.78eca6ad5167","extracted","not_started","not_required","not_started","false"
"legacy.legal.where.we.rely.on.consent.you.can.withdraw..07ddfc40","legal","legal","P0","App/LegalDocuments/en/Privacy-Policy.md","139","Where we rely on consent, you can withdraw it for future processing. Where we","","","","","","legal_copy","","legal","inventory.legal.07ddfc403674","extracted","not_started","not_required","not_started","false"
"legacy.legal.rely.on.legitimate.interests.you.may.have..5a214d72","legal","legal","P0","App/LegalDocuments/en/Privacy-Policy.md","140","rely on legitimate interests, you may have a right to object. The available","","","","","","legal_copy","","legal","inventory.legal.5a214d7255d1","extracted","not_started","not_required","not_started","false"
"legacy.legal.rights.depend.on.your.location.and.the.spe.e1a2abd6","legal","legal","P0","App/LegalDocuments/en/Privacy-Policy.md","141","rights depend on your location and the specific processing.","","","","","","legal_copy","","legal","inventory.legal.e1a2abd6c4c9","extracted","not_started","not_required","not_started","false"
"legacy.legal.7.ai.processing.b55ba885","legal","legal","P0","App/LegalDocuments/en/Privacy-Policy.md","143","7. AI processing","","","","","","legal_copy","","legal","inventory.legal.b55ba88571fa","extracted","not_started","not_required","not_started","false"
"legacy.legal.when.you.request.an.analysis.necessary.pho.2894642c","legal","legal","P0","App/LegalDocuments/en/Privacy-Policy.md","145","When you request an analysis, necessary photographs and structured context","","","","","","legal_copy","","legal","inventory.legal.2894642ca618","extracted","not_started","not_required","not_started","false"
"legacy.legal.are.sent.through.riskdetected.s.supabase.b.8242d5fe","legal","legal","P0","App/LegalDocuments/en/Privacy-Policy.md","146","are sent through RiskDetected’s Supabase backend to configured AI providers.","","","","","","legal_copy","","legal","inventory.legal.8242d5fe57a7","extracted","not_started","not_required","not_started","false"
"legacy.legal.the.provider.route.may.use.google.gemini.g.2ed4b4fc","legal","legal","P0","App/LegalDocuments/en/Privacy-Policy.md","147","The provider route may use Google Gemini/Google AI and, when needed for","","","","","","legal_copy","","legal","inventory.legal.2ed4b4fccd53","extracted","not_started","not_required","not_started","false"
"legacy.legal.continuity.or.fallback.groq.or.another.app.fb7ce339","legal","legal","P0","App/LegalDocuments/en/Privacy-Policy.md","148","continuity or fallback, Groq or another approved compatible provider.","","","","","","legal_copy","","legal","inventory.legal.fb7ce3391232","extracted","not_started","not_required","not_started","false"
"legacy.legal.we.aim.to.send.only.the.information.needed.22a061e7","legal","legal","P0","App/LegalDocuments/en/Privacy-Policy.md","150","We aim to send only the information needed to produce the requested result.","","","","","","legal_copy","","legal","inventory.legal.22a061e7a3a0","extracted","not_started","not_required","not_started","false"
"legacy.legal.technical.ai.logs.may.record.provider.mode.7dd48d9a","legal","legal","P0","App/LegalDocuments/en/Privacy-Policy.md","151","Technical AI logs may record provider/model, route alias, token count,","","","","","","legal_copy","","legal","inventory.legal.7dd48d9ab571","extracted","not_started","not_required","not_started","false"
"legacy.legal.latency.request.support.identifiers.qualit.287fa726","legal","legal","P0","App/LegalDocuments/en/Privacy-Policy.md","152","latency, request/support identifiers, quality validation and failure/fallback","","","","","","legal_copy","","legal","inventory.legal.287fa72611f4","extracted","not_started","not_required","not_started","false"
"legacy.legal.events.these.logs.are.not.intended.to.cont.aacbf380","legal","legal","P0","App/LegalDocuments/en/Privacy-Policy.md","153","events. These logs are not intended to contain credentials or full payment","","","","","","legal_copy","","legal","inventory.legal.aacbf380207a","extracted","not_started","not_required","not_started","false"
"legacy.legal.ai.output.does.not.make.a.solely.automated.88bb8567","legal","legal","P0","App/LegalDocuments/en/Privacy-Policy.md","156","AI output does not make a solely automated decision that has legal or","","","","","","legal_copy","","legal","inventory.legal.88bb8567970c","extracted","not_started","not_required","not_started","false"
"legacy.legal.similarly.significant.effects.on.a.person..31aa6db6","legal","legal","P0","App/LegalDocuments/en/Privacy-Policy.md","157","similarly significant effects on a person. A competent person must review the","","","","","","legal_copy","","legal","inventory.legal.31aa6db63e4d","extracted","not_started","not_required","not_started","false"
"legacy.legal.actual.workplace.and.output.before.a.safet.b3a37e19","legal","legal","P0","App/LegalDocuments/en/Privacy-Policy.md","158","actual workplace and output before a safety decision is made.","","","","","","legal_copy","","legal","inventory.legal.b3a37e19074f","extracted","not_started","not_started","not_started","true"
"legacy.legal.8.service.providers.and.recipients.ec8073a5","legal","legal","P0","App/LegalDocuments/en/Privacy-Policy.md","160","8. Service providers and recipients","","","","","","legal_copy","","legal","inventory.legal.ec8073a5fd47","extracted","not_started","not_required","not_started","false"
"legacy.legal.information.may.be.disclosed.to.the.extent.08419e83","legal","legal","P0","App/LegalDocuments/en/Privacy-Policy.md","162","Information may be disclosed, to the extent necessary, to:","","","","","","legal_copy","","legal","inventory.legal.08419e83baad","extracted","not_started","not_required","not_started","false"
"legacy.legal.supabase.authentication.database.storage.e.cd0db703","legal","legal","P0","App/LegalDocuments/en/Privacy-Policy.md","164","**Supabase:** authentication, database, storage, Edge Functions and backend","","","","","","legal_copy","","legal","inventory.legal.cd0db703a10b","extracted","not_started","not_required","not_started","false"
"legacy.legal.google.gemini.google.ai.and.groq.requested.4e10b4a7","legal","legal","P0","App/LegalDocuments/en/Privacy-Policy.md","166","**Google Gemini/Google AI and Groq:** requested AI analysis and configured","","","","","","legal_copy","","legal","inventory.legal.4e10b4a7b4b6","extracted","not_started","not_required","not_started","false"
"legacy.legal.apple.app.store.and.revenuecat.purchase.su.262f5c04","legal","legal","P0","App/LegalDocuments/en/Privacy-Policy.md","168","**Apple App Store and RevenueCat:** purchase, subscription, trial,","","","","","","legal_copy","","legal","inventory.legal.262f5c04f265","extracted","not_started","not_required","not_started","false"
"legacy.legal.entitlement.and.transaction.verification.9ae46e7b","legal","legal","P0","App/LegalDocuments/en/Privacy-Policy.md","169","entitlement and transaction verification.","","","","","","legal_copy","","legal","inventory.legal.9ae46e7be7a0","extracted","not_started","not_required","not_started","false"
"legacy.legal.apple.push.notification.service.push.notif.97c33e85","legal","legal","P0","App/LegalDocuments/en/Privacy-Policy.md","170","**Apple Push Notification service:** push-notification delivery.","","","","","","legal_copy","","legal","inventory.legal.97c33e852d7f","extracted","not_started","not_required","not_started","false"
"legacy.legal.sign.in.with.apple.and.google.sign.in.auth.52463eab","legal","legal","P0","App/LegalDocuments/en/Privacy-Policy.md","171","**Sign in with Apple and Google Sign-In:** authentication when selected.","","","","","","legal_copy","","legal","inventory.legal.52463eab6b48","extracted","not_started","not_required","not_started","false"
"legacy.legal.resend.transactional.and.support.email.del.77478e24","legal","legal","P0","App/LegalDocuments/en/Privacy-Policy.md","172","**Resend:** transactional and support email delivery.","","","","","","legal_copy","","legal","inventory.legal.77478e240661","extracted","not_started","not_required","not_started","false"
"legacy.legal.vercel.hosting.of.riskdetected.s.public.we.765dafb4","legal","legal","P0","App/LegalDocuments/en/Privacy-Policy.md","173","**Vercel:** hosting of RiskDetected’s public website and legal pages.","","","","","","legal_copy","","legal","inventory.legal.765dafb45e97","extracted","not_started","not_required","not_started","false"
"legacy.legal.professional.security.legal.accounting.or..1b3c2456","legal","legal","P0","App/LegalDocuments/en/Privacy-Policy.md","174","professional security, legal, accounting or support advisers where needed;","","","","","","legal_copy","","legal","inventory.legal.1b3c2456b60c","extracted","not_started","not_required","not_started","false"
"legacy.legal.courts.regulators.law.enforcement.or.other.c6be154e","legal","legal","P0","App/LegalDocuments/en/Privacy-Policy.md","176","courts, regulators, law-enforcement or other authorities where disclosure","","","","","","legal_copy","","legal","inventory.legal.c6be154ebcaa","extracted","not_started","not_required","not_started","false"
"legacy.legal.is.lawfully.required.b7c30569","legal","legal","P0","App/LegalDocuments/en/Privacy-Policy.md","177","is lawfully required.","","","","","","legal_copy","","legal","inventory.legal.b7c305697403","extracted","not_started","not_required","not_started","false"
"legacy.legal.if.you.export.or.share.a.report.informatio.d4597d3c","legal","legal","P0","App/LegalDocuments/en/Privacy-Policy.md","179","If you export or share a report, information is also disclosed to the person","","","","","","legal_copy","","legal","inventory.legal.d4597d3c8234","extracted","not_started","not_required","not_started","false"
"legacy.legal.or.service.you.select.742b5d18","legal","legal","P0","App/LegalDocuments/en/Privacy-Policy.md","180","or service you select.","","","","","","legal_copy","","legal","inventory.legal.742b5d180d6e","extracted","not_started","not_required","not_started","false"
"legacy.legal.service.providers.are.authorised.to.proces.9a8f130e","legal","legal","P0","App/LegalDocuments/en/Privacy-Policy.md","182","Service providers are authorised to process information for contracted","","","","","","legal_copy","","legal","inventory.legal.9a8f130e56c1","extracted","not_started","not_required","not_started","false"
"legacy.legal.service.purposes.not.to.use.submitted.work.63f639ad","legal","legal","P0","App/LegalDocuments/en/Privacy-Policy.md","183","service purposes, not to use submitted workplace content for unrelated","","","","","","legal_copy","","legal","inventory.legal.63f639ad3317","extracted","not_started","not_required","not_started","false"
"legacy.legal.9.international.processing.and.transfers.a8958e8c","legal","legal","P0","App/LegalDocuments/en/Privacy-Policy.md","186","9. International processing and transfers","","","","","","legal_copy","","legal","inventory.legal.a8958e8ce174","extracted","not_started","not_required","not_started","false"
"legacy.legal.riskdetected.is.based.in.turkiye.providers.165cdd2e","legal","legal","P0","App/LegalDocuments/en/Privacy-Policy.md","188","RiskDetected is based in Türkiye. Providers and their subprocessors may","","","","","","legal_copy","","legal","inventory.legal.165cdd2efaa7","extracted","not_started","not_required","not_started","false"
"legacy.legal.process.information.in.turkiye.the.united..ea702a4e","legal","legal","P0","App/LegalDocuments/en/Privacy-Policy.md","189","process information in Türkiye, the United States, the European Economic Area","","","","","","legal_copy","","legal","inventory.legal.ea702a4efbf0","extracted","not_started","not_required","not_started","false"
"legacy.legal.and.other.countries.in.which.they.operate..17f13879","legal","legal","P0","App/LegalDocuments/en/Privacy-Policy.md","190","and other countries in which they operate. Privacy laws in those countries","","","","","","legal_copy","","legal","inventory.legal.17f13879643b","extracted","not_started","not_required","not_started","false"
"legacy.legal.may.differ.from.the.laws.where.you.live.f6551683","legal","legal","P0","App/LegalDocuments/en/Privacy-Policy.md","191","may differ from the laws where you live.","","","","","","legal_copy","","legal","inventory.legal.f6551683ec07","extracted","not_started","not_required","not_started","false"
"legacy.legal.where.required.riskdetected.relies.on.an.a.af04302b","legal","legal","P0","App/LegalDocuments/en/Privacy-Policy.md","193","Where required, RiskDetected relies on an applicable adequacy decision,","","","","","","legal_copy","","legal","inventory.legal.af04302bef14","extracted","not_started","not_required","not_started","false"
"legacy.legal.contractual.safeguards.provider.data.proce.bf424af4","legal","legal","P0","App/LegalDocuments/en/Privacy-Policy.md","194","contractual safeguards, provider data-processing terms, statutory exception","","","","","","legal_copy","","legal","inventory.legal.bf424af43bac","extracted","not_started","not_required","not_started","false"
"legacy.legal.or.explicit.consent.you.can.request.inform.28466595","legal","legal","P0","App/LegalDocuments/en/Privacy-Policy.md","195","or explicit consent. You can request information about the safeguards","","","","","","legal_copy","","legal","inventory.legal.284665953084","extracted","not_started","not_required","not_started","false"
"legacy.legal.relevant.to.your.processing.by.contacting..060904b3","legal","legal","P0","App/LegalDocuments/en/Privacy-Policy.md","196","relevant to your processing by contacting info@riskdetected.com.","","","","","","legal_copy","","legal","inventory.legal.060904b3734f","extracted","not_started","not_required","not_started","false"
"legacy.legal.provider.locations.and.subprocessors.can.c.8806ad15","legal","legal","P0","App/LegalDocuments/en/Privacy-Policy.md","198","Provider locations and subprocessors can change as their infrastructure","","","","","","legal_copy","","legal","inventory.legal.8806ad155888","extracted","not_started","not_required","not_started","false"
"legacy.legal.changes.riskdetected.reviews.provider.term.c2469831","legal","legal","P0","App/LegalDocuments/en/Privacy-Policy.md","199","changes. RiskDetected reviews provider terms and will update this Policy when","","","","","","legal_copy","","legal","inventory.legal.c246983144a7","extracted","not_started","not_required","not_started","false"
"legacy.legal.a.material.change.affects.the.disclosures.7f6b5f28","legal","legal","P0","App/LegalDocuments/en/Privacy-Policy.md","200","a material change affects the disclosures.","","","","","","legal_copy","","legal","inventory.legal.7f6b5f283e54","extracted","not_started","not_required","not_started","false"
"legacy.legal.current.product.retention.rules.are.738225a8","legal","legal","P0","App/LegalDocuments/en/Privacy-Policy.md","204","Current product retention rules are:","","","","","","legal_copy","","legal","inventory.legal.738225a8935a","extracted","not_started","not_required","not_started","false"
"legacy.legal.free.analysis.photographs.7.days.28077245","legal","legal","P0","App/LegalDocuments/en/Privacy-Policy.md","206","Free analysis photographs: 7 days.","","","","","","legal_copy","","legal","inventory.legal.2807724533ea","extracted","not_started","not_required","not_started","false"
"legacy.legal.plus.analysis.photographs.30.days.4bc148a9","legal","legal","P0","App/LegalDocuments/en/Privacy-Policy.md","207","Plus analysis photographs: 30 days.","","","","","","legal_copy","","legal","inventory.legal.4bc148a99ffa","extracted","not_started","not_required","not_started","false"
"legacy.legal.pro.analysis.photographs.while.the.account.294697f3","legal","legal","P0","App/LegalDocuments/en/Privacy-Policy.md","208","Pro analysis photographs: while the account remains active or until the","","","","","","legal_copy","","legal","inventory.legal.294697f3ace1","extracted","not_started","not_required","not_started","false"
"legacy.legal.user.deletes.them.subject.to.technical.del.f667b2bf","legal","legal","P0","App/LegalDocuments/en/Privacy-Policy.md","209","user deletes them, subject to technical deletion and lawful retention.","","","","","","legal_copy","","legal","inventory.legal.f667b2bf81dd","extracted","not_started","not_required","not_started","false"
"legacy.legal.raw.ai.responses.and.ai.audit.records.30.d.b0847ad0","legal","legal","P0","App/LegalDocuments/en/Privacy-Policy.md","210","Raw AI responses and AI audit records: 30 days.","","","","","","legal_copy","","legal","inventory.legal.b0847ad0aa19","extracted","not_started","not_required","not_started","false"
"legacy.legal.analysis.results.findings.reports.and.prof.8a195a47","legal","legal","P0","App/LegalDocuments/en/Privacy-Policy.md","211","Analysis results, findings, reports and professional-progress records:","","","","","","legal_copy","","legal","inventory.legal.8a195a478e71","extracted","not_started","not_required","not_started","false"
"legacy.legal.until.the.user.deletes.them.the.account.is.731a8641","legal","legal","P0","App/LegalDocuments/en/Privacy-Policy.md","212","until the user deletes them, the account is deleted or the purpose ends.","","","","","","legal_copy","","legal","inventory.legal.731a8641e4ca","extracted","not_started","not_required","not_started","false"
"legacy.legal.profile.avatars.company.logos.and.company..1d9f9d0b","legal","legal","P0","App/LegalDocuments/en/Privacy-Policy.md","213","Profile avatars, company logos and company records: until deleted or","","","","","","legal_copy","","legal","inventory.legal.1d9f9d0b02a1","extracted","not_started","not_required","not_started","false"
"legacy.legal.archived.by.the.user.the.account.is.delete.0234ff08","legal","legal","P0","App/LegalDocuments/en/Privacy-Policy.md","214","archived by the user, the account is deleted or the purpose ends.","","","","","","legal_copy","","legal","inventory.legal.0234ff0855b0","extracted","not_started","not_required","not_started","false"
"legacy.legal.notification.tokens.and.preferences.until..0be27ae2","legal","legal","P0","App/LegalDocuments/en/Privacy-Policy.md","215","Notification tokens and preferences: until disabled, invalidated, signed","","","","","","legal_copy","","legal","inventory.legal.0be27ae2faf3","extracted","not_started","not_required","not_started","false"
"legacy.legal.out.or.the.account.is.deleted.8ac58e83","legal","legal","P0","App/LegalDocuments/en/Privacy-Policy.md","216","out or the account is deleted.","","","","","","legal_copy","","legal","inventory.legal.8ac58e83d9fc","extracted","not_started","not_required","not_started","false"
"legacy.legal.subscription.consent.document.acceptance.s.575a7090","legal","legal","P0","App/LegalDocuments/en/Privacy-Policy.md","217","Subscription, consent, document acceptance, support, account-deletion,","","","","","","legal_copy","","legal","inventory.legal.575a70908bb5","extracted","not_started","not_required","not_started","false"
"legacy.legal.security.and.dispute.records.for.the.appli.f0522f60","legal","legal","P0","App/LegalDocuments/en/Privacy-Policy.md","218","security and dispute records: for the applicable legal, accounting,","","","","","","legal_copy","","legal","inventory.legal.f0522f60a8da","extracted","not_started","not_required","not_started","false"
"legacy.legal.security.limitation.and.evidence.periods.024b8f7a","legal","legal","P0","App/LegalDocuments/en/Privacy-Policy.md","219","security, limitation and evidence periods.","","","","","","legal_copy","","legal","inventory.legal.024b8f7af37b","extracted","not_started","not_required","not_started","false"
"legacy.legal.when.a.period.ends.or.a.valid.deletion.req.189c609b","legal","legal","P0","App/LegalDocuments/en/Privacy-Policy.md","221","When a period ends or a valid deletion request applies, information is","","","","","","legal_copy","","legal","inventory.legal.189c609bce05","extracted","not_started","not_required","not_started","false"
"legacy.legal.deleted.de.identified.or.anonymised.limite.cd33806a","legal","legal","P0","App/LegalDocuments/en/Privacy-Policy.md","222","deleted, de-identified or anonymised. Limited backups, security records and","","","","","","legal_copy","","legal","inventory.legal.cd33806a33ce","extracted","not_started","not_required","not_started","false"
"legacy.legal.legal.holds.may.remain.for.a.reasonable.pe.2d41ff4a","legal","legal","P0","App/LegalDocuments/en/Privacy-Policy.md","223","legal holds may remain for a reasonable period where necessary.","","","","","","legal_copy","","legal","inventory.legal.2d41ff4a2807","extracted","not_started","not_required","not_started","false"
"legacy.legal.11.account.and.content.deletion.2ca4464c","legal","legal","P0","App/LegalDocuments/en/Privacy-Policy.md","225","11. Account and content deletion","","","","","","legal_copy","","legal","inventory.legal.2ca4464ccfc8","extracted","not_started","not_required","not_started","false"
"legacy.legal.you.can.delete.supported.analyses.reports..77718415","legal","legal","P0","App/LegalDocuments/en/Privacy-Policy.md","227","You can delete supported analyses, reports, company records, avatars and","","","","","","legal_copy","","legal","inventory.legal.77718415739d","extracted","not_started","not_required","not_started","false"
"legacy.legal.logos.in.the.app.80891730","legal","legal","P0","App/LegalDocuments/en/Privacy-Policy.md","228","logos in the app.","","","","","","legal_copy","","legal","inventory.legal.80891730c399","extracted","not_started","not_required","not_started","false"
"legacy.legal.you.can.start.and.complete.account.deletio.efbee5d2","legal","legal","P0","App/LegalDocuments/en/Privacy-Policy.md","230","You can start and complete account deletion through Profile > Delete Account.","","","","","","legal_copy","","legal","inventory.legal.efbee5d2673e","extracted","not_started","not_required","not_started","false"
"legacy.legal.an.email.support.request.or.website.reques.2baa36a4","legal","legal","P0","App/LegalDocuments/en/Privacy-Policy.md","231","An email, support request or website request is not required. Account deletion","","","","","","legal_copy","","legal","inventory.legal.2baa36a4a7b0","extracted","not_started","not_required","not_started","false"
"legacy.legal.removes.the.account.and.associated.app.dat.bee0be10","legal","legal","P0","App/LegalDocuments/en/Privacy-Policy.md","232","removes the account and associated app data, subject to lawful retention,","","","","","","legal_copy","","legal","inventory.legal.bee0be10a1e9","extracted","not_started","not_required","not_started","false"
"legacy.legal.security.dispute.and.reasonable.backup.req.bd0b644a","legal","legal","P0","App/LegalDocuments/en/Privacy-Policy.md","233","security, dispute and reasonable backup requirements.","","","","","","legal_copy","","legal","inventory.legal.bd0b644a6e65","extracted","not_started","not_required","not_started","false"
"legacy.legal.deleting.a.riskdetected.account.does.not.a.c56e458d","legal","legal","P0","App/LegalDocuments/en/Privacy-Policy.md","235","Deleting a RiskDetected account does not automatically cancel an Apple","","","","","","legal_copy","","legal","inventory.legal.c56e458dc011","extracted","not_started","not_required","not_started","false"
"legacy.legal.subscription.manage.the.subscription.throu.272a895a","legal","legal","P0","App/LegalDocuments/en/Privacy-Policy.md","236","subscription. Manage the subscription through Apple Account settings.","","","","","","legal_copy","","legal","inventory.legal.272a895a100f","extracted","not_started","not_required","not_started","false"
"legacy.legal.12.sharing.sale.advertising.and.tracking.519fa6c9","legal","legal","P0","App/LegalDocuments/en/Privacy-Policy.md","238","12. Sharing, sale, advertising and tracking","","","","","","legal_copy","","legal","inventory.legal.519fa6c9f294","extracted","not_started","not_required","not_started","false"
"legacy.legal.riskdetected.does.not.sell.personal.inform.feef8313","legal","legal","P0","App/LegalDocuments/en/Privacy-Policy.md","240","RiskDetected does not sell personal information to data brokers. It does not","","","","","","legal_copy","","legal","inventory.legal.feef8313aa9d","extracted","not_started","not_required","not_started","false"
"legacy.legal.use.submitted.workplace.content.for.public.14f3c97c","legal","legal","P0","App/LegalDocuments/en/Privacy-Policy.md","241","use submitted workplace content for public advertising without separate","","","","","","legal_copy","","legal","inventory.legal.14f3c97c1a60","extracted","not_started","not_required","not_started","false"
"legacy.legal.the.mobile.app.does.not.currently.use.idfa.41f38be7","legal","legal","P0","App/LegalDocuments/en/Privacy-Policy.md","244","The mobile app does not currently use IDFA-based cross-company tracking or","","","","","","legal_copy","","legal","inventory.legal.41f38be736a4","extracted","not_started","not_required","not_started","false"
"legacy.legal.track.users.across.other.companies.apps.an.e26f968f","legal","legal","P0","App/LegalDocuments/en/Privacy-Policy.md","245","track users across other companies’ apps and websites for targeted","","","","","","legal_copy","","legal","inventory.legal.e26f968f8dbf","extracted","not_started","not_required","not_started","false"
"legacy.legal.advertising.if.this.changes.riskdetected.w.169fc594","legal","legal","P0","App/LegalDocuments/en/Privacy-Policy.md","246","advertising. If this changes, RiskDetected will update this Policy and request","","","","","","legal_copy","","legal","inventory.legal.169fc594f5ae","extracted","not_started","not_required","not_started","false"
"legacy.legal.apple.app.tracking.transparency.permission.9e606511","legal","legal","P0","App/LegalDocuments/en/Privacy-Policy.md","247","Apple App Tracking Transparency permission where required.","","","","","","legal_copy","","legal","inventory.legal.9e606511d02c","extracted","not_started","not_required","not_started","false"
"legacy.legal.13.notifications.and.email.15faa088","legal","legal","P0","App/LegalDocuments/en/Privacy-Policy.md","249","13. Notifications and email","","","","","","legal_copy","","legal","inventory.legal.15faa0885de5","extracted","not_started","not_required","not_started","false"
"legacy.legal.service.emails.may.cover.authentication.ac.e10df5ad","legal","legal","P0","App/LegalDocuments/en/Privacy-Policy.md","251","Service emails may cover authentication, account security, support and","","","","","","legal_copy","","legal","inventory.legal.e10df5ada6c4","extracted","not_started","not_required","not_started","false"
"legacy.legal.requested.service.activity.push.notificati.4e69194b","legal","legal","P0","App/LegalDocuments/en/Privacy-Policy.md","252","requested service activity. Push notifications may cover analysis/report","","","","","","legal_copy","","legal","inventory.legal.4e69194bb9a1","extracted","not_started","not_required","not_started","false"
"legacy.legal.completion.account.status.trials.and.progr.4c05eb5a","legal","legal","P0","App/LegalDocuments/en/Privacy-Policy.md","253","completion, account status, trials and progress events.","","","","","","legal_copy","","legal","inventory.legal.4c05eb5a6669","extracted","not_started","not_required","not_started","false"
"legacy.legal.you.can.control.push.notifications.in.the..43a59cc5","legal","legal","P0","App/LegalDocuments/en/Privacy-Policy.md","255","You can control push notifications in the app and iOS Settings. Optional","","","","","","legal_copy","","legal","inventory.legal.43a59cc53760","extracted","not_started","not_started","not_started","true"
"legacy.legal.marketing.consent.is.separate.and.can.be.w.ccc2d53d","legal","legal","P0","App/LegalDocuments/en/Privacy-Policy.md","256","marketing consent is separate and can be withdrawn.","","","","","","legal_copy","","legal","inventory.legal.ccc2d53d9e6b","extracted","not_started","not_required","not_started","false"
"legacy.legal.riskdetected.uses.technical.and.organisati.63cb9c9e","legal","legal","P0","App/LegalDocuments/en/Privacy-Policy.md","260","RiskDetected uses technical and organisational measures designed to protect","","","","","","legal_copy","","legal","inventory.legal.63cb9c9e695e","extracted","not_started","not_required","not_started","false"
"legacy.legal.information.including.access.controls.row..1a1a4c10","legal","legal","P0","App/LegalDocuments/en/Privacy-Policy.md","261","information, including access controls, row-level security, private storage,","","","","","","legal_copy","","legal","inventory.legal.1a1a4c10e448","extracted","not_started","not_required","not_started","false"
"legacy.legal.file.type.and.size.restrictions.authentica.dd492532","legal","legal","P0","App/LegalDocuments/en/Privacy-Policy.md","262","file type and size restrictions, authenticated backend functions, log","","","","","","legal_copy","","legal","inventory.legal.dd49253284bf","extracted","not_started","not_required","not_started","false"
"legacy.legal.redaction.data.minimisation.retention.clea.22c02492","legal","legal","P0","App/LegalDocuments/en/Privacy-Policy.md","263","redaction, data minimisation, retention cleanup and deletion mechanisms.","","","","","","legal_copy","","legal","inventory.legal.22c024926174","extracted","not_started","not_required","not_started","false"
"legacy.legal.no.internet.or.cloud.system.can.guarantee..29f7c58a","legal","legal","P0","App/LegalDocuments/en/Privacy-Policy.md","265","No internet or cloud system can guarantee absolute security. Contact","","","","","","legal_copy","","legal","inventory.legal.29f7c58abc5b","extracted","not_started","not_required","not_started","false"
"legacy.legal.info.riskdetected.com.if.you.believe.infor.7342562a","legal","legal","P0","App/LegalDocuments/en/Privacy-Policy.md","266","info@riskdetected.com if you believe information has been compromised.","","","","","","legal_copy","","legal","inventory.legal.7342562a1658","extracted","not_started","not_required","not_started","false"
"legacy.legal.15.your.choices.and.rights.354b1496","legal","legal","P0","App/LegalDocuments/en/Privacy-Policy.md","268","15. Your choices and rights","","","","","","legal_copy","","legal","inventory.legal.354b14968954","extracted","not_started","not_required","not_started","false"
"legacy.legal.depending.on.applicable.law.you.may.have.r.133ed302","legal","legal","P0","App/LegalDocuments/en/Privacy-Policy.md","270","Depending on applicable law, you may have rights to:","","","","","","legal_copy","","legal","inventory.legal.133ed30214fe","extracted","not_started","not_required","not_started","false"
"legacy.legal.know.whether.and.how.personal.information..da9a58a4","legal","legal","P0","App/LegalDocuments/en/Privacy-Policy.md","272","know whether and how personal information is processed;","","","","","","legal_copy","","legal","inventory.legal.da9a58a43e94","extracted","not_started","not_required","not_started","false"
"legacy.legal.access.or.receive.a.copy.221d634b","legal","legal","P0","App/LegalDocuments/en/Privacy-Policy.md","273","access or receive a copy;","","","","","","legal_copy","","legal","inventory.legal.221d634b5068","extracted","not_started","not_required","not_started","false"
"legacy.legal.correct.inaccurate.information.6cdaca8d","legal","legal","P0","App/LegalDocuments/en/Privacy-Policy.md","274","correct inaccurate information;","","","","","","legal_copy","","legal","inventory.legal.6cdaca8d7555","extracted","not_started","not_required","not_started","false"
"legacy.legal.request.deletion.333e3667","legal","legal","P0","App/LegalDocuments/en/Privacy-Policy.md","275","request deletion;","","","","","","legal_copy","","legal","inventory.legal.333e3667826f","extracted","not_started","not_required","not_started","false"
"legacy.legal.restrict.or.object.to.processing.34c53f75","legal","legal","P0","App/LegalDocuments/en/Privacy-Policy.md","276","restrict or object to processing;","","","","","","legal_copy","","legal","inventory.legal.34c53f759453","extracted","not_started","not_required","not_started","false"
"legacy.legal.request.portability.85c9cfff","legal","legal","P0","App/LegalDocuments/en/Privacy-Policy.md","277","request portability;","","","","","","legal_copy","","legal","inventory.legal.85c9cfff22e8","extracted","not_started","not_required","not_started","false"
"legacy.legal.withdraw.consent.for.future.processing.702aa3a6","legal","legal","P0","App/LegalDocuments/en/Privacy-Policy.md","278","withdraw consent for future processing;","","","","","","legal_copy","","legal","inventory.legal.702aa3a69483","extracted","not_started","not_required","not_started","false"
"legacy.legal.challenge.certain.automated.processing.and.627bd0a6","legal","legal","P0","App/LegalDocuments/en/Privacy-Policy.md","279","challenge certain automated processing; and","","","","","","legal_copy","","legal","inventory.legal.627bd0a6906b","extracted","not_started","not_required","not_started","false"
"legacy.legal.complain.to.a.privacy.or.data.protection.a.35b2193e","legal","legal","P0","App/LegalDocuments/en/Privacy-Policy.md","280","complain to a privacy or data-protection authority.","","","","","","legal_copy","","legal","inventory.legal.35b2193e361e","extracted","not_started","not_required","not_started","false"
"legacy.legal.we.may.need.to.verify.your.identity.and.ma.f492dbb5","legal","legal","P0","App/LegalDocuments/en/Privacy-Policy.md","282","We may need to verify your identity and may retain or refuse certain","","","","","","legal_copy","","legal","inventory.legal.f492dbb57c55","extracted","not_started","not_required","not_started","false"
"legacy.legal.information.where.an.applicable.exception..03533e95","legal","legal","P0","App/LegalDocuments/en/Privacy-Policy.md","283","information where an applicable exception requires or permits it. You will","","","","","","legal_copy","","legal","inventory.legal.03533e953497","extracted","not_started","not_required","not_started","false"
"legacy.legal.not.be.discriminated.against.for.exercisin.4a7d1012","legal","legal","P0","App/LegalDocuments/en/Privacy-Policy.md","284","not be discriminated against for exercising a privacy right.","","","","","","legal_copy","","legal","inventory.legal.4a7d101244fc","extracted","not_started","not_required","not_started","false"
"legacy.legal.submit.a.privacy.request.through.profile.s.1ed4fd33","legal","legal","P0","App/LegalDocuments/en/Privacy-Policy.md","286","Submit a privacy request through Profile > Support or","","","","","","legal_copy","","legal","inventory.legal.1ed4fd334ef5","extracted","not_started","not_required","not_started","false"
"legacy.legal.info.riskdetected.com.account.deletion.rem.1421e1fb","legal","legal","P0","App/LegalDocuments/en/Privacy-Policy.md","287","info@riskdetected.com. Account deletion remains available directly through","","","","","","legal_copy","","legal","inventory.legal.1421e1fbc5af","extracted","not_started","not_required","not_started","false"
"legacy.legal.profile.delete.account.f24b4146","legal","legal","P0","App/LegalDocuments/en/Privacy-Policy.md","288","Profile > Delete Account.","","","","","","legal_copy","","legal","inventory.legal.f24b4146c115","extracted","not_started","not_required","not_started","false"
"legacy.legal.united.kingdom.017d1469","legal","legal","P0","App/LegalDocuments/en/Privacy-Policy.md","290","United Kingdom","","","","","","legal_copy","","legal","inventory.legal.017d14694867","extracted","not_started","not_required","not_started","false"
"legacy.legal.where.uk.data.protection.law.applies.you.m.3a2e84d9","legal","legal","P0","App/LegalDocuments/en/Privacy-Policy.md","292","Where UK data-protection law applies, you may have rights of access,","","","","","","legal_copy","","legal","inventory.legal.3a2e84d93c70","extracted","not_started","not_required","not_started","false"
"legacy.legal.rectification.erasure.restriction.portabil.23b14584","legal","legal","P0","App/LegalDocuments/en/Privacy-Policy.md","293","rectification, erasure, restriction, portability and objection, and the right","","","","","","legal_copy","","legal","inventory.legal.23b145844e74","extracted","not_started","not_required","not_started","false"
"legacy.legal.to.withdraw.consent.you.may.complain.to.th.3324c7ed","legal","legal","P0","App/LegalDocuments/en/Privacy-Policy.md","294","to withdraw consent. You may complain to the UK Information Commissioner’s","","","","","","legal_copy","","legal","inventory.legal.3324c7ede4cf","extracted","not_started","not_required","not_started","false"
"legacy.legal.office.at.https.ico.org.uk.make.a.complain.5f9635e0","legal","legal","P0","App/LegalDocuments/en/Privacy-Policy.md","295","Office at https://ico.org.uk/make-a-complaint/.","","","","","","legal_copy","","legal","inventory.legal.5f9635e0455f","extracted","not_started","not_required","not_started","false"
"legacy.legal.united.states.and.california.25f3f9b3","legal","legal","P0","App/LegalDocuments/en/Privacy-Policy.md","297","United States and California","","","","","","legal_copy","","legal","inventory.legal.25f3f9b333e1","extracted","not_started","not_required","not_started","false"
"legacy.legal.where.a.state.privacy.law.applies.you.may..fd7275a2","legal","legal","P0","App/LegalDocuments/en/Privacy-Policy.md","299","Where a state privacy law applies, you may request the disclosures, access,","","","","","","legal_copy","","legal","inventory.legal.fd7275a21e2e","extracted","not_started","not_required","not_started","false"
"legacy.legal.correction.deletion.portability.and.opt.ou.c229b45f","legal","legal","P0","App/LegalDocuments/en/Privacy-Policy.md","300","correction, deletion, portability and opt-out rights provided by that law.","","","","","","legal_copy","","legal","inventory.legal.c229b45f8391","extracted","not_started","not_required","not_started","false"
"legacy.legal.riskdetected.does.not.currently.sell.perso.123ee994","legal","legal","P0","App/LegalDocuments/en/Privacy-Policy.md","301","RiskDetected does not currently sell personal information or share it for","","","","","","legal_copy","","legal","inventory.legal.123ee99400eb","extracted","not_started","not_required","not_started","false"
"legacy.legal.cross.context.behavioural.advertising.if.c.fee3b4f7","legal","legal","P0","App/LegalDocuments/en/Privacy-Policy.md","302","cross-context behavioural advertising. If California’s CCPA/CPRA applies to","","","","","","legal_copy","","legal","inventory.legal.fee3b4f74f4e","extracted","not_started","not_required","not_started","false"
"legacy.legal.riskdetected.and.your.information.you.may..91747491","legal","legal","P0","App/LegalDocuments/en/Privacy-Policy.md","303","RiskDetected and your information, you may exercise the applicable rights","","","","","","legal_copy","","legal","inventory.legal.91747491fd88","extracted","not_started","not_required","not_started","false"
"legacy.legal.through.the.contact.methods.above.b399f701","legal","legal","P0","App/LegalDocuments/en/Privacy-Policy.md","304","through the contact methods above.","","","","","","legal_copy","","legal","inventory.legal.b399f701dcef","extracted","not_started","not_required","not_started","false"
"legacy.legal.where.the.australian.privacy.act.applies.y.c39c86e0","legal","legal","P0","App/LegalDocuments/en/Privacy-Policy.md","308","Where the Australian Privacy Act applies, you may request access or","","","","","","legal_copy","","legal","inventory.legal.c39c86e0da87","extracted","not_started","not_required","not_started","false"
"legacy.legal.correction.and.submit.a.privacy.complaint..9585c457","legal","legal","P0","App/LegalDocuments/en/Privacy-Policy.md","309","correction and submit a privacy complaint to RiskDetected first. We will","","","","","","legal_copy","","legal","inventory.legal.9585c45703ef","extracted","not_started","not_required","not_started","false"
"legacy.legal.investigate.and.respond.within.a.reasonabl.d59060a5","legal","legal","P0","App/LegalDocuments/en/Privacy-Policy.md","310","investigate and respond within a reasonable period. If unresolved, you may","","","","","","legal_copy","","legal","inventory.legal.d59060a588ea","extracted","not_started","not_required","not_started","false"
"legacy.legal.contact.the.office.of.the.australian.infor.5604bd99","legal","legal","P0","App/LegalDocuments/en/Privacy-Policy.md","311","contact the Office of the Australian Information Commissioner at","","","","","","legal_copy","","legal","inventory.legal.5604bd99eb79","extracted","not_started","not_required","not_started","false"
"legacy.legal.riskdetected.s.designated.privacy.contact..46872bce","legal","legal","P0","App/LegalDocuments/en/Privacy-Policy.md","316","RiskDetected’s designated privacy contact is the RiskDetected Privacy Team at","","","","","","legal_copy","","legal","inventory.legal.46872bceb6eb","extracted","not_started","not_required","not_started","false"
"legacy.legal.info.riskdetected.com.where.canadian.priva.45a6cd0e","legal","legal","P0","App/LegalDocuments/en/Privacy-Policy.md","317","info@riskdetected.com. Where Canadian privacy law applies, you may request","","","","","","legal_copy","","legal","inventory.legal.45a6cd0e85be","extracted","not_started","not_required","not_started","false"
"legacy.legal.access.or.correction.and.challenge.riskdet.a13d8862","legal","legal","P0","App/LegalDocuments/en/Privacy-Policy.md","318","access or correction and challenge RiskDetected’s compliance. You may also","","","","","","legal_copy","","legal","inventory.legal.a13d8862a5a4","extracted","not_started","not_required","not_started","false"
"legacy.legal.contact.the.office.of.the.privacy.commissi.7a436c92","legal","legal","P0","App/LegalDocuments/en/Privacy-Policy.md","319","contact the Office of the Privacy Commissioner of Canada or the applicable","","","","","","legal_copy","","legal","inventory.legal.7a436c92ca9b","extracted","not_started","not_required","not_started","false"
"legacy.legal.provincial.privacy.authority.c7225d4a","legal","legal","P0","App/LegalDocuments/en/Privacy-Policy.md","320","provincial privacy authority.","","","","","","legal_copy","","legal","inventory.legal.c7225d4a5100","extracted","not_started","not_required","not_started","false"
"legacy.legal.riskdetected.is.designed.for.workplace.and.775162b9","legal","legal","P0","App/LegalDocuments/en/Privacy-Policy.md","324","RiskDetected is designed for workplace and professional use and is not","","","","","","legal_copy","","legal","inventory.legal.775162b9ad97","extracted","not_started","not_required","not_started","false"
"legacy.legal.directed.to.children.do.not.submit.childre.0b2e92f9","legal","legal","P0","App/LegalDocuments/en/Privacy-Policy.md","325","directed to children. Do not submit children’s information unless you have","","","","","","legal_copy","","legal","inventory.legal.0b2e92f9e3c0","extracted","not_started","not_required","not_started","false"
"legacy.legal.completed.all.legally.required.notices.per.99edc43d","legal","legal","P0","App/LegalDocuments/en/Privacy-Policy.md","326","completed all legally required notices, permissions and safeguards.","","","","","","legal_copy","","legal","inventory.legal.99edc43dbbed","extracted","not_started","not_required","not_started","false"
"legacy.legal.17.website.technologies.9b39250e","legal","legal","P0","App/LegalDocuments/en/Privacy-Policy.md","328","17. Website technologies","","","","","","legal_copy","","legal","inventory.legal.9b39250e474f","extracted","not_started","not_required","not_started","false"
"legacy.legal.the.mobile.app.does.not.require.browser.co.5d6135a9","legal","legal","P0","App/LegalDocuments/en/Privacy-Policy.md","330","The mobile app does not require browser cookies for core use. The public","","","","","","legal_copy","","legal","inventory.legal.5d6135a95952","extracted","not_started","not_required","not_started","false"
"legacy.legal.website.legal.pages.and.service.provider.l.0db67b2a","legal","legal","P0","App/LegalDocuments/en/Privacy-Policy.md","331","website, legal pages and service-provider links may use cookies, local storage","","","","","","legal_copy","","legal","inventory.legal.0db67b2aa652","extracted","not_started","not_required","not_started","false"
"legacy.legal.or.similar.technologies.for.security.and.o.0e126b15","legal","legal","P0","App/LegalDocuments/en/Privacy-Policy.md","332","or similar technologies for security and operation. Website practices are","","","","","","legal_copy","","legal","inventory.legal.0e126b15043e","extracted","not_started","not_required","not_started","false"
"legacy.legal.described.through.the.website.s.cookie.inf.e0d8e00b","legal","legal","P0","App/LegalDocuments/en/Privacy-Policy.md","333","described through the website’s cookie information where applicable.","","","","","","legal_copy","","legal","inventory.legal.e0d8e00b807a","extracted","not_started","not_required","not_started","false"
"legacy.legal.18.changes.to.this.policy.303a7e73","legal","legal","P0","App/LegalDocuments/en/Privacy-Policy.md","335","18. Changes to this Policy","","","","","","legal_copy","","legal","inventory.legal.303a7e730d6b","extracted","not_started","not_required","not_started","false"
"legacy.legal.riskdetected.may.update.this.policy.for.pr.46e1298a","legal","legal","P0","App/LegalDocuments/en/Privacy-Policy.md","337","RiskDetected may update this Policy for product, provider, security, legal or","","","","","","legal_copy","","legal","inventory.legal.46e1298ae699","extracted","not_started","not_required","not_started","false"
"legacy.legal.app.store.changes.material.changes.will.be.f5d6d206","legal","legal","P0","App/LegalDocuments/en/Privacy-Policy.md","338","App Store changes. Material changes will be communicated where required and","","","","","","legal_copy","","legal","inventory.legal.f5d6d2065575","extracted","not_started","not_required","not_started","false"
"legacy.legal.may.require.renewed.acknowledgement.or.con.22137714","legal","legal","P0","App/LegalDocuments/en/Privacy-Policy.md","339","may require renewed acknowledgement or consent. Acceptance records identify","","","","","","legal_copy","","legal","inventory.legal.221377142cb6","extracted","not_started","not_required","not_started","false"
"legacy.legal.the.document.set.version.and.checksum.show.8bfb357f","legal","legal","P0","App/LegalDocuments/en/Privacy-Policy.md","340","the document set, version and checksum shown to the user.","","","","","","legal_copy","","legal","inventory.legal.8bfb357fe7ef","extracted","not_started","not_required","not_started","false"
"legacy.legal.19.contact.and.complaints.32c78f40","legal","legal","P0","App/LegalDocuments/en/Privacy-Policy.md","342","19. Contact and complaints","","","","","","legal_copy","","legal","inventory.legal.32c78f40c2b0","extracted","not_started","not_required","not_started","false"
"legacy.legal.privacy.contact.riskdetected.privacy.team.84b0fb4b","legal","legal","P0","App/LegalDocuments/en/Privacy-Policy.md","344","Privacy contact: RiskDetected Privacy Team","","","","","","legal_copy","","legal","inventory.legal.84b0fb4bdbb0","extracted","not_started","not_required","not_started","false"
"legacy.legal.email.info.riskdetected.com.ffea5d8b","legal","legal","P0","App/LegalDocuments/en/Privacy-Policy.md","345","Email: info@riskdetected.com","","","","","","legal_copy","","legal","inventory.legal.ffea5d8bbbb5","extracted","not_started","not_required","not_started","false"
"legacy.legal.address.eskisehir.turkiye.988c3a1e","legal","legal","P0","App/LegalDocuments/en/Privacy-Policy.md","346","Address: Eskişehir, Türkiye","","","","","","legal_copy","","legal","inventory.legal.988c3a1e42ce","extracted","not_started","not_required","not_started","false"
"legacy.legal.website.https.riskdetected.com.2e3c9e6b","legal","legal","P0","App/LegalDocuments/en/Privacy-Policy.md","347","Website: https://riskdetected.com","","","","","","legal_copy","","legal","inventory.legal.2e3c9e6bdff6","extracted","not_started","not_required","not_started","false"
"legacy.legal.in.app.support.profile.support.72dc1420","legal","legal","P0","App/LegalDocuments/en/Privacy-Policy.md","348","In-app support: Profile > Support","","","","","","legal_copy","","legal","inventory.legal.72dc1420db42","extracted","not_started","not_required","not_started","false"
"legacy.legal.please.describe.the.request.and.the.countr.0339b455","legal","legal","P0","App/LegalDocuments/en/Privacy-Policy.md","350","Please describe the request and the country whose privacy law you believe","","","","","","legal_copy","","legal","inventory.legal.0339b455c7d9","extracted","not_started","not_required","not_started","false"
"legacy.legal.applies.riskdetected.may.request.informati.eac8dca5","legal","legal","P0","App/LegalDocuments/en/Privacy-Policy.md","351","applies. RiskDetected may request information needed to verify identity and","","","","","","legal_copy","","legal","inventory.legal.eac8dca59006","extracted","not_started","not_required","not_started","false"
"legacy.legal.respond.securely.6a0ca860","legal","legal","P0","App/LegalDocuments/en/Privacy-Policy.md","352","respond securely.","","","","","","legal_copy","","legal","inventory.legal.6a0ca860f901","extracted","not_started","not_required","not_started","false"
"legacy.legal.riskdetected.terms.of.use.ff470716","legal","legal","P0","App/LegalDocuments/en/Terms-of-Use.md","1","RiskDetected Terms of Use","","","","","","legal_copy","","legal","inventory.legal.ff4707167e90","extracted","not_started","not_required","not_started","false"
"legacy.legal.effective.date.31.july.2026.ebc9ffc9","legal","legal","P0","App/LegalDocuments/en/Terms-of-Use.md","3","Effective date: 31 July 2026","","","","","","legal_copy","","legal","inventory.legal.ebc9ffc9fade","extracted","not_started","not_required","not_started","false"
"legacy.legal.document.set.en.global.v1.419969ca","legal","legal","P0","App/LegalDocuments/en/Terms-of-Use.md","4","Document set: en-global-v1","","","","","","legal_copy","","legal","inventory.legal.419969caa060","extracted","not_started","not_required","not_started","false"
"legacy.legal.version.terms.en.2026.07.31.1.33f7b90c","legal","legal","P0","App/LegalDocuments/en/Terms-of-Use.md","5","Version: terms-en-2026-07-31.1","","","","","","legal_copy","","legal","inventory.legal.33f7b90cd655","extracted","not_started","not_required","not_started","false"
"legacy.legal.last.updated.31.july.2026.f191556a","legal","legal","P0","App/LegalDocuments/en/Terms-of-Use.md","6","Last updated: 31 July 2026","","","","","","legal_copy","","legal","inventory.legal.f191556a5f73","extracted","not_started","not_required","not_started","false"
"legacy.legal.these.terms.of.use.terms.govern.your.use.o.a15c06de","legal","legal","P0","App/LegalDocuments/en/Terms-of-Use.md","8","These Terms of Use (“Terms”) govern your use of the RiskDetected mobile","","","","","","legal_copy","","legal","inventory.legal.a15c06de7a78","extracted","not_started","not_required","not_started","false"
"legacy.legal.application.and.its.connected.analysis.rep.c40abe4d","legal","legal","P0","App/LegalDocuments/en/Terms-of-Use.md","9","application and its connected analysis, reporting, company-management,","","","","","","legal_copy","","legal","inventory.legal.c40abe4d13f9","extracted","not_started","not_required","not_started","false"
"legacy.legal.subscription.professional.progress.notific.0496f301","legal","legal","P0","App/LegalDocuments/en/Terms-of-Use.md","10","subscription, professional-progress, notification and support services","","","","","","legal_copy","","legal","inventory.legal.0496f301ee0b","extracted","not_started","not_required","not_started","false"
"legacy.legal.together.the.service.65ac67d9","legal","legal","P0","App/LegalDocuments/en/Terms-of-Use.md","11","(together, the “Service”).","","","","","","legal_copy","","legal","inventory.legal.65ac67d95388","extracted","not_started","not_required","not_started","false"
"legacy.legal.service.provider.93846e2f","legal","legal","P0","App/LegalDocuments/en/Terms-of-Use.md","13","Service provider:","","","","","","legal_copy","","legal","inventory.legal.93846e2fedfd","extracted","not_started","not_required","not_started","false"
"legacy.legal.tax.identity.number.21832867210.b109f265","legal","legal","P0","App/LegalDocuments/en/Terms-of-Use.md","16","Tax/identity number: 21832867210","","","","","","legal_copy","","legal","inventory.legal.b109f2650b8b","extracted","not_started","not_required","not_started","false"
"legacy.legal.apple.s.standard.licensed.application.end..93016068","legal","legal","P0","App/LegalDocuments/en/Terms-of-Use.md","21","Apple’s Standard Licensed Application End User License Agreement also applies","","","","","","legal_copy","","legal","inventory.legal.93016068422f","extracted","not_started","not_required","not_started","false"
"legacy.legal.to.the.licensed.ios.application.c27eec8e","legal","legal","P0","App/LegalDocuments/en/Terms-of-Use.md","22","to the licensed iOS application:","","","","","","legal_copy","","legal","inventory.legal.c27eec8efd4e","extracted","not_started","not_required","not_started","false"
"legacy.legal.by.creating.an.account.signing.in.uploadin.e03ae287","legal","legal","P0","App/LegalDocuments/en/Terms-of-Use.md","25","By creating an account, signing in, uploading content, requesting an analysis","","","","","","legal_copy","","legal","inventory.legal.e03ae28721fb","extracted","not_started","not_required","not_started","false"
"legacy.legal.or.otherwise.using.the.service.you.agree.t.3cfd35eb","legal","legal","P0","App/LegalDocuments/en/Terms-of-Use.md","26","or otherwise using the Service, you agree to these Terms. Mandatory statutory","","","","","","legal_copy","","legal","inventory.legal.3cfd35eb519e","extracted","not_started","not_required","not_started","false"
"legacy.legal.rights.that.cannot.lawfully.be.limited.rem.bf90cdba","legal","legal","P0","App/LegalDocuments/en/Terms-of-Use.md","27","rights that cannot lawfully be limited remain unaffected.","","","","","","legal_copy","","legal","inventory.legal.bf90cdba72bc","extracted","not_started","not_required","not_started","false"
"legacy.legal.1.purpose.of.the.service.9e5b501d","legal","legal","P0","App/LegalDocuments/en/Terms-of-Use.md","29","1. Purpose of the Service","","","","","","legal_copy","","legal","inventory.legal.9e5b501db870","extracted","not_started","not_required","not_started","false"
"legacy.legal.riskdetected.provides.ai.assisted.workplac.9a510ea4","legal","legal","P0","App/LegalDocuments/en/Terms-of-Use.md","31","RiskDetected provides AI-assisted workplace-safety review tools. The Service","","","","","","legal_copy","","legal","inventory.legal.9a510ea4622b","extracted","not_started","not_started","not_started","true"
"legacy.legal.can.analyse.photographs.organise.visible.f.9bdf5ce1","legal","legal","P0","App/LegalDocuments/en/Terms-of-Use.md","32","can analyse photographs, organise visible findings, suggest controls,","","","","","","legal_copy","","legal","inventory.legal.9bdf5ce1aa25","extracted","not_started","not_required","not_started","false"
"legacy.legal.prioritise.risks.using.supported.assessmen.254a6508","legal","legal","P0","App/LegalDocuments/en/Terms-of-Use.md","33","prioritise risks using supported assessment methods, generate PDF/XLSX","","","","","","legal_copy","","legal","inventory.legal.254a65084b18","extracted","not_started","not_required","not_started","false"
"legacy.legal.reports.store.company.and.report.records.a.949a905c","legal","legal","P0","App/LegalDocuments/en/Terms-of-Use.md","34","reports, store company and report records and provide professional-progress","","","","","","legal_copy","","legal","inventory.legal.949a905c811e","extracted","not_started","not_required","not_started","false"
"legacy.legal.new.analyses.are.started.from.photographs..93f562a9","legal","legal","P0","App/LegalDocuments/en/Terms-of-Use.md","37","New analyses are started from photographs selected from the library or taken","","","","","","legal_copy","","legal","inventory.legal.93f562a9a65a","extracted","not_started","not_required","not_started","false"
"legacy.legal.with.the.camera.text.inputs.created.in.ear.7b791bd3","legal","legal","P0","App/LegalDocuments/en/Terms-of-Use.md","38","with the camera. Text inputs created in earlier app versions may continue to","","","","","","legal_copy","","legal","inventory.legal.7b791bd3b59d","extracted","not_started","not_required","not_started","false"
"legacy.legal.be.processed.only.for.historical.records.e.2118e068","legal","legal","P0","App/LegalDocuments/en/Terms-of-Use.md","39","be processed only for historical records, export, deletion and legally","","","","","","legal_copy","","legal","inventory.legal.2118e068a77a","extracted","not_started","not_required","not_started","false"
"legacy.legal.required.retention.eaf757d6","legal","legal","P0","App/LegalDocuments/en/Terms-of-Use.md","40","required retention.","","","","","","legal_copy","","legal","inventory.legal.eaf757d6155e","extracted","not_started","not_required","not_started","false"
"legacy.legal.2.no.professional.regulatory.or.emergency..963c6817","legal","legal","P0","App/LegalDocuments/en/Terms-of-Use.md","42","2. No professional, regulatory or emergency determination","","","","","","legal_copy","","legal","inventory.legal.963c68179bd8","extracted","not_started","not_required","not_started","false"
"legacy.legal.riskdetected.is.a.decision.support.tool.it.ada75b86","legal","legal","P0","App/LegalDocuments/en/Terms-of-Use.md","44","RiskDetected is a decision-support tool. It does not provide an official","","","","","","legal_copy","","legal","inventory.legal.ada75b86939e","extracted","not_started","not_required","not_started","false"
"legacy.legal.inspection.engineering.certificate.legal.o.b4287a1f","legal","legal","P0","App/LegalDocuments/en/Terms-of-Use.md","45","inspection, engineering certificate, legal opinion, medical assessment,","","","","","","legal_copy","","legal","inventory.legal.b4287a1f1a4b","extracted","not_started","not_started","not_started","true"
"legacy.legal.expert.report.or.guarantee.of.compliance.w.51f46314","legal","legal","P0","App/LegalDocuments/en/Terms-of-Use.md","46","expert report or guarantee of compliance with any law, regulation or","","","","","","legal_copy","","legal","inventory.legal.51f46314ddf2","extracted","not_started","not_required","not_started","false"
"legacy.legal.standard.it.does.not.replace.a.competent.s.9d5b0fb9","legal","legal","P0","App/LegalDocuments/en/Terms-of-Use.md","47","standard. It does not replace a competent safety professional, engineer,","","","","","","legal_copy","","legal","inventory.legal.9d5b0fb90004","extracted","not_started","not_started","not_started","true"
"legacy.legal.occupational.physician.lawyer.regulator.si.018e9059","legal","legal","P0","App/LegalDocuments/en/Terms-of-Use.md","48","occupational physician, lawyer, regulator, site inspection, measurement or","","","","","","legal_copy","","legal","inventory.legal.018e90599497","extracted","not_started","not_started","not_started","true"
"legacy.legal.ai.output.may.be.incomplete.inaccurate.out.7f2aa059","legal","legal","P0","App/LegalDocuments/en/Terms-of-Use.md","51","AI output may be incomplete, inaccurate, outdated or affected by image","","","","","","legal_copy","","legal","inventory.legal.7f2aa059fb35","extracted","not_started","not_required","not_started","false"
"legacy.legal.quality.angle.lighting.missing.context.hid.6a2bdaa5","legal","legal","P0","App/LegalDocuments/en/Terms-of-Use.md","52","quality, angle, lighting, missing context, hidden conditions and model","","","","","","legal_copy","","legal","inventory.legal.6a2bdaa5fd6b","extracted","not_started","not_required","not_started","false"
"legacy.legal.limitations.a.hazard.that.is.absent.from.a.f463dee5","legal","legal","P0","App/LegalDocuments/en/Terms-of-Use.md","53","limitations. A hazard that is absent from an output may still exist.","","","","","","legal_copy","","legal","inventory.legal.f463dee552f4","extracted","not_started","not_started","not_started","true"
"legacy.legal.you.must.have.a.competent.person.verify.th.ada68fab","legal","legal","P0","App/LegalDocuments/en/Terms-of-Use.md","55","You must have a competent person verify the actual workplace, each finding,","","","","","","legal_copy","","legal","inventory.legal.ada68fabbfc5","extracted","not_started","not_required","not_started","false"
"legacy.legal.risk.score.recommendation.and.report.befor.65fb4b1d","legal","legal","P0","App/LegalDocuments/en/Terms-of-Use.md","56","risk score, recommendation and report before relying on it. In a serious,","","","","","","legal_copy","","legal","inventory.legal.65fb4b1dc2de","extracted","not_started","not_started","not_started","true"
"legacy.legal.imminent.or.life.threatening.situation.sto.eff876da","legal","legal","P0","App/LegalDocuments/en/Terms-of-Use.md","57","imminent or life-threatening situation, stop work where appropriate, follow","","","","","","legal_copy","","legal","inventory.legal.eff876da9785","extracted","not_started","not_required","not_started","false"
"legacy.legal.the.site.emergency.process.and.contact.the.d7e55df1","legal","legal","P0","App/LegalDocuments/en/Terms-of-Use.md","58","the site emergency process and contact the relevant qualified person or","","","","","","legal_copy","","legal","inventory.legal.d7e55df1f2b9","extracted","not_started","not_required","not_started","false"
"legacy.legal.authority.do.not.rely.on.the.service.alone.a1ac9984","legal","legal","P0","App/LegalDocuments/en/Terms-of-Use.md","59","authority. Do not rely on the Service alone.","","","","","","legal_copy","","legal","inventory.legal.a1ac9984c533","extracted","not_started","not_required","not_started","false"
"legacy.legal.3.accounts.and.security.50fdcc02","legal","legal","P0","App/LegalDocuments/en/Terms-of-Use.md","61","3. Accounts and security","","","","","","legal_copy","","legal","inventory.legal.50fdcc02844c","extracted","not_started","not_required","not_started","false"
"legacy.legal.you.must.provide.accurate.information.use..841c84eb","legal","legal","P0","App/LegalDocuments/en/Terms-of-Use.md","63","You must provide accurate information, use an account you are authorised to","","","","","","legal_copy","","legal","inventory.legal.841c84eb6d32","extracted","not_started","not_required","not_started","false"
"legacy.legal.use.and.protect.your.credentials.and.devic.c48a2fb3","legal","legal","P0","App/LegalDocuments/en/Terms-of-Use.md","64","use and protect your credentials and devices. You are responsible for","","","","","","legal_copy","","legal","inventory.legal.c48a2fb351a6","extracted","not_started","not_required","not_started","false"
"legacy.legal.activity.performed.through.your.account.un.9deb9e7f","legal","legal","P0","App/LegalDocuments/en/Terms-of-Use.md","65","activity performed through your account unless applicable law provides","","","","","","legal_copy","","legal","inventory.legal.9deb9e7fef51","extracted","not_started","not_required","not_started","false"
"legacy.legal.do.not.impersonate.another.person.use.anot.da420c18","legal","legal","P0","App/LegalDocuments/en/Terms-of-Use.md","68","Do not impersonate another person, use another person’s account without","","","","","","legal_copy","","legal","inventory.legal.da420c18ae41","extracted","not_started","not_required","not_started","false"
"legacy.legal.permission.or.submit.misleading.identity.o.a8da2a1c","legal","legal","P0","App/LegalDocuments/en/Terms-of-Use.md","69","permission or submit misleading identity or contact information. Notify","","","","","","legal_copy","","legal","inventory.legal.a8da2a1c91e8","extracted","not_started","not_required","not_started","false"
"legacy.legal.riskdetected.through.in.app.support.or.inf.9e959684","legal","legal","P0","App/LegalDocuments/en/Terms-of-Use.md","70","RiskDetected through in-app support or info@riskdetected.com if you believe","","","","","","legal_copy","","legal","inventory.legal.9e9596847b00","extracted","not_started","not_required","not_started","false"
"legacy.legal.your.account.has.been.compromised.0d7bb6bc","legal","legal","P0","App/LegalDocuments/en/Terms-of-Use.md","71","your account has been compromised.","","","","","","legal_copy","","legal","inventory.legal.0d7bb6bcc57c","extracted","not_started","not_required","not_started","false"
"legacy.legal.4.content.you.submit.d835c8a0","legal","legal","P0","App/LegalDocuments/en/Terms-of-Use.md","73","4. Content you submit","","","","","","legal_copy","","legal","inventory.legal.d835c8a0be96","extracted","not_started","not_required","not_started","false"
"legacy.legal.you.may.submit.only.photographs.text.annot.be78f3da","legal","legal","P0","App/LegalDocuments/en/Terms-of-Use.md","75","You may submit only photographs, text, annotations, company details, logos,","","","","","","legal_copy","","legal","inventory.legal.be78f3dacf64","extracted","not_started","not_required","not_started","false"
"legacy.legal.report.information.and.other.content.that..6967682d","legal","legal","P0","App/LegalDocuments/en/Terms-of-Use.md","76","report information and other content that you are authorised to collect, use,","","","","","","legal_copy","","legal","inventory.legal.6967682de45a","extracted","not_started","not_required","not_started","false"
"legacy.legal.analyse.store.and.share.e5f681c2","legal","legal","P0","App/LegalDocuments/en/Terms-of-Use.md","77","analyse, store and share.","","","","","","legal_copy","","legal","inventory.legal.e5f681c21b59","extracted","not_started","not_required","not_started","false"
"legacy.legal.workplace.content.may.include.employees.vi.a66fe6f8","legal","legal","P0","App/LegalDocuments/en/Terms-of-Use.md","79","Workplace content may include employees, visitors, faces, personal protective","","","","","","legal_copy","","legal","inventory.legal.a66fe6f85aa8","extracted","not_started","not_required","not_started","false"
"legacy.legal.equipment.health.or.injury.information.veh.777957f8","legal","legal","P0","App/LegalDocuments/en/Terms-of-Use.md","80","equipment, health or injury information, vehicle plates, company names,","","","","","","legal_copy","","legal","inventory.legal.777957f868f9","extracted","not_started","not_started","not_started","true"
"legacy.legal.logos.signs.private.premises.trade.secrets.4039bd4b","legal","legal","P0","App/LegalDocuments/en/Terms-of-Use.md","81","logos, signs, private premises, trade secrets or other confidential or","","","","","","legal_copy","","legal","inventory.legal.4039bd4b3b1b","extracted","not_started","not_required","not_started","false"
"legacy.legal.sensitive.information.before.submitting.it.0f6755ce","legal","legal","P0","App/LegalDocuments/en/Terms-of-Use.md","82","sensitive information. Before submitting it, you are responsible for","","","","","","legal_copy","","legal","inventory.legal.0f6755ce7fe1","extracted","not_started","not_required","not_started","false"
"legacy.legal.providing.required.notices.and.obtaining.a.5c26f8c3","legal","legal","P0","App/LegalDocuments/en/Terms-of-Use.md","83","providing required notices and obtaining all permissions, consents,","","","","","","legal_copy","","legal","inventory.legal.5c26f8c37b73","extracted","not_started","not_required","not_started","false"
"legacy.legal.workplace.owner.approvals.and.other.lawful.3725384e","legal","legal","P0","App/LegalDocuments/en/Terms-of-Use.md","84","workplace-owner approvals and other lawful authority.","","","","","","legal_copy","","legal","inventory.legal.3725384ead20","extracted","not_started","not_required","not_started","false"
"legacy.legal.do.not.submit.unnecessary.personal.data.cr.35fda83f","legal","legal","P0","App/LegalDocuments/en/Terms-of-Use.md","86","Do not submit unnecessary personal data, credentials, payment-card","","","","","","legal_copy","","legal","inventory.legal.35fda83f51a8","extracted","not_started","not_required","not_started","false"
"legacy.legal.information.identity.documents.children.s..a9b4a2c3","legal","legal","P0","App/LegalDocuments/en/Terms-of-Use.md","87","information, identity documents, children’s information, unlawful","","","","","","legal_copy","","legal","inventory.legal.a9b4a2c3ee3a","extracted","not_started","not_required","not_started","false"
"legacy.legal.surveillance.material.confidential.informa.6d963254","legal","legal","P0","App/LegalDocuments/en/Terms-of-Use.md","88","surveillance material, confidential information that you are not authorised","","","","","","legal_copy","","legal","inventory.legal.6d96325408c5","extracted","not_started","not_required","not_started","false"
"legacy.legal.to.process.or.content.that.infringes.anoth.93ee52dc","legal","legal","P0","App/LegalDocuments/en/Terms-of-Use.md","89","to process or content that infringes another person’s rights.","","","","","","legal_copy","","legal","inventory.legal.93ee52dc83dd","extracted","not_started","not_required","not_started","false"
"legacy.legal.5.licence.to.process.submitted.content.8083116e","legal","legal","P0","App/LegalDocuments/en/Terms-of-Use.md","91","5. Licence to process submitted content","","","","","","legal_copy","","legal","inventory.legal.8083116e6f90","extracted","not_started","not_required","not_started","false"
"legacy.legal.you.retain.the.rights.you.lawfully.hold.in.f8d3dff4","legal","legal","P0","App/LegalDocuments/en/Terms-of-Use.md","93","You retain the rights you lawfully hold in your submitted content. You grant","","","","","","legal_copy","","legal","inventory.legal.f8d3dff42552","extracted","not_started","not_required","not_started","false"
"legacy.legal.riskdetected.a.limited.non.exclusive.licen.0a59b5a8","legal","legal","P0","App/LegalDocuments/en/Terms-of-Use.md","94","RiskDetected a limited, non-exclusive licence to host, reproduce, transform,","","","","","","legal_copy","","legal","inventory.legal.0a59b5a8f358","extracted","not_started","not_required","not_started","false"
"legacy.legal.transmit.and.otherwise.process.that.conten.0178ce4d","legal","legal","P0","App/LegalDocuments/en/Terms-of-Use.md","95","transmit and otherwise process that content only as reasonably necessary to:","","","","","","legal_copy","","legal","inventory.legal.0178ce4d1502","extracted","not_started","not_required","not_started","false"
"legacy.legal.provide.the.requested.analysis.and.reports.772f4bc2","legal","legal","P0","App/LegalDocuments/en/Terms-of-Use.md","97","provide the requested analysis and reports;","","","","","","legal_copy","","legal","inventory.legal.772f4bc25135","extracted","not_started","not_required","not_started","false"
"legacy.legal.store.and.display.account.company.and.repo.e0cb3308","legal","legal","P0","App/LegalDocuments/en/Terms-of-Use.md","98","store and display account, company and report records;","","","","","","legal_copy","","legal","inventory.legal.e0cb3308e6c5","extracted","not_started","not_required","not_started","false"
"legacy.legal.secure.troubleshoot.and.maintain.the.servi.a26b4186","legal","legal","P0","App/LegalDocuments/en/Terms-of-Use.md","99","secure, troubleshoot and maintain the Service;","","","","","","legal_copy","","legal","inventory.legal.a26b41865aee","extracted","not_started","not_required","not_started","false"
"legacy.legal.provide.support.and.perform.user.requested.f3d6cd55","legal","legal","P0","App/LegalDocuments/en/Terms-of-Use.md","100","provide support and perform user-requested deletion or export; and","","","","","","legal_copy","","legal","inventory.legal.f3d6cd555db1","extracted","not_started","not_required","not_started","false"
"legacy.legal.comply.with.legal.obligations.7486ac6e","legal","legal","P0","App/LegalDocuments/en/Terms-of-Use.md","101","comply with legal obligations.","","","","","","legal_copy","","legal","inventory.legal.7486ac6e28dd","extracted","not_started","not_required","not_started","false"
"legacy.legal.this.licence.ends.when.the.relevant.conten.cf0abb52","legal","legal","P0","App/LegalDocuments/en/Terms-of-Use.md","103","This licence ends when the relevant content is deleted, except for lawful","","","","","","legal_copy","","legal","inventory.legal.cf0abb52e62d","extracted","not_started","not_required","not_started","false"
"legacy.legal.retention.security.dispute.and.backup.requ.35a32bd1","legal","legal","P0","App/LegalDocuments/en/Terms-of-Use.md","104","retention, security, dispute and backup requirements described in the Privacy","","","","","","legal_copy","","legal","inventory.legal.35a32bd10a5c","extracted","not_started","not_required","not_started","false"
"legacy.legal.6.ai.outputs.and.user.edits.bcb2137e","legal","legal","P0","App/LegalDocuments/en/Terms-of-Use.md","107","6. AI outputs and user edits","","","","","","legal_copy","","legal","inventory.legal.bcb2137ecdd8","extracted","not_started","not_required","not_started","false"
"legacy.legal.ai.findings.classifications.scores.control.c4a54c8c","legal","legal","P0","App/LegalDocuments/en/Terms-of-Use.md","109","AI findings, classifications, scores, controls and summaries are suggestions,","","","","","","legal_copy","","legal","inventory.legal.c4a54c8c228f","extracted","not_started","not_required","not_started","false"
"legacy.legal.not.verified.facts.you.must.check.them.aga.e3bcf65c","legal","legal","P0","App/LegalDocuments/en/Terms-of-Use.md","110","not verified facts. You must check them against actual site conditions and","","","","","","legal_copy","","legal","inventory.legal.e3bcf65cea8f","extracted","not_started","not_required","not_started","false"
"legacy.legal.applicable.requirements.you.may.edit.suppo.525c5249","legal","legal","P0","App/LegalDocuments/en/Terms-of-Use.md","111","applicable requirements. You may edit supported findings before generating","","","","","","legal_copy","","legal","inventory.legal.525c5249827c","extracted","not_started","not_required","not_started","false"
"legacy.legal.later.reports.the.report.remains.your.resp.9a410d8e","legal","legal","P0","App/LegalDocuments/en/Terms-of-Use.md","112","later reports; the report remains your responsibility.","","","","","","legal_copy","","legal","inventory.legal.9a410d8ed697","extracted","not_started","not_required","not_started","false"
"legacy.legal.you.must.not.present.an.ai.output.as.a.bin.a705cf62","legal","legal","P0","App/LegalDocuments/en/Terms-of-Use.md","114","You must not present an AI output as a binding professional determination,","","","","","","legal_copy","","legal","inventory.legal.a705cf62deb7","extracted","not_started","not_required","not_started","false"
"legacy.legal.official.evidence.regulatory.approval.or.g.8e8326cd","legal","legal","P0","App/LegalDocuments/en/Terms-of-Use.md","115","official evidence, regulatory approval or guaranteed compliance result.","","","","","","legal_copy","","legal","inventory.legal.8e8326cd9940","extracted","not_started","not_required","not_started","false"
"legacy.legal.7.reports.risk.tables.and.company.informat.27f29009","legal","legal","P0","App/LegalDocuments/en/Terms-of-Use.md","117","7. Reports, risk tables and company information","","","","","","legal_copy","","legal","inventory.legal.27f2900972d1","extracted","not_started","not_started","not_started","true"
"legacy.legal.the.service.may.generate.standard.reports..9a2cd26b","legal","legal","P0","App/LegalDocuments/en/Terms-of-Use.md","119","The Service may generate standard reports, risk-assessment tables, PDF and","","","","","","legal_copy","","legal","inventory.legal.9a2cd26b2611","extracted","not_started","not_started","not_started","true"
"legacy.legal.excel.files.using.submitted.content.and.ai.d3984b50","legal","legal","P0","App/LegalDocuments/en/Terms-of-Use.md","120","Excel files using submitted content and AI output. You are responsible for","","","","","","legal_copy","","legal","inventory.legal.d3984b501403","extracted","not_started","not_required","not_started","false"
"legacy.legal.checking.accuracy.completeness.suitability.120943ed","legal","legal","P0","App/LegalDocuments/en/Terms-of-Use.md","121","checking accuracy, completeness, suitability, confidentiality and authority","","","","","","legal_copy","","legal","inventory.legal.120943ed5f96","extracted","not_started","not_required","not_started","false"
"legacy.legal.to.share.each.output.before.using.it.inter.2da85aee","legal","legal","P0","App/LegalDocuments/en/Terms-of-Use.md","122","to share each output before using it internally or externally.","","","","","","legal_copy","","legal","inventory.legal.2da85aeeeec1","extracted","not_started","not_required","not_started","false"
"legacy.legal.company.names.logos.addresses.contacts.dep.3a983c20","legal","legal","P0","App/LegalDocuments/en/Terms-of-Use.md","124","Company names, logos, addresses, contacts, departments, responsible persons","","","","","","legal_copy","","legal","inventory.legal.3a983c20b2d0","extracted","not_started","not_required","not_started","false"
"legacy.legal.and.similar.fields.may.appear.in.reports.a.09cc1d08","legal","legal","P0","App/LegalDocuments/en/Terms-of-Use.md","125","and similar fields may appear in reports and archives. You must have authority","","","","","","legal_copy","","legal","inventory.legal.09cc1d08029c","extracted","not_started","not_required","not_started","false"
"legacy.legal.to.use.that.information.8ebe658b","legal","legal","P0","App/LegalDocuments/en/Terms-of-Use.md","126","to use that information.","","","","","","legal_copy","","legal","inventory.legal.8ebe658b526f","extracted","not_started","not_required","not_started","false"
"legacy.legal.8.free.plus.pro.and.trial.access.91033b65","legal","legal","P0","App/LegalDocuments/en/Terms-of-Use.md","128","8. Free, Plus, Pro and trial access","","","","","","legal_copy","","legal","inventory.legal.91033b655e4d","extracted","not_started","not_required","not_started","false"
"legacy.legal.riskdetected.may.offer.free.plus.and.pro.a.1fb8399d","legal","legal","P0","App/LegalDocuments/en/Terms-of-Use.md","130","RiskDetected may offer Free, Plus and Pro access with different analysis,","","","","","","legal_copy","","legal","inventory.legal.1fb8399daf4b","extracted","not_started","not_required","not_started","false"
"legacy.legal.photo.report.company.storage.and.feature.l.5a6a65ab","legal","legal","P0","App/LegalDocuments/en/Terms-of-Use.md","131","photo, report, company, storage and feature limits. The current product,","","","","","","legal_copy","","legal","inventory.legal.5a6a65abe6b6","extracted","not_started","not_required","not_started","false"
"legacy.legal.price.billing.period.trial.renewal.and.ent.9ec3428e","legal","legal","P0","App/LegalDocuments/en/Terms-of-Use.md","132","price, billing period, trial, renewal and entitlement information displayed","","","","","","legal_copy","","legal","inventory.legal.9ec3428e866e","extracted","not_started","not_required","not_started","false"
"legacy.legal.in.the.app.store.purchase.flow.controls.th.24703157","legal","legal","P0","App/LegalDocuments/en/Terms-of-Use.md","133","in the App Store purchase flow controls the purchase.","","","","","","legal_copy","","legal","inventory.legal.24703157207f","extracted","not_started","not_required","not_started","false"
"legacy.legal.professional.development.points.mdp.in.app.1cb36043","legal","legal","P0","App/LegalDocuments/en/Terms-of-Use.md","135","Professional Development Points (MDP), in-app titles, badges and competency","","","","","","legal_copy","","legal","inventory.legal.1cb360432241","extracted","not_started","not_required","not_started","false"
"legacy.legal.maps.are.product.motivation.indicators.onl.221413d1","legal","legal","P0","App/LegalDocuments/en/Terms-of-Use.md","136","maps are product motivation indicators only. They are not official","","","","","","legal_copy","","legal","inventory.legal.221413d14b13","extracted","not_started","not_required","not_started","false"
"legacy.legal.certificates.licences.seniority.records.or.a3925351","legal","legal","P0","App/LegalDocuments/en/Terms-of-Use.md","137","certificates, licences, seniority records or professional qualifications.","","","","","","legal_copy","","legal","inventory.legal.a39253510fbd","extracted","not_started","not_required","not_started","false"
"legacy.legal.riskdetected.may.reasonably.adjust.future..2d5b5bbe","legal","legal","P0","App/LegalDocuments/en/Terms-of-Use.md","139","RiskDetected may reasonably adjust future quotas or feature availability for","","","","","","legal_copy","","legal","inventory.legal.2d5b5bbea6ed","extracted","not_started","not_required","not_started","false"
"legacy.legal.security.abuse.prevention.technical.app.st.12f99973","legal","legal","P0","App/LegalDocuments/en/Terms-of-Use.md","140","security, abuse prevention, technical, App Store or product reasons. Changes","","","","","","legal_copy","","legal","inventory.legal.12f9997333e5","extracted","not_started","not_required","not_started","false"
"legacy.legal.do.not.remove.mandatory.rights.or.entitlem.fde06739","legal","legal","P0","App/LegalDocuments/en/Terms-of-Use.md","141","do not remove mandatory rights or entitlements already purchased for the","","","","","","legal_copy","","legal","inventory.legal.fde067398e1d","extracted","not_started","not_required","not_started","false"
"legacy.legal.applicable.paid.period.fe66e15e","legal","legal","P0","App/LegalDocuments/en/Terms-of-Use.md","142","applicable paid period.","","","","","","legal_copy","","legal","inventory.legal.fe66e15efa9b","extracted","not_started","not_required","not_started","false"
"legacy.legal.9.apple.subscriptions.e40bf282","legal","legal","P0","App/LegalDocuments/en/Terms-of-Use.md","144","9. Apple subscriptions","","","","","","legal_copy","","legal","inventory.legal.e40bf282a00d","extracted","not_started","not_required","not_started","false"
"legacy.legal.digital.subscriptions.are.purchased.throug.534f44df","legal","legal","P0","App/LegalDocuments/en/Terms-of-Use.md","146","Digital subscriptions are purchased through Apple’s in-app purchase system.","","","","","","legal_copy","","legal","inventory.legal.534f44df6bd0","extracted","not_started","not_required","not_started","false"
"legacy.legal.apple.processes.payment.and.manages.billin.771356be","legal","legal","P0","App/LegalDocuments/en/Terms-of-Use.md","147","Apple processes payment and manages billing, renewal, cancellation and","","","","","","legal_copy","","legal","inventory.legal.771356be7d70","extracted","not_started","not_required","not_started","false"
"legacy.legal.refunds.under.the.terms.shown.in.the.app.s.378fa975","legal","legal","P0","App/LegalDocuments/en/Terms-of-Use.md","148","refunds under the terms shown in the App Store.","","","","","","legal_copy","","legal","inventory.legal.378fa975a0b7","extracted","not_started","not_required","not_started","false"
"legacy.legal.an.auto.renewable.subscription.renews.unle.29b515ad","legal","legal","P0","App/LegalDocuments/en/Terms-of-Use.md","150","An auto-renewable subscription renews unless it is cancelled through the","","","","","","legal_copy","","legal","inventory.legal.29b515ad9af2","extracted","not_started","not_required","not_started","false"
"legacy.legal.apple.account.subscription.settings.within.052a8561","legal","legal","P0","App/LegalDocuments/en/Terms-of-Use.md","151","Apple Account subscription settings within the period stated by Apple. Trial","","","","","","legal_copy","","legal","inventory.legal.052a85617cbc","extracted","not_started","not_required","not_started","false"
"legacy.legal.duration.post.trial.price.and.renewal.term.d37b2887","legal","legal","P0","App/LegalDocuments/en/Terms-of-Use.md","152","duration, post-trial price and renewal terms are shown before purchase. You","","","","","","legal_copy","","legal","inventory.legal.d37b288715e0","extracted","not_started","not_required","not_started","false"
"legacy.legal.can.manage.or.cancel.a.subscription.in.app.bdcfb60b","legal","legal","P0","App/LegalDocuments/en/Terms-of-Use.md","153","can manage or cancel a subscription in Apple Account settings and restore","","","","","","legal_copy","","legal","inventory.legal.bdcfb60b0974","extracted","not_started","not_required","not_started","false"
"legacy.legal.eligible.purchases.from.the.app.a26aeb6f","legal","legal","P0","App/LegalDocuments/en/Terms-of-Use.md","154","eligible purchases from the app.","","","","","","legal_copy","","legal","inventory.legal.a26aeb6f7e14","extracted","not_started","not_required","not_started","false"
"legacy.legal.deleting.a.riskdetected.account.does.not.a.df8ba43b","legal","legal","P0","App/LegalDocuments/en/Terms-of-Use.md","156","Deleting a RiskDetected account does not automatically cancel a subscription","","","","","","legal_copy","","legal","inventory.legal.df8ba43b2cff","extracted","not_started","not_required","not_started","false"
"legacy.legal.managed.by.apple.cancellation.or.refund.ri.a72fb294","legal","legal","P0","App/LegalDocuments/en/Terms-of-Use.md","157","managed by Apple. Cancellation or refund rights provided by Apple or","","","","","","legal_copy","","legal","inventory.legal.a72fb294cb4b","extracted","not_started","not_required","not_started","false"
"legacy.legal.mandatory.consumer.law.remain.unaffected.f1872cf6","legal","legal","P0","App/LegalDocuments/en/Terms-of-Use.md","158","mandatory consumer law remain unaffected.","","","","","","legal_copy","","legal","inventory.legal.f1872cf6801e","extracted","not_started","not_required","not_started","false"
"legacy.legal.if.you.grant.permission.the.service.may.se.89c8061a","legal","legal","P0","App/LegalDocuments/en/Terms-of-Use.md","162","If you grant permission, the Service may send notifications about analysis or","","","","","","legal_copy","","legal","inventory.legal.89c8061a8b11","extracted","not_started","not_required","not_started","false"
"legacy.legal.report.completion.account.status.trial.rem.25881706","legal","legal","P0","App/LegalDocuments/en/Terms-of-Use.md","163","report completion, account status, trial reminders and professional-progress","","","","","","legal_copy","","legal","inventory.legal.25881706d32e","extracted","not_started","not_required","not_started","false"
"legacy.legal.events.delivery.is.not.guaranteed.and.may..3bcbc2ed","legal","legal","P0","App/LegalDocuments/en/Terms-of-Use.md","164","events. Delivery is not guaranteed and may be affected by device settings,","","","","","","legal_copy","","legal","inventory.legal.3bcbc2ed9c5d","extracted","not_started","not_required","not_started","false"
"legacy.legal.network.conditions.or.apple.push.notificat.bd9b8ec3","legal","legal","P0","App/LegalDocuments/en/Terms-of-Use.md","165","network conditions or Apple Push Notification service.","","","","","","legal_copy","","legal","inventory.legal.bd9b8ec3719e","extracted","not_started","not_required","not_started","false"
"legacy.legal.you.can.change.notification.preferences.in.aac902fd","legal","legal","P0","App/LegalDocuments/en/Terms-of-Use.md","167","You can change notification preferences in the app and in iOS Settings.","","","","","","legal_copy","","legal","inventory.legal.aac902fd182d","extracted","not_started","not_required","not_started","false"
"legacy.legal.marketing.messages.are.not.enabled.merely..b779ac79","legal","legal","P0","App/LegalDocuments/en/Terms-of-Use.md","168","Marketing messages are not enabled merely because you accept these Terms.","","","","","","legal_copy","","legal","inventory.legal.b779ac79065a","extracted","not_started","not_required","not_started","false"
"legacy.legal.11.acceptable.use.ea025c7a","legal","legal","P0","App/LegalDocuments/en/Terms-of-Use.md","170","11. Acceptable use","","","","","","legal_copy","","legal","inventory.legal.ea025c7a0c26","extracted","not_started","not_required","not_started","false"
"legacy.legal.you.must.not.001a4eda","legal","legal","P0","App/LegalDocuments/en/Terms-of-Use.md","172","You must not:","","","","","","legal_copy","","legal","inventory.legal.001a4eda5e9f","extracted","not_started","not_required","not_started","false"
"legacy.legal.use.the.service.for.unlawful.surveillance..9356dd9e","legal","legal","P0","App/LegalDocuments/en/Terms-of-Use.md","174","use the Service for unlawful surveillance, face recognition, identity","","","","","","legal_copy","","legal","inventory.legal.9356dd9ea31a","extracted","not_started","not_required","not_started","false"
"legacy.legal.tracing.or.profiling.of.people.f0607180","legal","legal","P0","App/LegalDocuments/en/Terms-of-Use.md","175","tracing or profiling of people;","","","","","","legal_copy","","legal","inventory.legal.f060718049a8","extracted","not_started","not_required","not_started","false"
"legacy.legal.monitor.employees.visitors.customers.or.th.989e3c03","legal","legal","P0","App/LegalDocuments/en/Terms-of-Use.md","176","monitor employees, visitors, customers or third parties unlawfully;","","","","","","legal_copy","","legal","inventory.legal.989e3c03ee5b","extracted","not_started","not_required","not_started","false"
"legacy.legal.collect.competitor.employer.customer.or.si.9d4cf1e2","legal","legal","P0","App/LegalDocuments/en/Terms-of-Use.md","177","collect competitor, employer, customer or site information without","","","","","","legal_copy","","legal","inventory.legal.9d4cf1e28edd","extracted","not_started","not_required","not_started","false"
"legacy.legal.process.trade.secrets.restricted.locations.c72cd657","legal","legal","P0","App/LegalDocuments/en/Terms-of-Use.md","179","process trade secrets, restricted locations or confidential material","","","","","","legal_copy","","legal","inventory.legal.c72cd657ddb0","extracted","not_started","not_required","not_started","false"
"legacy.legal.without.permission.d4f526b5","legal","legal","P0","App/LegalDocuments/en/Terms-of-Use.md","180","without permission;","","","","","","legal_copy","","legal","inventory.legal.d4f526b58595","extracted","not_started","not_required","not_started","false"
"legacy.legal.misrepresent.ai.output.as.a.professional.o.c3c263d9","legal","legal","P0","App/LegalDocuments/en/Terms-of-Use.md","181","misrepresent AI output as a professional or official determination;","","","","","","legal_copy","","legal","inventory.legal.c3c263d95923","extracted","not_started","not_required","not_started","false"
"legacy.legal.bypass.quotas.subscriptions.paywalls.authe.b8365cc9","legal","legal","P0","App/LegalDocuments/en/Terms-of-Use.md","182","bypass quotas, subscriptions, paywalls, authentication, security controls","","","","","","legal_copy","","legal","inventory.legal.b8365cc9d858","extracted","not_started","not_required","not_started","false"
"legacy.legal.or.row.level.access.policies.3528e79d","legal","legal","P0","App/LegalDocuments/en/Terms-of-Use.md","183","or row-level access policies;","","","","","","legal_copy","","legal","inventory.legal.3528e79d4d25","extracted","not_started","not_required","not_started","false"
"legacy.legal.reverse.engineer.the.service.except.where..612793ee","legal","legal","P0","App/LegalDocuments/en/Terms-of-Use.md","184","reverse engineer the Service except where mandatory law expressly permits","","","","","","legal_copy","","legal","inventory.legal.612793eef1a7","extracted","not_started","not_required","not_started","false"
"legacy.legal.upload.malware.send.spam.automate.abusive..14ba87fb","legal","legal","P0","App/LegalDocuments/en/Terms-of-Use.md","186","upload malware, send spam, automate abusive traffic or interfere with the","","","","","","legal_copy","","legal","inventory.legal.14ba87fb617e","extracted","not_started","not_required","not_started","false"
"legacy.legal.operation.of.the.service.or.71fabf88","legal","legal","P0","App/LegalDocuments/en/Terms-of-Use.md","187","operation of the Service; or","","","","","","legal_copy","","legal","inventory.legal.71fabf88da11","extracted","not_started","not_required","not_started","false"
"legacy.legal.infringe.intellectual.property.privacy.con.9ca08316","legal","legal","P0","App/LegalDocuments/en/Terms-of-Use.md","188","infringe intellectual-property, privacy, confidentiality or other rights.","","","","","","legal_copy","","legal","inventory.legal.9ca08316b420","extracted","not_started","not_required","not_started","false"
"legacy.legal.12.intellectual.property.0258c828","legal","legal","P0","App/LegalDocuments/en/Terms-of-Use.md","190","12. Intellectual property","","","","","","legal_copy","","legal","inventory.legal.0258c828d8c8","extracted","not_started","not_required","not_started","false"
"legacy.legal.riskdetected.s.name.logo.software.interfac.d5a7d047","legal","legal","P0","App/LegalDocuments/en/Terms-of-Use.md","192","RiskDetected’s name, logo, software, interface, designs, system text, report","","","","","","legal_copy","","legal","inventory.legal.d5a7d047800b","extracted","not_started","not_required","not_started","false"
"legacy.legal.templates.data.structures.and.other.servic.114d5550","legal","legal","P0","App/LegalDocuments/en/Terms-of-Use.md","193","templates, data structures and other Service elements are protected by","","","","","","legal_copy","","legal","inventory.legal.114d5550dc86","extracted","not_started","not_required","not_started","false"
"legacy.legal.applicable.intellectual.property.laws.exce.39dcd12b","legal","legal","P0","App/LegalDocuments/en/Terms-of-Use.md","194","applicable intellectual-property laws. Except for the limited right to use","","","","","","legal_copy","","legal","inventory.legal.39dcd12b3338","extracted","not_started","not_required","not_started","false"
"legacy.legal.the.service.under.these.terms.no.ownership.50e70ca6","legal","legal","P0","App/LegalDocuments/en/Terms-of-Use.md","195","the Service under these Terms, no ownership right is transferred to you.","","","","","","legal_copy","","legal","inventory.legal.50e70ca65bd3","extracted","not_started","not_required","not_started","false"
"legacy.legal.13.third.party.services.6f811ad0","legal","legal","P0","App/LegalDocuments/en/Terms-of-Use.md","197","13. Third-party services","","","","","","legal_copy","","legal","inventory.legal.6f811ad09633","extracted","not_started","not_required","not_started","false"
"legacy.legal.the.service.relies.on.third.party.infrastr.a1588dcb","legal","legal","P0","App/LegalDocuments/en/Terms-of-Use.md","199","The Service relies on third-party infrastructure such as Supabase, AI","","","","","","legal_copy","","legal","inventory.legal.a1588dcb8b2e","extracted","not_started","not_required","not_started","false"
"legacy.legal.providers.apple.app.store.revenuecat.apple.302fcce5","legal","legal","P0","App/LegalDocuments/en/Terms-of-Use.md","200","providers, Apple App Store, RevenueCat, Apple and Google sign-in services,","","","","","","legal_copy","","legal","inventory.legal.302fcce52ee8","extracted","not_started","not_required","not_started","false"
"legacy.legal.apple.push.notification.service.and.email..5f68370c","legal","legal","P0","App/LegalDocuments/en/Terms-of-Use.md","201","Apple Push Notification service and email-delivery providers. Their separate","","","","","","legal_copy","","legal","inventory.legal.5f68370ca497","extracted","not_started","not_required","not_started","false"
"legacy.legal.terms.and.privacy.notices.may.apply.to.the.f425be8d","legal","legal","P0","App/LegalDocuments/en/Terms-of-Use.md","202","terms and privacy notices may apply to their services. RiskDetected remains","","","","","","legal_copy","","legal","inventory.legal.f425be8d1eaa","extracted","not_started","not_required","not_started","false"
"legacy.legal.responsible.for.its.own.obligations.and.do.58f4b90e","legal","legal","P0","App/LegalDocuments/en/Terms-of-Use.md","203","responsible for its own obligations and does not control interruptions or","","","","","","legal_copy","","legal","inventory.legal.58f4b90e33a4","extracted","not_started","not_started","not_started","true"
"legacy.legal.changes.made.by.those.providers.8191f1d7","legal","legal","P0","App/LegalDocuments/en/Terms-of-Use.md","204","changes made by those providers.","","","","","","legal_copy","","legal","inventory.legal.8191f1d7b9ea","extracted","not_started","not_required","not_started","false"
"legacy.legal.14.availability.and.changes.fc463822","legal","legal","P0","App/LegalDocuments/en/Terms-of-Use.md","206","14. Availability and changes","","","","","","legal_copy","","legal","inventory.legal.fc463822287b","extracted","not_started","not_required","not_started","false"
"legacy.legal.riskdetected.may.maintain.improve.replace..d110588c","legal","legal","P0","App/LegalDocuments/en/Terms-of-Use.md","208","RiskDetected may maintain, improve, replace, suspend or discontinue parts of","","","","","","legal_copy","","legal","inventory.legal.d110588c0cbd","extracted","not_started","not_required","not_started","false"
"legacy.legal.the.service.where.reasonably.necessary.for.2f221d28","legal","legal","P0","App/LegalDocuments/en/Terms-of-Use.md","209","the Service where reasonably necessary for security, legal, operational or","","","","","","legal_copy","","legal","inventory.legal.2f221d285311","extracted","not_started","not_required","not_started","false"
"legacy.legal.product.reasons.the.service.is.not.guarant.b82b10f5","legal","legal","P0","App/LegalDocuments/en/Terms-of-Use.md","210","product reasons. The Service is not guaranteed to be uninterrupted,","","","","","","legal_copy","","legal","inventory.legal.b82b10f5ea66","extracted","not_started","not_required","not_started","false"
"legacy.legal.error.free.or.available.in.every.country.d.96b8e173","legal","legal","P0","App/LegalDocuments/en/Terms-of-Use.md","211","error-free or available in every country, device or network condition.","","","","","","legal_copy","","legal","inventory.legal.96b8e173fd21","extracted","not_started","not_required","not_started","false"
"legacy.legal.15.restriction.suspension.and.termination.b8ae91d7","legal","legal","P0","App/LegalDocuments/en/Terms-of-Use.md","213","15. Restriction, suspension and termination","","","","","","legal_copy","","legal","inventory.legal.b8ae91d7c3e3","extracted","not_started","not_required","not_started","false"
"legacy.legal.riskdetected.may.restrict.or.suspend.acces.fc3cbdcf","legal","legal","P0","App/LegalDocuments/en/Terms-of-Use.md","215","RiskDetected may restrict or suspend access where reasonably necessary to","","","","","","legal_copy","","legal","inventory.legal.fc3cbdcf2fe3","extracted","not_started","not_required","not_started","false"
"legacy.legal.protect.users.or.the.service.investigate.m.375d79f0","legal","legal","P0","App/LegalDocuments/en/Terms-of-Use.md","216","protect users or the Service, investigate misuse, enforce these Terms or","","","","","","legal_copy","","legal","inventory.legal.375d79f0c817","extracted","not_started","not_required","not_started","false"
"legacy.legal.comply.with.law.where.appropriate.and.lega.6aaff655","legal","legal","P0","App/LegalDocuments/en/Terms-of-Use.md","217","comply with law. Where appropriate and legally required, notice and an","","","","","","legal_copy","","legal","inventory.legal.6aaff655fd4c","extracted","not_started","not_required","not_started","false"
"legacy.legal.opportunity.to.remedy.will.be.provided.2441c509","legal","legal","P0","App/LegalDocuments/en/Terms-of-Use.md","218","opportunity to remedy will be provided.","","","","","","legal_copy","","legal","inventory.legal.2441c5093e09","extracted","not_started","not_required","not_started","false"
"legacy.legal.you.may.stop.using.the.service.at.any.time.cf387d22","legal","legal","P0","App/LegalDocuments/en/Terms-of-Use.md","220","You may stop using the Service at any time. You can delete your RiskDetected","","","","","","legal_copy","","legal","inventory.legal.cf387d226e62","extracted","not_started","not_required","not_started","false"
"legacy.legal.account.in.the.app.through.profile.delete..db0e7d4a","legal","legal","P0","App/LegalDocuments/en/Terms-of-Use.md","221","account in the app through Profile > Delete Account. Account deletion is","","","","","","legal_copy","","legal","inventory.legal.db0e7d4ad61e","extracted","not_started","not_required","not_started","false"
"legacy.legal.separate.from.apple.subscription.cancellat.decbfb98","legal","legal","P0","App/LegalDocuments/en/Terms-of-Use.md","222","separate from Apple subscription cancellation.","","","","","","legal_copy","","legal","inventory.legal.decbfb986fdd","extracted","not_started","not_required","not_started","false"
"legacy.legal.to.the.maximum.extent.permitted.by.mandato.19d47549","legal","legal","P0","App/LegalDocuments/en/Terms-of-Use.md","226","To the maximum extent permitted by mandatory law, the Service and its outputs","","","","","","legal_copy","","legal","inventory.legal.19d47549419b","extracted","not_started","not_required","not_started","false"
"legacy.legal.are.provided.on.an.as.available.basis.with.d50429ac","legal","legal","P0","App/LegalDocuments/en/Terms-of-Use.md","227","are provided on an “as available” basis without a promise that every hazard","","","","","","legal_copy","","legal","inventory.legal.d50429acf852","extracted","not_started","not_started","not_started","true"
"legacy.legal.will.be.detected.or.that.any.output.is.com.45809935","legal","legal","P0","App/LegalDocuments/en/Terms-of-Use.md","228","will be detected or that any output is complete, accurate, fit for a","","","","","","legal_copy","","legal","inventory.legal.458099358da8","extracted","not_started","not_required","not_started","false"
"legacy.legal.particular.site.or.compliant.with.a.specif.cc4ebff3","legal","legal","P0","App/LegalDocuments/en/Terms-of-Use.md","229","particular site or compliant with a specific legal regime.","","","","","","legal_copy","","legal","inventory.legal.cc4ebff3ed05","extracted","not_started","not_required","not_started","false"
"legacy.legal.nothing.in.these.terms.excludes.a.guarante.f8d8b386","legal","legal","P0","App/LegalDocuments/en/Terms-of-Use.md","231","Nothing in these Terms excludes a guarantee, warranty, right or remedy that","","","","","","legal_copy","","legal","inventory.legal.f8d8b3860d99","extracted","not_started","not_required","not_started","false"
"legacy.legal.cannot.lawfully.be.excluded.a3b0716f","legal","legal","P0","App/LegalDocuments/en/Terms-of-Use.md","232","cannot lawfully be excluded.","","","","","","legal_copy","","legal","inventory.legal.a3b0716fdc69","extracted","not_started","not_required","not_started","false"
"legacy.legal.17.limitation.of.liability.d16606df","legal","legal","P0","App/LegalDocuments/en/Terms-of-Use.md","234","17. Limitation of liability","","","","","","legal_copy","","legal","inventory.legal.d16606dfad68","extracted","not_started","not_required","not_started","false"
"legacy.legal.to.the.maximum.extent.permitted.by.mandato.39cddabd","legal","legal","P0","App/LegalDocuments/en/Terms-of-Use.md","236","To the maximum extent permitted by mandatory law, RiskDetected is not liable","","","","","","legal_copy","","legal","inventory.legal.39cddabde60a","extracted","not_started","not_required","not_started","false"
"legacy.legal.for.indirect.or.consequential.loss.loss.of.e6511cb9","legal","legal","P0","App/LegalDocuments/en/Terms-of-Use.md","237","for indirect or consequential loss, loss of profit, reputation, production,","","","","","","legal_copy","","legal","inventory.legal.e6511cb901db","extracted","not_started","not_required","not_started","false"
"legacy.legal.data.or.opportunity.third.party.claims.or..9e25fc51","legal","legal","P0","App/LegalDocuments/en/Terms-of-Use.md","238","data or opportunity, third-party claims, or workplace consequences arising","","","","","","legal_copy","","legal","inventory.legal.9e25fc517135","extracted","not_started","not_required","not_started","false"
"legacy.legal.from.unverified.output.or.unauthorised.con.2c9d7a1d","legal","legal","P0","App/LegalDocuments/en/Terms-of-Use.md","239","from unverified output or unauthorised content.","","","","","","legal_copy","","legal","inventory.legal.2c9d7a1df8fa","extracted","not_started","not_required","not_started","false"
"legacy.legal.this.section.does.not.limit.liability.for..93c70380","legal","legal","P0","App/LegalDocuments/en/Terms-of-Use.md","241","This section does not limit liability for fraud, wilful misconduct, death or","","","","","","legal_copy","","legal","inventory.legal.93c703803f00","extracted","not_started","not_required","not_started","false"
"legacy.legal.personal.injury.caused.by.negligence.where.3e8a63e2","legal","legal","P0","App/LegalDocuments/en/Terms-of-Use.md","242","personal injury caused by negligence where such limitation is prohibited, or","","","","","","legal_copy","","legal","inventory.legal.3e8a63e29ddd","extracted","not_started","not_required","not_started","false"
"legacy.legal.any.other.liability.and.consumer.right.tha.76268bdc","legal","legal","P0","App/LegalDocuments/en/Terms-of-Use.md","243","any other liability and consumer right that cannot lawfully be limited.","","","","","","legal_copy","","legal","inventory.legal.76268bdc677c","extracted","not_started","not_required","not_started","false"
"legacy.legal.18.privacy.and.data.processing.e695adfc","legal","legal","P0","App/LegalDocuments/en/Terms-of-Use.md","245","18. Privacy and data processing","","","","","","legal_copy","","legal","inventory.legal.e695adfcf9e9","extracted","not_started","not_required","not_started","false"
"legacy.legal.the.privacy.policy.and.ai.and.data.process.da2a7a26","legal","legal","P0","App/LegalDocuments/en/Terms-of-Use.md","247","The Privacy Policy and AI and Data Processing Notice explain how personal","","","","","","legal_copy","","legal","inventory.legal.da2a7a26126c","extracted","not_started","not_required","not_started","false"
"legacy.legal.information.and.submitted.content.are.proc.a41164af","legal","legal","P0","App/LegalDocuments/en/Terms-of-Use.md","248","information and submitted content are processed. Where the app requests an","","","","","","legal_copy","","legal","inventory.legal.a41164afb023","extracted","not_started","not_required","not_started","false"
"legacy.legal.explicit.consent.that.consent.is.separate..44a6d3b2","legal","legal","P0","App/LegalDocuments/en/Terms-of-Use.md","249","explicit consent, that consent is separate from acceptance of these Terms and","","","","","","legal_copy","","legal","inventory.legal.44a6d3b2d589","extracted","not_started","not_required","not_started","false"
"legacy.legal.can.be.withdrawn.as.described.in.the.relev.f4728005","legal","legal","P0","App/LegalDocuments/en/Terms-of-Use.md","250","can be withdrawn as described in the relevant notice.","","","","","","legal_copy","","legal","inventory.legal.f4728005a347","extracted","not_started","not_required","not_started","false"
"legacy.legal.19.changes.to.these.terms.49b05352","legal","legal","P0","App/LegalDocuments/en/Terms-of-Use.md","252","19. Changes to these Terms","","","","","","legal_copy","","legal","inventory.legal.49b05352a811","extracted","not_started","not_required","not_started","false"
"legacy.legal.riskdetected.may.update.these.terms.for.pr.fa9ca8ba","legal","legal","P0","App/LegalDocuments/en/Terms-of-Use.md","254","RiskDetected may update these Terms for product, legal, security or App Store","","","","","","legal_copy","","legal","inventory.legal.fa9ca8ba62f0","extracted","not_started","not_required","not_started","false"
"legacy.legal.changes.material.changes.will.be.communica.6f6c9e37","legal","legal","P0","App/LegalDocuments/en/Terms-of-Use.md","255","changes. Material changes will be communicated where required and may require","","","","","","legal_copy","","legal","inventory.legal.6f6c9e37ac86","extracted","not_started","not_required","not_started","false"
"legacy.legal.new.acceptance.the.document.set.version.an.4192018e","legal","legal","P0","App/LegalDocuments/en/Terms-of-Use.md","256","new acceptance. The document set, version and acceptance time are recorded","","","","","","legal_copy","","legal","inventory.legal.4192018ea6c2","extracted","not_started","not_required","not_started","false"
"legacy.legal.for.auditability.ff3a41d1","legal","legal","P0","App/LegalDocuments/en/Terms-of-Use.md","257","for auditability.","","","","","","legal_copy","","legal","inventory.legal.ff3a41d1c9a7","extracted","not_started","not_required","not_started","false"
"legacy.legal.20.governing.law.and.mandatory.local.right.1e7a293d","legal","legal","P0","App/LegalDocuments/en/Terms-of-Use.md","259","20. Governing law and mandatory local rights","","","","","","legal_copy","","legal","inventory.legal.1e7a293dcb02","extracted","not_started","not_required","not_started","false"
"legacy.legal.these.terms.are.governed.by.the.laws.of.th.0f97b322","legal","legal","P0","App/LegalDocuments/en/Terms-of-Use.md","261","These Terms are governed by the laws of the Republic of Türkiye. This choice","","","","","","legal_copy","","legal","inventory.legal.0f97b3229e52","extracted","not_started","not_required","not_started","false"
"legacy.legal.does.not.deprive.a.consumer.of.mandatory.p.b7f8264e","legal","legal","P0","App/LegalDocuments/en/Terms-of-Use.md","262","does not deprive a consumer of mandatory protections or forums available","","","","","","legal_copy","","legal","inventory.legal.b7f8264eaceb","extracted","not_started","not_required","not_started","false"
"legacy.legal.under.the.law.of.the.country.in.which.the..600f9251","legal","legal","P0","App/LegalDocuments/en/Terms-of-Use.md","263","under the law of the country in which the consumer habitually resides.","","","","","","legal_copy","","legal","inventory.legal.600f92516b8a","extracted","not_started","not_required","not_started","false"
"legacy.legal.subject.to.those.mandatory.rights.disputes.cde7e395","legal","legal","P0","App/LegalDocuments/en/Terms-of-Use.md","265","Subject to those mandatory rights, disputes may be brought before the","","","","","","legal_copy","","legal","inventory.legal.cde7e3951c66","extracted","not_started","not_required","not_started","false"
"legacy.legal.competent.consumer.arbitration.committee.c.723372dd","legal","legal","P0","App/LegalDocuments/en/Terms-of-Use.md","266","competent consumer arbitration committee, consumer court or other court","","","","","","legal_copy","","legal","inventory.legal.723372ddb4d5","extracted","not_started","not_required","not_started","false"
"legacy.legal.identified.by.applicable.law.a478d897","legal","legal","P0","App/LegalDocuments/en/Terms-of-Use.md","267","identified by applicable law.","","","","","","legal_copy","","legal","inventory.legal.a478d8978d98","extracted","not_started","not_required","not_started","false"
"legacy.legal.email.support.info.riskdetected.com.1a2a7d57","legal","legal","P0","App/LegalDocuments/en/Terms-of-Use.md","271","Email/support: info@riskdetected.com","","","","","","legal_copy","","legal","inventory.legal.1a2a7d570672","extracted","not_started","not_required","not_started","false"
"legacy.legal.address.eskisehir.turkiye.f07ed4b5","legal","legal","P0","App/LegalDocuments/en/Terms-of-Use.md","272","Address: Eskişehir, Türkiye","","","","","","legal_copy","","legal","inventory.legal.f07ed4b589cc","extracted","not_started","not_required","not_started","false"
"legacy.legal.website.https.riskdetected.com.841cda6b","legal","legal","P0","App/LegalDocuments/en/Terms-of-Use.md","273","Website: https://riskdetected.com","","","","","","legal_copy","","legal","inventory.legal.841cda6bff11","extracted","not_started","not_required","not_started","false"
"legacy.legal.in.app.support.profile.support.3c386652","legal","legal","P0","App/LegalDocuments/en/Terms-of-Use.md","274","In-app support: Profile > Support","","","","","","legal_copy","","legal","inventory.legal.3c3866527096","extracted","not_started","not_required","not_started","false"
"legacy.legal.account.deletion.is.completed.through.prof.e330c22e","legal","legal","P0","App/LegalDocuments/en/Terms-of-Use.md","276","Account deletion is completed through Profile > Delete Account and does not","","","","","","legal_copy","","legal","inventory.legal.e330c22e0c10","extracted","not_started","not_required","not_started","false"
"legacy.legal.require.an.email.support.request.or.websit.7b9cee5a","legal","legal","P0","App/LegalDocuments/en/Terms-of-Use.md","277","require an email, support request or website request.","","","","","","legal_copy","","legal","inventory.legal.7b9cee5a17df","extracted","not_started","not_required","not_started","false"
"legacy.legal.riskdetected.gizlilik.politikas.f7d1a0ee","legal","legal","P0","App/LegalDocuments/Gizlilik-Politikasi.md","1","RiskDetected Gizlilik Politikası","","","","","","legal_copy","","legal","inventory.legal.f7d1a0ee7834","extracted","not_started","not_required","not_started","false"
"legacy.legal.yururluk.tarihi.8.temmuz.2026.aad6ba07","legal","legal","P0","App/LegalDocuments/Gizlilik-Politikasi.md","3","Yürürlük tarihi: 8 Temmuz 2026","","","","","","legal_copy","","legal","inventory.legal.aad6ba07846f","extracted","not_started","not_required","not_started","false"
"legacy.legal.belge.surumu.privacy.2026.07.08.58b5d922","legal","legal","P0","App/LegalDocuments/Gizlilik-Politikasi.md","4","Belge sürümü: privacy-2026-07-08","","","","","","legal_copy","","legal","inventory.legal.58b5d922eff8","extracted","not_started","not_required","not_started","false"
"legacy.legal.bu.gizlilik.politikas.riskdetected.mobil.u.0ce66cb7","legal","legal","P0","App/LegalDocuments/Gizlilik-Politikasi.md","6","Bu Gizlilik Politikası, RiskDetected mobil uygulaması ve bağlantılı hizmetlerde hangi","","","","","","legal_copy","","legal","inventory.legal.0ce66cb7925f","extracted","not_started","not_required","not_started","false"
"legacy.legal.verilerin.topland.g.n.neden.kullan.ld.g.n..86996c07","legal","legal","P0","App/LegalDocuments/Gizlilik-Politikasi.md","7","verilerin toplandığını, neden kullanıldığını, kimlerle paylaşılabileceğini, ne kadar","","","","","","legal_copy","","legal","inventory.legal.86996c07cd89","extracted","not_started","not_required","not_started","false"
"legacy.legal.sure.sakland.g.n.ve.kullan.c.lar.n.gizlili.4aab41cf","legal","legal","P0","App/LegalDocuments/Gizlilik-Politikasi.md","8","süre saklandığını ve kullanıcıların gizlilik tercihlerini nasıl yönetebileceğini açıklar.","","","","","","legal_copy","","legal","inventory.legal.4aab41cf516b","extracted","not_started","not_required","not_started","false"
"legacy.legal.veri.sorumlusu.hizmet.saglay.c.8d2cf6b0","legal","legal","P0","App/LegalDocuments/Gizlilik-Politikasi.md","10","Veri sorumlusu/hizmet sağlayıcı:","","","","","","legal_copy","","legal","inventory.legal.8d2cf6b0022b","extracted","not_started","not_required","not_started","false"
"legacy.legal.e.posta.destek.info.riskdetected.com.631a16b2","legal","legal","P0","App/LegalDocuments/Gizlilik-Politikasi.md","14","E-posta/Destek: info@riskdetected.com","","","","","","legal_copy","","legal","inventory.legal.631a16b2c8dc","extracted","not_started","not_required","not_started","false"
"legacy.legal.1.riskdetected.ne.yapar.0d589373","legal","legal","P0","App/LegalDocuments/Gizlilik-Politikasi.md","17","1. RiskDetected ne yapar?","","","","","","legal_copy","","legal","inventory.legal.0d589373d4f3","extracted","not_started","not_required","not_started","false"
"legacy.legal.riskdetected.fotograf.uzerinden.yapay.zeka.49c2cc10","legal","legal","P0","App/LegalDocuments/Gizlilik-Politikasi.md","19","RiskDetected, fotoğraf üzerinden yapay zeka destekli iş güvenliği analizi, risk/bulgu","","","","","","legal_copy","","legal","inventory.legal.49c2cc100d06","extracted","not_started","not_started","not_started","true"
"legacy.legal.tespiti.pdf.xlsx.raporlama.firma.takibi.bi.d6ecc04d","legal","legal","P0","App/LegalDocuments/Gizlilik-Politikasi.md","20","tespiti, PDF/XLSX raporlama, firma takibi, bildirimler ve mesleki ilerleme özellikleri","","","","","","legal_copy","","legal","inventory.legal.d6ecc04d7ed9","extracted","not_started","not_required","not_started","false"
"legacy.legal.sunar.ai.c.kt.lar.karar.destek.niteliginde.5f551add","legal","legal","P0","App/LegalDocuments/Gizlilik-Politikasi.md","21","sunar. AI çıktıları karar destek niteliğindedir; resmi denetim, hukuki uygunluk","","","","","","legal_copy","","legal","inventory.legal.5f551add9776","extracted","not_started","not_required","not_started","false"
"legacy.legal.garantisi.veya.uzman.gorusu.yerine.gecmez.acec5c06","legal","legal","P0","App/LegalDocuments/Gizlilik-Politikasi.md","22","garantisi veya uzman görüşü yerine geçmez.","","","","","","legal_copy","","legal","inventory.legal.acec5c06b92e","extracted","not_started","not_required","not_started","false"
"legacy.legal.2.toplad.g.m.z.veri.kategorileri.b3d43aea","legal","legal","P0","App/LegalDocuments/Gizlilik-Politikasi.md","24","2. Topladığımız veri kategorileri","","","","","","legal_copy","","legal","inventory.legal.b3d43aeadf2b","extracted","not_started","not_required","not_started","false"
"legacy.legal.uygulaman.n.kullan.m.na.gore.asag.daki.ver.3be08023","legal","legal","P0","App/LegalDocuments/Gizlilik-Politikasi.md","26","Uygulamanın kullanımına göre aşağıdaki veriler işlenebilir:","","","","","","legal_copy","","legal","inventory.legal.3be08023cba9","extracted","not_started","not_required","not_started","false"
"legacy.legal.hesap.verileri.kullan.c.id.e.posta.giris.y.951355bd","legal","legal","P0","App/LegalDocuments/Gizlilik-Politikasi.md","28","Hesap verileri: kullanıcı ID, e-posta, giriş yöntemi, profil adı, avatar, hesap durumu.","","","","","","legal_copy","","legal","inventory.legal.951355bd76ea","extracted","not_started","not_required","not_started","false"
"legacy.legal.onboarding.yan.tlar.uzmanl.k.s.n.f.tehlike.1b4f352b","legal","legal","P0","App/LegalDocuments/Gizlilik-Politikasi.md","29","Onboarding yanıtları: uzmanlık sınıfı, tehlike sınıfı, sektör, çalışma alanı, analiz sıklığı ve kullanım amacı.","","","","","","legal_copy","","legal","inventory.legal.1b4f352b8f3c","extracted","not_started","not_started","not_started","true"
"legacy.legal.kullan.c.icerikleri.fotograflar.onceki.sur.8eb74734","legal","legal","P0","App/LegalDocuments/Gizlilik-Politikasi.md","30","Kullanıcı içerikleri: fotoğraflar, önceki sürümlerde oluşturulmuş metin girdileri, canvas/analiz seçimi, saha notları, firma bilgileri, logo, rapor hazırlayan bilgileri.","","","","","","legal_copy","","legal","inventory.legal.8eb74734623c","extracted","not_started","not_required","not_started","false"
"legacy.legal.ai.analiz.c.kt.lar.bulgular.risk.seviyeler.a302d167","legal","legal","P0","App/LegalDocuments/Gizlilik-Politikasi.md","31","AI analiz çıktıları: bulgular, risk seviyeleri, skorlar, kök neden, önerilen aksiyon, kısa referanslar, analiz özeti ve risk tablosu bilgileri.","","","","","","legal_copy","","legal","inventory.legal.a302d1672605","extracted","not_started","not_started","not_started","true"
"legacy.legal.rapor.ve.arsiv.verileri.pdf.xlsx.raporlar..1e72a3aa","legal","legal","P0","App/LegalDocuments/Gizlilik-Politikasi.md","32","Rapor ve arşiv verileri: PDF/XLSX raporları, rapor türü, dosya adı, indirme/paylaşım için gerekli teknik kayıtlar.","","","","","","legal_copy","","legal","inventory.legal.1e72a3aa061e","extracted","not_started","not_required","not_started","false"
"legacy.legal.firma.modulu.verileri.firma.ad.tehlike.s.n.8f7303d4","legal","legal","P0","App/LegalDocuments/Gizlilik-Politikasi.md","33","Firma modülü verileri: firma adı, tehlike sınıfı, adres, ilgili kişi, departman, sorumlu, termin günü, logo ve arşiv durumu.","","","","","","legal_copy","","legal","inventory.legal.8f7303d40699","extracted","not_started","not_started","not_started","true"
"legacy.legal.mesleki.ilerleme.verileri.mdp.uygulama.ici.bdbb965a","legal","legal","P0","App/LegalDocuments/Gizlilik-Politikasi.md","34","Mesleki ilerleme verileri: MDP, uygulama içi ünvanlar, rozetler, yetkinlik haritası, haftalık takip, aktif gün, kategori/risk sayıları ve başarı mesajları.","","","","","","legal_copy","","legal","inventory.legal.bdbb965aa05c","extracted","not_started","not_started","not_started","true"
"legacy.legal.abonelik.kota.verileri.free.plus.pro.durum.40c698d4","legal","legal","P0","App/LegalDocuments/Gizlilik-Politikasi.md","35","Abonelik/kota verileri: Free/Plus/Pro durumu, günlük/aylık kota, ücretsiz deneme, tek seferlik risk analizi tablosu hakkı, RevenueCat/App Store entitlement ve işlem olayları.","","","","","","legal_copy","","legal","inventory.legal.40c698d4e2fd","extracted","not_started","not_started","not_started","true"
"legacy.legal.bildirim.verileri.bildirim.tercihleri.apns.5617bdc3","legal","legal","P0","App/LegalDocuments/Gizlilik-Politikasi.md","36","Bildirim verileri: bildirim tercihleri, APNs cihaz tokenı, gönderim/başarı/hata kayıtları.","","","","","","legal_copy","","legal","inventory.legal.5617bdc3da81","extracted","not_started","not_required","not_started","false"
"legacy.legal.teknik.veriler.ip.adresi.cihaz.modeli.isle.71195255","legal","legal","P0","App/LegalDocuments/Gizlilik-Politikasi.md","37","Teknik veriler: IP adresi, cihaz modeli, işletim sistemi, uygulama sürümü, request ID, support ID, hata kodları, performans, AI sağlayıcı/model, token sayıları ve fallback bilgileri.","","","","","","legal_copy","","legal","inventory.legal.711952557b05","extracted","not_started","not_required","not_started","false"
"legacy.legal.hukuki.onay.kay.tlar.kvkk.ac.k.r.za.kullan.a42502c2","legal","legal","P0","App/LegalDocuments/Gizlilik-Politikasi.md","38","Hukuki/onay kayıtları: KVKK, açık rıza, kullanım koşulları, gizlilik politikası kabul sürümleri ve zamanları.","","","","","","legal_copy","","legal","inventory.legal.a42502c2c34d","extracted","not_started","not_required","not_started","false"
"legacy.legal.riskdetected.odeme.kart.bilgilerinizi.dogr.2eeb2768","legal","legal","P0","App/LegalDocuments/Gizlilik-Politikasi.md","40","RiskDetected ödeme kartı bilgilerinizi doğrudan almaz veya saklamaz. App Store ödemeleri","","","","","","legal_copy","","legal","inventory.legal.2eeb2768741b","extracted","not_started","not_required","not_started","false"
"legacy.legal.apple.taraf.ndan.yurutulur.d73fa6ed","legal","legal","P0","App/LegalDocuments/Gizlilik-Politikasi.md","41","Apple tarafından yürütülür.","","","","","","legal_copy","","legal","inventory.legal.d73fa6ed1013","extracted","not_started","not_required","not_started","false"
"legacy.legal.3.fotograf.ve.hassas.icerik.3395331e","legal","legal","P0","App/LegalDocuments/Gizlilik-Politikasi.md","43","3. Fotoğraf ve hassas içerik","","","","","","legal_copy","","legal","inventory.legal.3395331ea3b0","extracted","not_started","not_required","not_started","false"
"legacy.legal.fotograflar.cal.san.ziyaretci.goruntusu.yu.821ea35f","legal","legal","P0","App/LegalDocuments/Gizlilik-Politikasi.md","45","Fotoğraflar; çalışan/ziyaretçi görüntüsü, yüz, ekipman, firma logosu, tabela, plaka,","","","","","","legal_copy","","legal","inventory.legal.821ea35fec0e","extracted","not_started","not_required","not_started","false"
"legacy.legal.tesis.uretim.alan.maden.insaat.sahas.veya..1c31c3ec","legal","legal","P0","App/LegalDocuments/Gizlilik-Politikasi.md","46","tesis, üretim alanı, maden, inşaat sahası veya ticari sır niteliğinde bilgi içerebilir.","","","","","","legal_copy","","legal","inventory.legal.1c31c3ecc866","extracted","not_started","not_required","not_started","false"
"legacy.legal.fotografta.sagl.k.durumu.yaralanma.engelli.9418e737","legal","legal","P0","App/LegalDocuments/Gizlilik-Politikasi.md","47","Fotoğrafta sağlık durumu, yaralanma, engellilik, çocuk görüntüsü veya başka hassas bilgi","","","","","","legal_copy","","legal","inventory.legal.9418e7372bc7","extracted","not_started","not_required","not_started","false"
"legacy.legal.de.bulunabilir.77cc3fe8","legal","legal","P0","App/LegalDocuments/Gizlilik-Politikasi.md","48","de bulunabilir.","","","","","","legal_copy","","legal","inventory.legal.77cc3fe8f084","extracted","not_started","not_required","not_started","false"
"legacy.legal.riskdetected.yuz.tan.ma.kisiyi.benzersiz.s.2ca7e681","legal","legal","P0","App/LegalDocuments/Gizlilik-Politikasi.md","50","RiskDetected yüz tanıma, kişiyi benzersiz şekilde teşhis etme veya biyometrik kimlik","","","","","","legal_copy","","legal","inventory.legal.2ca7e681c4cc","extracted","not_started","not_required","not_started","false"
"legacy.legal.dogrulama.amac.yla.cal.smaz.buna.ragmen.fo.4621dde0","legal","legal","P0","App/LegalDocuments/Gizlilik-Politikasi.md","51","doğrulama amacıyla çalışmaz. Buna rağmen fotoğraftaki görsel içerik kişisel veri","","","","","","legal_copy","","legal","inventory.legal.4621dde0cecb","extracted","not_started","not_required","not_started","false"
"legacy.legal.olabilir.yaln.zca.yukleme.ve.analiz.ettirm.d17961a4","legal","legal","P0","App/LegalDocuments/Gizlilik-Politikasi.md","52","olabilir. Yalnızca yükleme ve analiz ettirme hakkına sahip olduğunuz içerikleri","","","","","","legal_copy","","legal","inventory.legal.d17961a441a1","extracted","not_started","not_required","not_started","false"
"legacy.legal.kullanmal.s.n.z.067b5efa","legal","legal","P0","App/LegalDocuments/Gizlilik-Politikasi.md","53","kullanmalısınız.","","","","","","legal_copy","","legal","inventory.legal.067b5efa6692","extracted","not_started","not_required","not_started","false"
"legacy.legal.fotograflar.analiz.oncesinde.yeniden.islen.9909c791","legal","legal","P0","App/LegalDocuments/Gizlilik-Politikasi.md","55","Fotoğraflar analiz öncesinde yeniden işlenerek EXIF, konum ve kamera metadata","","","","","","legal_copy","","legal","inventory.legal.9909c791f58e","extracted","not_started","not_required","not_started","false"
"legacy.legal.bilgisinin.azalt.lmas.hedeflenir.gorsel.ic.3e70bec9","legal","legal","P0","App/LegalDocuments/Gizlilik-Politikasi.md","56","bilgisinin azaltılması hedeflenir; görsel içerikte görünen bilgiler analiz için","","","","","","legal_copy","","legal","inventory.legal.3e70bec97b9a","extracted","not_started","not_required","not_started","false"
"legacy.legal.islenmeye.devam.eder.ea83697b","legal","legal","P0","App/LegalDocuments/Gizlilik-Politikasi.md","57","işlenmeye devam eder.","","","","","","legal_copy","","legal","inventory.legal.ea83697b847f","extracted","not_started","not_required","not_started","false"
"legacy.legal.yeni.analizler.fotograf.yukleme.veya.kamer.f1714f55","legal","legal","P0","App/LegalDocuments/Gizlilik-Politikasi.md","59","Yeni analizler fotoğraf yükleme veya kamera ile çekim üzerinden başlatılır. Önceki","","","","","","legal_copy","","legal","inventory.legal.f1714f55cb35","extracted","not_started","not_required","not_started","false"
"legacy.legal.surumlerde.olusturulmus.metin.girdileri.ge.92cc6a2b","legal","legal","P0","App/LegalDocuments/Gizlilik-Politikasi.md","60","sürümlerde oluşturulmuş metin girdileri geçmiş kayıt, veri dışa aktarma, hesap silme ve","","","","","","legal_copy","","legal","inventory.legal.92cc6a2b31b6","extracted","not_started","not_required","not_started","false"
"legacy.legal.hukuki.saklama.surecleriyle.s.n.rl.olarak..ae176dd5","legal","legal","P0","App/LegalDocuments/Gizlilik-Politikasi.md","61","hukuki saklama süreçleriyle sınırlı olarak işlenebilir.","","","","","","legal_copy","","legal","inventory.legal.ae176dd569a1","extracted","not_started","not_required","not_started","false"
"legacy.legal.4.verileri.neden.kullan.yoruz.f0d8bf49","legal","legal","P0","App/LegalDocuments/Gizlilik-Politikasi.md","63","4. Verileri neden kullanıyoruz?","","","","","","legal_copy","","legal","inventory.legal.f0d8bf49acbe","extracted","not_started","not_required","not_started","false"
"legacy.legal.verileri.su.amaclarla.kullan.r.z.bdea755b","legal","legal","P0","App/LegalDocuments/Gizlilik-Politikasi.md","65","Verileri şu amaçlarla kullanırız:","","","","","","legal_copy","","legal","inventory.legal.bdea755b782f","extracted","not_started","not_required","not_started","false"
"legacy.legal.hesap.olusturma.oturum.acma.ve.guvenlik.637cbf58","legal","legal","P0","App/LegalDocuments/Gizlilik-Politikasi.md","67","Hesap oluşturma, oturum açma ve güvenlik.","","","","","","legal_copy","","legal","inventory.legal.637cbf588ace","extracted","not_started","not_started","not_started","true"
"legacy.legal.fotograf.analizi.risk.bulgu.uretimi.ve.rap.30790dba","legal","legal","P0","App/LegalDocuments/Gizlilik-Politikasi.md","68","Fotoğraf analizi, risk/bulgu üretimi ve raporlama.","","","","","","legal_copy","","legal","inventory.legal.30790dba30cb","extracted","not_started","not_started","not_started","true"
"legacy.legal.firma.bazl.rapor.logo.ve.arsiv.yonetimi.5e50f977","legal","legal","P0","App/LegalDocuments/Gizlilik-Politikasi.md","69","Firma bazlı rapor, logo ve arşiv yönetimi.","","","","","","legal_copy","","legal","inventory.legal.5e50f977593b","extracted","not_started","not_required","not_started","false"
"legacy.legal.kota.abonelik.deneme.hakk.ve.paywall.erisi.ff2cf732","legal","legal","P0","App/LegalDocuments/Gizlilik-Politikasi.md","70","Kota, abonelik, deneme hakkı ve paywall erişimi.","","","","","","legal_copy","","legal","inventory.legal.ff2cf7321725","extracted","not_started","not_required","not_started","false"
"legacy.legal.mesleki.ilerleme.mdp.unvan.rozet.yetkinlik.b243464e","legal","legal","P0","App/LegalDocuments/Gizlilik-Politikasi.md","71","Mesleki ilerleme, MDP, ünvan, rozet, yetkinlik haritası ve haftalık takip.","","","","","","legal_copy","","legal","inventory.legal.b243464e067a","extracted","not_started","not_required","not_started","false"
"legacy.legal.analiz.tamamland.rapor.haz.r.hesap.durumu..98b38e8d","legal","legal","P0","App/LegalDocuments/Gizlilik-Politikasi.md","72","Analiz tamamlandı, rapor hazır, hesap durumu ve progress bildirimleri.","","","","","","legal_copy","","legal","inventory.legal.98b38e8db422","extracted","not_started","not_required","not_started","false"
"legacy.legal.hata.giderme.kotuye.kullan.m.onleme.servis.4f253e4b","legal","legal","P0","App/LegalDocuments/Gizlilik-Politikasi.md","73","Hata giderme, kötüye kullanım önleme, servis sürekliliği, maliyet ve performans izleme.","","","","","","legal_copy","","legal","inventory.legal.4f253e4b07d6","extracted","not_started","not_required","not_started","false"
"legacy.legal.destek.veri.d.sa.aktarma.uygulama.ici.hesa.439db11e","legal","legal","P0","App/LegalDocuments/Gizlilik-Politikasi.md","74","Destek, veri dışa aktarma, uygulama içi hesap silme, veri silme ve hukuki talepler.","","","","","","legal_copy","","legal","inventory.legal.439db11ef986","extracted","not_started","not_required","not_started","false"
"legacy.legal.hukuki.yukumlulukler.ve.uyusmazl.k.yonetim.0f01330b","legal","legal","P0","App/LegalDocuments/Gizlilik-Politikasi.md","75","Hukuki yükümlülükler ve uyuşmazlık yönetimi.","","","","","","legal_copy","","legal","inventory.legal.0f01330bee12","extracted","not_started","not_required","not_started","false"
"legacy.legal.kullan.c.iceriklerini.reklamda.veya.herkes.cfa99a67","legal","legal","P0","App/LegalDocuments/Gizlilik-Politikasi.md","77","Kullanıcı içeriklerini reklamda veya herkese açık pazarlamada kullanmayız; bunun için","","","","","","legal_copy","","legal","inventory.legal.cfa99a67807a","extracted","not_started","not_required","not_started","false"
"legacy.legal.ayr.ca.ac.k.izin.gerekir.44d47894","legal","legal","P0","App/LegalDocuments/Gizlilik-Politikasi.md","78","ayrıca açık izin gerekir.","","","","","","legal_copy","","legal","inventory.legal.44d47894a206","extracted","not_started","not_required","not_started","false"
"legacy.legal.5.yapay.zeka.saglay.c.lar.ve.kalite.fallba.a78df56d","legal","legal","P0","App/LegalDocuments/Gizlilik-Politikasi.md","80","5. Yapay zeka sağlayıcıları ve kalite/fallback hattı","","","","","","legal_copy","","legal","inventory.legal.a78df56dff66","extracted","not_started","not_required","not_started","false"
"legacy.legal.analizler.supabase.edge.functions.uzerinde.03828e1f","legal","legal","P0","App/LegalDocuments/Gizlilik-Politikasi.md","82","Analizler Supabase Edge Functions üzerinden Google Gemini/Google AI gibi AI","","","","","","legal_copy","","legal","inventory.legal.03828e1f312e","extracted","not_started","not_required","not_started","false"
"legacy.legal.saglay.c.lar.na.iletilebilir.servis.surekl.dc9f0016","legal","legal","P0","App/LegalDocuments/Gizlilik-Politikasi.md","83","sağlayıcılarına iletilebilir. Servis sürekliliği için belirli durumlarda Groq veya","","","","","","legal_copy","","legal","inventory.legal.dc9f00160bb1","extracted","not_started","not_required","not_started","false"
"legacy.legal.baska.uyumlu.ai.saglay.c.lar.fallback.olar.d4133457","legal","legal","P0","App/LegalDocuments/Gizlilik-Politikasi.md","84","başka uyumlu AI sağlayıcıları fallback olarak kullanılabilir. Free kullanıcının günlük","","","","","","legal_copy","","legal","inventory.legal.d4133457425f","extracted","not_started","not_required","not_started","false"
"legacy.legal.standart.analiz.hakk.da.iyi.ilk.deneyim.sa.5220fb77","legal","legal","P0","App/LegalDocuments/Gizlilik-Politikasi.md","85","standart analiz hakkı da iyi ilk deneyim sağlamak için paid Gemini hattından","","","","","","legal_copy","","legal","inventory.legal.5220fb77bdd0","extracted","not_started","not_required","not_started","false"
"legacy.legal.cal.sabilir.bu.kullan.c.n.n.plan.n.veya.uc.8d035966","legal","legal","P0","App/LegalDocuments/Gizlilik-Politikasi.md","86","çalışabilir; bu, kullanıcının planını veya ücretli özellik yetkilerini değiştirmez.","","","","","","legal_copy","","legal","inventory.legal.8d0359662e1a","extracted","not_started","not_required","not_started","false"
"legacy.legal.ai.saglay.c.lar.na.gonderilen.icerik.anali.230434e8","legal","legal","P0","App/LegalDocuments/Gizlilik-Politikasi.md","88","AI sağlayıcılarına gönderilen içerik, analiz yanıtı üretmek için gerekli fotoğraf ve","","","","","","legal_copy","","legal","inventory.legal.230434e8e99a","extracted","not_started","not_required","not_started","false"
"legacy.legal.baglamla.s.n.rl.tutulmaya.cal.s.l.r.ai.kul.56535b3b","legal","legal","P0","App/LegalDocuments/Gizlilik-Politikasi.md","89","bağlamla sınırlı tutulmaya çalışılır. AI kullanım loglarında model, sağlayıcı, anahtar","","","","","","legal_copy","","legal","inventory.legal.56535b3b7e0c","extracted","not_started","not_required","not_started","false"
"legacy.legal.havuzu.takma.ad.token.say.s.sure.hata.fall.a476afc8","legal","legal","P0","App/LegalDocuments/Gizlilik-Politikasi.md","90","havuzu takma adı, token sayısı, süre, hata/fallback bilgisi ve support ID gibi teknik","","","","","","legal_copy","","legal","inventory.legal.a476afc81bc1","extracted","not_started","not_required","not_started","false"
"legacy.legal.kay.tlar.tutulabilir.54b9d629","legal","legal","P0","App/LegalDocuments/Gizlilik-Politikasi.md","91","kayıtlar tutulabilir.","","","","","","legal_copy","","legal","inventory.legal.54b9d629dc9a","extracted","not_started","not_required","not_started","false"
"legacy.legal.6.ucuncu.taraf.hizmetler.a0633037","legal","legal","P0","App/LegalDocuments/Gizlilik-Politikasi.md","93","6. Üçüncü taraf hizmetler","","","","","","legal_copy","","legal","inventory.legal.a0633037837c","extracted","not_started","not_required","not_started","false"
"legacy.legal.hizmetin.sunumu.icin.su.altyap.lar.kullan..3dbe6f01","legal","legal","P0","App/LegalDocuments/Gizlilik-Politikasi.md","95","Hizmetin sunumu için şu altyapılar kullanılabilir:","","","","","","legal_copy","","legal","inventory.legal.3dbe6f0195e8","extracted","not_started","not_required","not_started","false"
"legacy.legal.supabase.kimlik.dogrulama.veri.taban.stora.59f78664","legal","legal","P0","App/LegalDocuments/Gizlilik-Politikasi.md","97","Supabase: kimlik doğrulama, veri tabanı, storage, edge function, RLS ve teknik altyapı.","","","","","","legal_copy","","legal","inventory.legal.59f78664c1bc","extracted","not_started","not_required","not_started","false"
"legacy.legal.google.gemini.google.ai.fotograf.analizi.9d429c4f","legal","legal","P0","App/LegalDocuments/Gizlilik-Politikasi.md","98","Google Gemini/Google AI: fotoğraf analizi.","","","","","","legal_copy","","legal","inventory.legal.9d429c4f11a1","extracted","not_started","not_required","not_started","false"
"legacy.legal.groq.ai.fallback.veya.kalite.kars.last.rma.faf3e870","legal","legal","P0","App/LegalDocuments/Gizlilik-Politikasi.md","99","Groq: AI fallback veya kalite karşılaştırma süreçleri.","","","","","","legal_copy","","legal","inventory.legal.faf3e8705eae","extracted","not_started","not_required","not_started","false"
"legacy.legal.revenuecat.ve.apple.app.store.abonelik.den.f8631f4d","legal","legal","P0","App/LegalDocuments/Gizlilik-Politikasi.md","100","RevenueCat ve Apple App Store: abonelik, deneme, satın alma ve entitlement doğrulama.","","","","","","legal_copy","","legal","inventory.legal.f8631f4dd5f4","extracted","not_started","not_required","not_started","false"
"legacy.legal.apple.push.notification.service.bildirim.g.45ad8595","legal","legal","P0","App/LegalDocuments/Gizlilik-Politikasi.md","101","Apple Push Notification service: bildirim gönderimi.","","","","","","legal_copy","","legal","inventory.legal.45ad85955459","extracted","not_started","not_required","not_started","false"
"legacy.legal.apple.sign.in.ve.google.sign.in.giris.yont.b4c73919","legal","legal","P0","App/LegalDocuments/Gizlilik-Politikasi.md","102","Apple Sign-In ve Google Sign-In: giriş yöntemi olarak seçildiğinde kimlik doğrulama.","","","","","","legal_copy","","legal","inventory.legal.b4c739192c4a","extracted","not_started","not_required","not_started","false"
"legacy.legal.bu.taraflar.turkiye.d.s.nda.bulunabilir.ve.b24d485c","legal","legal","P0","App/LegalDocuments/Gizlilik-Politikasi.md","104","Bu taraflar Türkiye dışında bulunabilir veya verileri yurt dışında işleyebilir.","","","","","","legal_copy","","legal","inventory.legal.b24d485c8dd0","extracted","not_started","not_required","not_started","false"
"legacy.legal.ayr.nt.l.hukuki.ac.klama.kvkk.ayd.nlatma.m.575a5337","legal","legal","P0","App/LegalDocuments/Gizlilik-Politikasi.md","105","Ayrıntılı hukuki açıklama KVKK Aydınlatma Metni ve Açık Rıza Beyanı içinde yer alır.","","","","","","legal_copy","","legal","inventory.legal.575a53378029","extracted","not_started","not_required","not_started","false"
"legacy.legal.7.saklama.sureleri.44958be7","legal","legal","P0","App/LegalDocuments/Gizlilik-Politikasi.md","107","7. Saklama süreleri","","","","","","legal_copy","","legal","inventory.legal.44958be7a72e","extracted","not_started","not_required","not_started","false"
"legacy.legal.free.analiz.fotograflar.7.gun.661e76a6","legal","legal","P0","App/LegalDocuments/Gizlilik-Politikasi.md","109","Free analiz fotoğrafları: 7 gün.","","","","","","legal_copy","","legal","inventory.legal.661e76a64892","extracted","not_started","not_required","not_started","false"
"legacy.legal.plus.analiz.fotograflar.30.gun.6bf50ee5","legal","legal","P0","App/LegalDocuments/Gizlilik-Politikasi.md","110","Plus analiz fotoğrafları: 30 gün.","","","","","","legal_copy","","legal","inventory.legal.6bf50ee5c064","extracted","not_started","not_required","not_started","false"
"legacy.legal.pro.analiz.fotograflar.hesap.aktif.oldugu..755dc5d8","legal","legal","P0","App/LegalDocuments/Gizlilik-Politikasi.md","111","Pro analiz fotoğrafları: hesap aktif olduğu sürece veya kullanıcı silene kadar.","","","","","","legal_copy","","legal","inventory.legal.755dc5d8dafb","extracted","not_started","not_required","not_started","false"
"legacy.legal.ham.ai.yan.tlar.ve.ai.denetim.kay.tlar.30..3580a443","legal","legal","P0","App/LegalDocuments/Gizlilik-Politikasi.md","112","Ham AI yanıtları ve AI denetim kayıtları: 30 gün.","","","","","","legal_copy","","legal","inventory.legal.3580a4438b8b","extracted","not_started","not_required","not_started","false"
"legacy.legal.analiz.sonuclar.bulgular.raporlar.ve.progr.8b59b0cd","legal","legal","P0","App/LegalDocuments/Gizlilik-Politikasi.md","113","Analiz sonuçları, bulgular, raporlar ve progress kayıtları: kullanıcı silene, hesap silinene veya saklama amacı sona erene kadar.","","","","","","legal_copy","","legal","inventory.legal.8b59b0cd1acd","extracted","not_started","not_required","not_started","false"
"legacy.legal.profil.avatar.firma.logosu.ve.firma.kay.tl.bfafde18","legal","legal","P0","App/LegalDocuments/Gizlilik-Politikasi.md","114","Profil avatarı, firma logosu ve firma kayıtları: kullanıcı silene/arşivleyene veya hesap silinene kadar.","","","","","","legal_copy","","legal","inventory.legal.bfafde1887bf","extracted","not_started","not_required","not_started","false"
"legacy.legal.bildirim.tokenlar.token.gecersizlesene.kul.7b1837f0","legal","legal","P0","App/LegalDocuments/Gizlilik-Politikasi.md","115","Bildirim tokenları: token geçersizleşene, kullanıcı kapatana veya hesap silinene kadar.","","","","","","legal_copy","","legal","inventory.legal.7b1837f02b68","extracted","not_started","not_required","not_started","false"
"legacy.legal.onay.abonelik.destek.hesap.silme.ve.uyusma.1e5a3f5d","legal","legal","P0","App/LegalDocuments/Gizlilik-Politikasi.md","116","Onay, abonelik, destek, hesap silme ve uyuşmazlık kayıtları: hukuki ispat ve yasal süreler boyunca.","","","","","","legal_copy","","legal","inventory.legal.1e5a3f5d9618","extracted","not_started","not_required","not_started","false"
"legacy.legal.silme.talepleri.uygulan.rken.yasal.yukumlu.4973fa25","legal","legal","P0","App/LegalDocuments/Gizlilik-Politikasi.md","118","Silme talepleri uygulanırken yasal yükümlülükler, güvenlik kayıtları, uyuşmazlıklar ve","","","","","","legal_copy","","legal","inventory.legal.4973fa25cb52","extracted","not_started","not_started","not_started","true"
"legacy.legal.teknik.yedekleme.sureleri.sakl.kalabilir.e03939ea","legal","legal","P0","App/LegalDocuments/Gizlilik-Politikasi.md","119","teknik yedekleme süreleri saklı kalabilir.","","","","","","legal_copy","","legal","inventory.legal.e03939eaeaf1","extracted","not_started","not_required","not_started","false"
"legacy.legal.8.hesap.silme.c12c242f","legal","legal","P0","App/LegalDocuments/Gizlilik-Politikasi.md","121","8. Hesap Silme","","","","","","legal_copy","","legal","inventory.legal.c12c242f353c","extracted","not_started","not_required","not_started","false"
"legacy.legal.hesap.silme.islemi.uygulama.icinde.profil..fcef7c2b","legal","legal","P0","App/LegalDocuments/Gizlilik-Politikasi.md","123","Hesap silme işlemi uygulama içinde Profil > Hesabımı sil / Delete Account yolundan","","","","","","legal_copy","","legal","inventory.legal.fcef7c2b5e21","extracted","not_started","not_required","not_started","false"
"legacy.legal.baslat.l.r.ve.tamamlan.r.e.posta.destek.ka.00ddec4e","legal","legal","P0","App/LegalDocuments/Gizlilik-Politikasi.md","124","başlatılır ve tamamlanır. E-posta, destek kanalı veya web sitesi hesap silme için zorunlu","","","","","","legal_copy","","legal","inventory.legal.00ddec4ebe7c","extracted","not_started","not_required","not_started","false"
"legacy.legal.degildir.f43b37e5","legal","legal","P0","App/LegalDocuments/Gizlilik-Politikasi.md","125","değildir.","","","","","","legal_copy","","legal","inventory.legal.f43b37e53373","extracted","not_started","not_required","not_started","false"
"legacy.legal.hesap.silme.onayland.g.nda.hesap.kayd.ve.h.ce2a0cd2","legal","legal","P0","App/LegalDocuments/Gizlilik-Politikasi.md","127","Hesap silme onaylandığında hesap kaydı ve hesaba bağlı uygulama verileri kalıcı olarak","","","","","","legal_copy","","legal","inventory.legal.ce2a0cd2dac7","extracted","not_started","not_required","not_started","false"
"legacy.legal.silinir.yasal.saklama.yukumlulukleri.uyusm.e65b623e","legal","legal","P0","App/LegalDocuments/Gizlilik-Politikasi.md","128","silinir. Yasal saklama yükümlülükleri, uyuşmazlıklar, güvenlik kayıtları ve teknik","","","","","","legal_copy","","legal","inventory.legal.e65b623e7980","extracted","not_started","not_started","not_started","true"
"legacy.legal.yedekleme.sureleri.sakl.kalabilir.d29cb5a2","legal","legal","P0","App/LegalDocuments/Gizlilik-Politikasi.md","129","yedekleme süreleri saklı kalabilir.","","","","","","legal_copy","","legal","inventory.legal.d29cb5a2f76f","extracted","not_started","not_required","not_started","false"
"legacy.legal.aktif.app.store.abonelikleri.apple.id.abon.e1bd63cc","legal","legal","P0","App/LegalDocuments/Gizlilik-Politikasi.md","131","Aktif App Store abonelikleri Apple ID abonelik ayarlarından yönetilir. Hesabın","","","","","","legal_copy","","legal","inventory.legal.e1bd63cce08c","extracted","not_started","not_required","not_started","false"
"legacy.legal.silinmesi.apple.taraf.ndan.yonetilen.aktif.dc0f7ce2","legal","legal","P0","App/LegalDocuments/Gizlilik-Politikasi.md","132","silinmesi, Apple tarafından yönetilen aktif aboneliği otomatik olarak iptal","","","","","","legal_copy","","legal","inventory.legal.dc0f7ce2d06e","extracted","not_started","not_required","not_started","false"
"legacy.legal.9.paylas.m.ve.aktar.m.93e80105","legal","legal","P0","App/LegalDocuments/Gizlilik-Politikasi.md","135","9. Paylaşım ve aktarım","","","","","","legal_copy","","legal","inventory.legal.93e80105bf46","extracted","not_started","not_required","not_started","false"
"legacy.legal.veriler.yaln.zca.hizmetin.sunulmas.guvenli.83f32567","legal","legal","P0","App/LegalDocuments/Gizlilik-Politikasi.md","137","Veriler; yalnızca hizmetin sunulması, güvenlik, destek, ödeme/abonelik doğrulama,","","","","","","legal_copy","","legal","inventory.legal.83f325677759","extracted","not_started","not_started","not_started","true"
"legacy.legal.hukuki.yukumluluk.veya.kullan.c.n.n.talima.82947c30","legal","legal","P0","App/LegalDocuments/Gizlilik-Politikasi.md","138","hukuki yükümlülük veya kullanıcının talimatıyla rapor paylaşımı için gerekli taraflarla","","","","","","legal_copy","","legal","inventory.legal.82947c3022c4","extracted","not_started","not_required","not_started","false"
"legacy.legal.paylas.labilir.riskdetected.kisisel.verile.9cfd83ab","legal","legal","P0","App/LegalDocuments/Gizlilik-Politikasi.md","139","paylaşılabilir. RiskDetected kişisel verileri veri brokerlarına satmaz.","","","","","","legal_copy","","legal","inventory.legal.9cfd83ab5df5","extracted","not_started","not_required","not_started","false"
"legacy.legal.uygulamada.reklam.takibi.idfa.temelli.taki.a6aa06b6","legal","legal","P0","App/LegalDocuments/Gizlilik-Politikasi.md","141","Uygulamada reklam takibi, IDFA temelli takip veya farklı şirketlerin uygulama/web","","","","","","legal_copy","","legal","inventory.legal.a6aa06b6fe04","extracted","not_started","not_required","not_started","false"
"legacy.legal.siteleri.aras.nda.kullan.c.y.takip.etme.am.5d6c80e3","legal","legal","P0","App/LegalDocuments/Gizlilik-Politikasi.md","142","siteleri arasında kullanıcıyı takip etme amacı yoktur. Böyle bir özellik eklenirse Apple","","","","","","legal_copy","","legal","inventory.legal.5d6c80e39d1e","extracted","not_started","not_required","not_started","false"
"legacy.legal.app.tracking.transparency.ve.ilgili.mevzua.71a67059","legal","legal","P0","App/LegalDocuments/Gizlilik-Politikasi.md","143","App Tracking Transparency ve ilgili mevzuat uyarınca ayrıca izin alınır.","","","","","","legal_copy","","legal","inventory.legal.71a67059b742","extracted","not_started","not_started","not_started","true"
"legacy.legal.10.bildirim.tercihleri.bc641e30","legal","legal","P0","App/LegalDocuments/Gizlilik-Politikasi.md","145","10. Bildirim tercihleri","","","","","","legal_copy","","legal","inventory.legal.bc641e307fc7","extracted","not_started","not_required","not_started","false"
"legacy.legal.bildirimler.analiz.tamamland.rapor.haz.r.h.6a2dab8c","legal","legal","P0","App/LegalDocuments/Gizlilik-Politikasi.md","147","Bildirimler; analiz tamamlandı, rapor hazır, hesap/güvenlik, haftalık/aylık mesleki özet","","","","","","legal_copy","","legal","inventory.legal.6a2dab8c8a40","extracted","not_started","not_started","not_started","true"
"legacy.legal.ve.rozet.unvan.gibi.turlere.ayr.labilir.ku.4b354635","legal","legal","P0","App/LegalDocuments/Gizlilik-Politikasi.md","148","ve rozet/ünvan gibi türlere ayrılabilir. Kullanıcı iOS ayarlarından ve uygulama içinden","","","","","","legal_copy","","legal","inventory.legal.4b3546352990","extracted","not_started","not_required","not_started","false"
"legacy.legal.bildirimleri.kapatabilir.kilit.ekran.nda.h.bf0a7169","legal","legal","P0","App/LegalDocuments/Gizlilik-Politikasi.md","149","bildirimleri kapatabilir. Kilit ekranında hassas rapor/analiz detayı yerine genel içerik","","","","","","legal_copy","","legal","inventory.legal.bf0a7169ba25","extracted","not_started","not_required","not_started","false"
"legacy.legal.gosterilmesi.hedeflenir.d1551dcd","legal","legal","P0","App/LegalDocuments/Gizlilik-Politikasi.md","150","gösterilmesi hedeflenir.","","","","","","legal_copy","","legal","inventory.legal.d1551dcdbf91","extracted","not_started","not_required","not_started","false"
"legacy.legal.11.kullan.c.haklar.ve.kontroller.a0b68689","legal","legal","P0","App/LegalDocuments/Gizlilik-Politikasi.md","152","11. Kullanıcı hakları ve kontroller","","","","","","legal_copy","","legal","inventory.legal.a0b6868964ae","extracted","not_started","not_required","not_started","false"
"legacy.legal.kullan.c.lar.d243981d","legal","legal","P0","App/LegalDocuments/Gizlilik-Politikasi.md","154","Kullanıcılar:","","","","","","legal_copy","","legal","inventory.legal.d243981dedb7","extracted","not_started","not_required","not_started","false"
"legacy.legal.kamera.fotograf.ve.bildirim.izinlerini.ios.9eaab942","legal","legal","P0","App/LegalDocuments/Gizlilik-Politikasi.md","156","Kamera, fotoğraf ve bildirim izinlerini iOS ayarlarından yönetebilir.","","","","","","legal_copy","","legal","inventory.legal.9eaab942428b","extracted","not_started","not_required","not_started","false"
"legacy.legal.analiz.rapor.firma.ve.avatar.verilerini.uy.11e69de8","legal","legal","P0","App/LegalDocuments/Gizlilik-Politikasi.md","157","Analiz, rapor, firma ve avatar verilerini uygulama içinden silebilir veya güncelleyebilir.","","","","","","legal_copy","","legal","inventory.legal.11e69de88748","extracted","not_started","not_required","not_started","false"
"legacy.legal.veri.d.sa.aktarma.islemini.uygulama.icinde.33fb5573","legal","legal","P0","App/LegalDocuments/Gizlilik-Politikasi.md","158","Veri dışa aktarma işlemini uygulama içinden başlatabilir.","","","","","","legal_copy","","legal","inventory.legal.33fb557398e5","extracted","not_started","not_required","not_started","false"
"legacy.legal.hesap.silme.islemini.uygulama.icinde.profi.0bfe580a","legal","legal","P0","App/LegalDocuments/Gizlilik-Politikasi.md","159","Hesap silme işlemini uygulama içinde Profil > Hesabımı sil / Delete Account yolundan başlatabilir ve tamamlayabilir.","","","","","","legal_copy","","legal","inventory.legal.0bfe580a5390","extracted","not_started","not_required","not_started","false"
"legacy.legal.kvkk.kapsam.ndaki.haklar.n.kullanabilir.afd779e5","legal","legal","P0","App/LegalDocuments/Gizlilik-Politikasi.md","160","KVKK kapsamındaki haklarını kullanabilir.","","","","","","legal_copy","","legal","inventory.legal.afd779e57545","extracted","not_started","not_required","not_started","false"
"legacy.legal.ac.k.r.zaya.dayal.islemlerde.r.zas.n.geri..5edf02e0","legal","legal","P0","App/LegalDocuments/Gizlilik-Politikasi.md","161","Açık rızaya dayalı işlemlerde rızasını geri çekebilir.","","","","","","legal_copy","","legal","inventory.legal.5edf02e08052","extracted","not_started","not_required","not_started","false"
"legacy.legal.hesap.silme.icin.e.posta.destek.kanal.veya.c5834a0b","legal","legal","P0","App/LegalDocuments/Gizlilik-Politikasi.md","163","Hesap silme için e-posta, destek kanalı veya web sitesi zorunlu değildir. Genel","","","","","","legal_copy","","legal","inventory.legal.c5834a0be97e","extracted","not_started","not_required","not_started","false"
"legacy.legal.gizlilik.kvkk.veri.erisimi.r.za.geri.cekme.fcaad33d","legal","legal","P0","App/LegalDocuments/Gizlilik-Politikasi.md","164","gizlilik, KVKK, veri erişimi, rıza geri çekme ve destek talepleri için","","","","","","legal_copy","","legal","inventory.legal.fcaad33d2c7c","extracted","not_started","not_required","not_started","false"
"legacy.legal.info.riskdetected.com.adresi.veya.profil.24772eaf","legal","legal","P0","App/LegalDocuments/Gizlilik-Politikasi.md","165","info@riskdetected.com adresi veya Profil >","","","","","","legal_copy","","legal","inventory.legal.24772eaf5460","extracted","not_started","not_required","not_started","false"
"legacy.legal.destek.kullan.labilir.ee0e9a76","legal","legal","P0","App/LegalDocuments/Gizlilik-Politikasi.md","166","Destek kullanılabilir.","","","","","","legal_copy","","legal","inventory.legal.ee0e9a76a6bc","extracted","not_started","not_required","not_started","false"
"legacy.legal.12.guvenlik.f198161f","legal","legal","P0","App/LegalDocuments/Gizlilik-Politikasi.md","168","12. Güvenlik","","","","","","legal_copy","","legal","inventory.legal.f198161f8b10","extracted","not_started","not_started","not_started","true"
"legacy.legal.riskdetected.erisim.kontrolleri.supabase.r.b54cbd63","legal","legal","P0","App/LegalDocuments/Gizlilik-Politikasi.md","170","RiskDetected; erişim kontrolleri, Supabase RLS politikaları, özel storage bucket'ları,","","","","","","legal_copy","","legal","inventory.legal.b54cbd636ccb","extracted","not_started","not_required","not_started","false"
"legacy.legal.dosya.boyutu.tur.s.n.rlar.guvenli.rpc.edge.171133d8","legal","legal","P0","App/LegalDocuments/Gizlilik-Politikasi.md","171","dosya boyutu/tür sınırları, güvenli RPC/Edge Function kullanımı, log redaksiyonu, veri","","","","","","legal_copy","","legal","inventory.legal.171133d8c578","extracted","not_started","not_started","not_started","true"
"legacy.legal.minimizasyonu.ve.saklama.imha.mekanizmalar.3752ecce","legal","legal","P0","App/LegalDocuments/Gizlilik-Politikasi.md","172","minimizasyonu ve saklama/imha mekanizmaları gibi teknik ve idari önlemler uygular.","","","","","","legal_copy","","legal","inventory.legal.3752ecce3840","extracted","not_started","not_required","not_started","false"
"legacy.legal.internet.ve.bulut.altyap.s.mutlak.guvenlik.2dc088a8","legal","legal","P0","App/LegalDocuments/Gizlilik-Politikasi.md","173","İnternet ve bulut altyapısı mutlak güvenlik garantisi vermez.","","","","","","legal_copy","","legal","inventory.legal.2dc088a83efe","extracted","not_started","not_started","not_started","true"
"legacy.legal.13.cocuklar.c2179cc0","legal","legal","P0","App/LegalDocuments/Gizlilik-Politikasi.md","175","13. Çocuklar","","","","","","legal_copy","","legal","inventory.legal.c2179cc0dbc7","extracted","not_started","not_required","not_started","false"
"legacy.legal.riskdetected.cocuklara.yonelik.degildir.co.31a14291","legal","legal","P0","App/LegalDocuments/Gizlilik-Politikasi.md","177","RiskDetected çocuklara yönelik değildir. Çocuk görüntüsü veya çocuklara ait veri içeren","","","","","","legal_copy","","legal","inventory.legal.31a14291f90a","extracted","not_started","not_required","not_started","false"
"legacy.legal.icerikler.yaln.zca.hukuka.uygun.bilgilendi.f9f057f2","legal","legal","P0","App/LegalDocuments/Gizlilik-Politikasi.md","178","içerikler yalnızca hukuka uygun bilgilendirme ve izin süreçleri tamamlanmışsa","","","","","","legal_copy","","legal","inventory.legal.f9f057f25c0d","extracted","not_started","not_required","not_started","false"
"legacy.legal.yuklenmelidir.3ec8daeb","legal","legal","P0","App/LegalDocuments/Gizlilik-Politikasi.md","179","yüklenmelidir.","","","","","","legal_copy","","legal","inventory.legal.3ec8daeb87d0","extracted","not_started","not_required","not_started","false"
"legacy.legal.14.cerezler.131ed57e","legal","legal","P0","App/LegalDocuments/Gizlilik-Politikasi.md","181","14. Çerezler","","","","","","legal_copy","","legal","inventory.legal.131ed57ed850","extracted","not_started","not_required","not_started","false"
"legacy.legal.mobil.uygulaman.n.temel.kullan.m.web.taray.24d24de9","legal","legal","P0","App/LegalDocuments/Gizlilik-Politikasi.md","183","Mobil uygulamanın temel kullanımı web tarayıcı çerezi gerektirmez. Web sitesi,","","","","","","legal_copy","","legal","inventory.legal.24d24de99889","extracted","not_started","not_required","not_started","false"
"legacy.legal.odeme.abonelik.yonlendirmeleri.veya.destek.54015e49","legal","legal","P0","App/LegalDocuments/Gizlilik-Politikasi.md","184","ödeme/abonelik yönlendirmeleri veya destek bağlantıları çerez, yerel depolama veya","","","","","","legal_copy","","legal","inventory.legal.54015e49a0ca","extracted","not_started","not_required","not_started","false"
"legacy.legal.benzeri.teknolojiler.kullanabilir.web.orta.d3baa42f","legal","legal","P0","App/LegalDocuments/Gizlilik-Politikasi.md","185","benzeri teknolojiler kullanabilir. Web ortamındaki çerez kullanımı ayrıca web sitesindeki","","","","","","legal_copy","","legal","inventory.legal.d3baa42fed04","extracted","not_started","not_required","not_started","false"
"legacy.legal.cerez.bilgilendirmesinde.ac.klan.r.7022c33e","legal","legal","P0","App/LegalDocuments/Gizlilik-Politikasi.md","186","çerez bilgilendirmesinde açıklanır.","","","","","","legal_copy","","legal","inventory.legal.7022c33e4da2","extracted","not_started","not_required","not_started","false"
"legacy.legal.15.degisiklikler.fff6e360","legal","legal","P0","App/LegalDocuments/Gizlilik-Politikasi.md","188","15. Değişiklikler","","","","","","legal_copy","","legal","inventory.legal.fff6e360971d","extracted","not_started","not_required","not_started","false"
"legacy.legal.bu.politika.urun.ozellikleri.apple.kuralla.d6338b0f","legal","legal","P0","App/LegalDocuments/Gizlilik-Politikasi.md","190","Bu Politika; ürün özellikleri, Apple kuralları, teknik altyapı veya mevzuat","","","","","","legal_copy","","legal","inventory.legal.d6338b0f5d4c","extracted","not_started","not_started","not_started","true"
"legacy.legal.degisiklikleri.nedeniyle.guncellenebilir.o.8b12db02","legal","legal","P0","App/LegalDocuments/Gizlilik-Politikasi.md","191","değişiklikleri nedeniyle güncellenebilir. Önemli değişikliklerde uygulama içi bildirim","","","","","","legal_copy","","legal","inventory.legal.8b12db02d590","extracted","not_started","not_required","not_started","false"
"legacy.legal.veya.yeniden.onay.mekanizmas.kullan.labili.25cde99e","legal","legal","P0","App/LegalDocuments/Gizlilik-Politikasi.md","192","veya yeniden onay mekanizması kullanılabilir.","","","","","","legal_copy","","legal","inventory.legal.25cde99e3715","extracted","not_started","not_required","not_started","false"
"legacy.legal.16.iletisim.75e8c815","legal","legal","P0","App/LegalDocuments/Gizlilik-Politikasi.md","194","16. İletişim","","","","","","legal_copy","","legal","inventory.legal.75e8c8159b53","extracted","not_started","not_required","not_started","false"
"legacy.legal.e.posta.info.riskdetected.com.d35e66ee","legal","legal","P0","App/LegalDocuments/Gizlilik-Politikasi.md","196","E-posta: info@riskdetected.com","","","","","","legal_copy","","legal","inventory.legal.d35e66eee0a3","extracted","not_started","not_required","not_started","false"
"legacy.legal.adres.eskisehir.1e7e9790","legal","legal","P0","App/LegalDocuments/Gizlilik-Politikasi.md","197","Adres: Eskişehir","","","","","","legal_copy","","legal","inventory.legal.1e7e9790ae7c","extracted","not_started","not_required","not_started","false"
"legacy.legal.web.sitesi.https.riskdetected.com.66a1bd4e","legal","legal","P0","App/LegalDocuments/Gizlilik-Politikasi.md","198","Web sitesi: https://riskdetected.com","","","","","","legal_copy","","legal","inventory.legal.66a1bd4ed785","extracted","not_started","not_required","not_started","false"
"legacy.legal.uygulama.ici.destek.profil.destek.256e6cfa","legal","legal","P0","App/LegalDocuments/Gizlilik-Politikasi.md","199","Uygulama içi destek: Profil > Destek","","","","","","legal_copy","","legal","inventory.legal.256e6cfae7d8","extracted","not_started","not_required","not_started","false"
"legacy.legal.hesap.silme.destek.veya.iletisim.talebi.ol.a0378d77","legal","legal","P0","App/LegalDocuments/Gizlilik-Politikasi.md","201","Hesap silme, destek veya iletişim talebi olarak yürütülmez. Hesabınızı ve hesabınıza","","","","","","legal_copy","","legal","inventory.legal.a0378d779fea","extracted","not_started","not_required","not_started","false"
"legacy.legal.bagl.uygulama.verilerini.silmek.icin.uygul.07cef173","legal","legal","P0","App/LegalDocuments/Gizlilik-Politikasi.md","202","bağlı uygulama verilerini silmek için uygulama içinde Profil > Hesabımı sil / Delete","","","","","","legal_copy","","legal","inventory.legal.07cef17383f0","extracted","not_started","not_required","not_started","false"
"legacy.legal.account.yolunu.kullanabilirsiniz.e.posta.d.75ef2fef","legal","legal","P0","App/LegalDocuments/Gizlilik-Politikasi.md","203","Account yolunu kullanabilirsiniz. E-posta, destek kanalı veya web sitesi hesap silme","","","","","","legal_copy","","legal","inventory.legal.75ef2fef05ee","extracted","not_started","not_required","not_started","false"
"legacy.legal.icin.zorunlu.degildir.88020a25","legal","legal","P0","App/LegalDocuments/Gizlilik-Politikasi.md","204","için zorunlu değildir.","","","","","","legal_copy","","legal","inventory.legal.88020a2531f7","extracted","not_started","not_required","not_started","false"
"legacy.legal.riskdetected.kullan.m.kosullar.d6675152","legal","legal","P0","App/LegalDocuments/Kullanim-Kosullari.md","1","RiskDetected Kullanım Koşulları","","","","","","legal_copy","","legal","inventory.legal.d66751526452","extracted","not_started","not_required","not_started","false"
"legacy.legal.yururluk.tarihi.8.temmuz.2026.4dee258f","legal","legal","P0","App/LegalDocuments/Kullanim-Kosullari.md","3","Yürürlük tarihi: 8 Temmuz 2026","","","","","","legal_copy","","legal","inventory.legal.4dee258fb860","extracted","not_started","not_required","not_started","false"
"legacy.legal.belge.surumu.terms.2026.07.08.a421ad2c","legal","legal","P0","App/LegalDocuments/Kullanim-Kosullari.md","4","Belge sürümü: terms-2026-07-08","","","","","","legal_copy","","legal","inventory.legal.a421ad2cfa3e","extracted","not_started","not_required","not_started","false"
"legacy.legal.bu.kullan.m.kosullar.kosullar.riskdetected.a7271a04","legal","legal","P0","App/LegalDocuments/Kullanim-Kosullari.md","6","Bu Kullanım Koşulları (""Koşullar""), RiskDetected mobil uygulaması, analiz, rapor, firma,","","","","","","legal_copy","","legal","inventory.legal.a7271a04c979","extracted","not_started","not_required","not_started","false"
"legacy.legal.abonelik.mesleki.ilerleme.ve.destek.hizmet.19f08868","legal","legal","P0","App/LegalDocuments/Kullanim-Kosullari.md","7","abonelik, mesleki ilerleme ve destek hizmetlerini (""Hizmet"") kullanımınızı düzenler.","","","","","","legal_copy","","legal","inventory.legal.19f088681b43","extracted","not_started","not_required","not_started","false"
"legacy.legal.uygulamaya.uye.olarak.giris.yaparak.fotogr.01069b17","legal","legal","P0","App/LegalDocuments/Kullanim-Kosullari.md","8","Uygulamaya üye olarak, giriş yaparak, fotoğraf yükleyerek, analiz başlatarak veya","","","","","","legal_copy","","legal","inventory.legal.01069b179479","extracted","not_started","not_required","not_started","false"
"legacy.legal.hizmeti.kullanarak.bu.kosullar.kabul.etmis.77526db3","legal","legal","P0","App/LegalDocuments/Kullanim-Kosullari.md","9","Hizmeti kullanarak bu Koşulları kabul etmiş olursunuz.","","","","","","legal_copy","","legal","inventory.legal.77526db31290","extracted","not_started","not_required","not_started","false"
"legacy.legal.hizmet.saglay.c.c1c501be","legal","legal","P0","App/LegalDocuments/Kullanim-Kosullari.md","11","Hizmet sağlayıcı:","","","","","","legal_copy","","legal","inventory.legal.c1c501be7b9f","extracted","not_started","not_required","not_started","false"
"legacy.legal.mersis.vkn.tckn.21832867210.24bc8363","legal","legal","P0","App/LegalDocuments/Kullanim-Kosullari.md","14","MERSİS/VKN/TCKN: 21832867210","","","","","","legal_copy","","legal","inventory.legal.24bc8363dced","extracted","not_started","not_required","not_started","false"
"legacy.legal.e.posta.destek.info.riskdetected.com.bdc58e71","legal","legal","P0","App/LegalDocuments/Kullanim-Kosullari.md","16","E-posta/Destek: info@riskdetected.com","","","","","","legal_copy","","legal","inventory.legal.bdc58e719348","extracted","not_started","not_required","not_started","false"
"legacy.legal.1.hizmetin.amac.96d46d24","legal","legal","P0","App/LegalDocuments/Kullanim-Kosullari.md","19","1. Hizmetin amacı","","","","","","legal_copy","","legal","inventory.legal.96d46d2472d0","extracted","not_started","not_required","not_started","false"
"legacy.legal.riskdetected.fotograf.uzerinden.yapay.zeka.17dd5f08","legal","legal","P0","App/LegalDocuments/Kullanim-Kosullari.md","21","RiskDetected, fotoğraf üzerinden yapay zeka destekli iş güvenliği risk/bulgu analizi,","","","","","","legal_copy","","legal","inventory.legal.17dd5f088c87","extracted","not_started","not_started","not_started","true"
"legacy.legal.onerilen.onlem.rapor.risk.tablosu.firma.ta.3a6d6a87","legal","legal","P0","App/LegalDocuments/Kullanim-Kosullari.md","22","önerilen önlem, rapor, risk tablosu, firma takibi ve mesleki ilerleme özellikleri","","","","","","legal_copy","","legal","inventory.legal.3a6d6a876183","extracted","not_started","not_started","not_started","true"
"legacy.legal.yeni.analizler.fotograf.yukleme.veya.kamer.018696e9","legal","legal","P0","App/LegalDocuments/Kullanim-Kosullari.md","25","Yeni analizler fotoğraf yükleme veya kamera ile çekim üzerinden başlatılır. Önceki","","","","","","legal_copy","","legal","inventory.legal.018696e90687","extracted","not_started","not_required","not_started","false"
"legacy.legal.surumlerde.olusturulmus.metin.girdileri.ya.00ec3a63","legal","legal","P0","App/LegalDocuments/Kullanim-Kosullari.md","26","sürümlerde oluşturulmuş metin girdileri, yalnızca geçmiş kayıt, veri dışa aktarma,","","","","","","legal_copy","","legal","inventory.legal.00ec3a63bf69","extracted","not_started","not_required","not_started","false"
"legacy.legal.hesap.silme.ve.hukuki.saklama.surecleri.ka.d4451280","legal","legal","P0","App/LegalDocuments/Kullanim-Kosullari.md","27","hesap silme ve hukuki saklama süreçleri kapsamında işlenebilir.","","","","","","legal_copy","","legal","inventory.legal.d445128071b2","extracted","not_started","not_required","not_started","false"
"legacy.legal.resmi.denetim.bilirkisi.incelemesi.muhendi.731755f8","legal","legal","P0","App/LegalDocuments/Kullanim-Kosullari.md","31","Resmi denetim, bilirkişi incelemesi, mühendislik uygunluk raporu, hukuki görüş, sağlık değerlendirmesi veya mevzuata kesin uygunluk onayı vermez.","","","","","","legal_copy","","legal","inventory.legal.731755f8c2e6","extracted","not_started","not_required","not_started","false"
"legacy.legal.is.guvenligi.uzman.isyeri.hekimi.muhendis..3af41a6f","legal","legal","P0","App/LegalDocuments/Kullanim-Kosullari.md","32","İş güvenliği uzmanı, işyeri hekimi, mühendis, avukat, denetçi veya yetkili idare yerine geçmez.","","","","","","legal_copy","","legal","inventory.legal.3af41a6f0f48","extracted","not_started","not_started","not_started","true"
"legacy.legal.acil.hayati.veya.yuksek.riskli.durumlarda..bc7ef7e2","legal","legal","P0","App/LegalDocuments/Kullanim-Kosullari.md","33","Acil, hayati veya yüksek riskli durumlarda tek başına kullanılmamalıdır.","","","","","","legal_copy","","legal","inventory.legal.bc7ef7e2966b","extracted","not_started","not_required","not_started","false"
"legacy.legal.nihai.degerlendirme.sahadaki.gercek.kosull.bc9482b0","legal","legal","P0","App/LegalDocuments/Kullanim-Kosullari.md","35","Nihai değerlendirme, sahadaki gerçek koşulları gören yetkili ve ehil kişiler tarafından yapılmalıdır.","","","","","","legal_copy","","legal","inventory.legal.bc9482b0ecda","extracted","not_started","not_required","not_started","false"
"legacy.legal.2.hesap.ve.kullan.c.sorumlulugu.3e95dee3","legal","legal","P0","App/LegalDocuments/Kullanim-Kosullari.md","37","2. Hesap ve kullanıcı sorumluluğu","","","","","","legal_copy","","legal","inventory.legal.3e95dee398e5","extracted","not_started","not_required","not_started","false"
"legacy.legal.hesap.bilgilerinizin.dogru.guncel.ve.size..2961b3be","legal","legal","P0","App/LegalDocuments/Kullanim-Kosullari.md","39","Hesap bilgilerinizin doğru, güncel ve size ait olması gerekir. Hesabınız altında yapılan","","","","","","legal_copy","","legal","inventory.legal.2961b3be5858","extracted","not_started","not_required","not_started","false"
"legacy.legal.islemlerden.siz.sorumlusunuz.baskas.n.n.he.aa982f0e","legal","legal","P0","App/LegalDocuments/Kullanim-Kosullari.md","40","işlemlerden siz sorumlusunuz. Başkasının hesabını kullanamaz, hesabınızı izinsiz","","","","","","legal_copy","","legal","inventory.legal.aa982f0e3fff","extracted","not_started","not_required","not_started","false"
"legacy.legal.kulland.ramaz.veya.yan.lt.c.kimlik.iletisi.29645afa","legal","legal","P0","App/LegalDocuments/Kullanim-Kosullari.md","41","kullandıramaz veya yanıltıcı kimlik/iletişim bilgisi paylaşamazsınız.","","","","","","legal_copy","","legal","inventory.legal.29645afa9e08","extracted","not_started","not_required","not_started","false"
"legacy.legal.3.icerik.yukleme.kurallar.59b326b9","legal","legal","P0","App/LegalDocuments/Kullanim-Kosullari.md","43","3. İçerik yükleme kuralları","","","","","","legal_copy","","legal","inventory.legal.59b326b932e0","extracted","not_started","not_required","not_started","false"
"legacy.legal.yaln.zca.yukleme.isleme.analiz.ettirme.ve..4a519a66","legal","legal","P0","App/LegalDocuments/Kullanim-Kosullari.md","45","Yalnızca yükleme, işleme, analiz ettirme ve raporlama hakkına sahip olduğunuz içerikleri","","","","","","legal_copy","","legal","inventory.legal.4a519a66c850","extracted","not_started","not_required","not_started","false"
"legacy.legal.gonderebilirsiniz.fotograf.firma.logo.rapo.419fb64d","legal","legal","P0","App/LegalDocuments/Kullanim-Kosullari.md","46","gönderebilirsiniz. Fotoğraf/firma/logo/rapor verilerinde çalışan, ziyaretçi,","","","","","","legal_copy","","legal","inventory.legal.419fb64d5c4c","extracted","not_started","not_required","not_started","false"
"legacy.legal.firma.marka.tesis.plaka.ticari.s.r.ozel.mu.dce745eb","legal","legal","P0","App/LegalDocuments/Kullanim-Kosullari.md","47","firma, marka, tesis, plaka, ticari sır, özel mülk veya özel nitelikli veri bulunabilir.","","","","","","legal_copy","","legal","inventory.legal.dce745eb9564","extracted","not_started","not_required","not_started","false"
"legacy.legal.kullan.c.olarak.sunlar.kabul.edersiniz.c4579113","legal","legal","P0","App/LegalDocuments/Kullanim-Kosullari.md","49","Kullanıcı olarak şunları kabul edersiniz:","","","","","","legal_copy","","legal","inventory.legal.c4579113cccb","extracted","not_started","not_required","not_started","false"
"legacy.legal.gerekli.bilgilendirme.izin.ac.k.r.za.isver.df7181a8","legal","legal","P0","App/LegalDocuments/Kullanim-Kosullari.md","51","Gerekli bilgilendirme, izin, açık rıza, işveren/tesis onayı ve sözleşmesel yetkiler size aittir.","","","","","","legal_copy","","legal","inventory.legal.df7181a83383","extracted","not_started","not_required","not_started","false"
"legacy.legal.gizli.bilgi.ticari.s.r.guvenlik.ac.s.ndan..8b1e3859","legal","legal","P0","App/LegalDocuments/Kullanim-Kosullari.md","52","Gizli bilgi, ticari sır, güvenlik açısından hassas alan, çocuk görüntüsü veya özel nitelikli kişisel veriyi hukuka aykırı şekilde yükleyemezsiniz.","","","","","","legal_copy","","legal","inventory.legal.8b1e3859a978","extracted","not_started","not_started","not_started","true"
"legacy.legal.ai.c.kt.s.n.kesin.uzman.raporu.resmi.delil.79651451","legal","legal","P0","App/LegalDocuments/Kullanim-Kosullari.md","53","AI çıktısını kesin uzman raporu, resmi delil, hukuki güvence veya mevzuata uygunluk belgesi gibi sunamazsınız.","","","","","","legal_copy","","legal","inventory.legal.79651451776e","extracted","not_started","not_required","not_started","false"
"legacy.legal.yuz.logo.veya.mekan.goruntusunun.analiz.ed.846fa5d2","legal","legal","P0","App/LegalDocuments/Kullanim-Kosullari.md","54","Yüz, logo veya mekan görüntüsünün analiz edilmesi o kişi, marka, şirket veya mekan hakkında doğrulanmış kusur isnadı anlamına gelmez.","","","","","","legal_copy","","legal","inventory.legal.846fa5d27018","extracted","not_started","not_required","not_started","false"
"legacy.legal.4.yapay.zeka.c.kt.lar.ebcefd39","legal","legal","P0","App/LegalDocuments/Kullanim-Kosullari.md","56","4. Yapay zeka çıktıları","","","","","","legal_copy","","legal","inventory.legal.ebcefd396747","extracted","not_started","not_required","not_started","false"
"legacy.legal.ai.c.kt.lar.eksik.hatal.baglamdan.kopuk.gu.5824d183","legal","legal","P0","App/LegalDocuments/Kullanim-Kosullari.md","58","AI çıktıları eksik, hatalı, bağlamdan kopuk, güncel olmayan veya sahadaki gerçek riski","","","","","","legal_copy","","legal","inventory.legal.5824d183a307","extracted","not_started","not_required","not_started","false"
"legacy.legal.tam.yans.tmayan.sonuclar.icerebilir.fotogr.136d00ed","legal","legal","P0","App/LegalDocuments/Kullanim-Kosullari.md","59","tam yansıtmayan sonuçlar içerebilir. Fotoğraf açısı, ışık, çözünürlük, kadraj, kapalı","","","","","","legal_copy","","legal","inventory.legal.136d00ed74f8","extracted","not_started","not_required","not_started","false"
"legacy.legal.alanlar.eksik.gorsel.baglam.ve.model.s.n.r.b3efcecf","legal","legal","P0","App/LegalDocuments/Kullanim-Kosullari.md","60","alanlar, eksik görsel bağlam ve model sınırlamaları sonucu etkileyebilir.","","","","","","legal_copy","","legal","inventory.legal.b3efcecf3559","extracted","not_started","not_required","not_started","false"
"legacy.legal.kullan.c.sunlar.kabul.eder.1d119385","legal","legal","P0","App/LegalDocuments/Kullanim-Kosullari.md","62","Kullanıcı şunları kabul eder:","","","","","","legal_copy","","legal","inventory.legal.1d1193852502","extracted","not_started","not_required","not_started","false"
"legacy.legal.ai.c.kt.lar.oneri.ve.karar.destek.niteligi.33e921ce","legal","legal","P0","App/LegalDocuments/Kullanim-Kosullari.md","64","AI çıktıları öneri ve karar destek niteliğindedir.","","","","","","legal_copy","","legal","inventory.legal.33e921ce1898","extracted","not_started","not_required","not_started","false"
"legacy.legal.yuksek.riskli.veya.acil.durumlarda.yerinde.835482e2","legal","legal","P0","App/LegalDocuments/Kullanim-Kosullari.md","65","Yüksek riskli veya acil durumlarda yerinde inceleme, uzman değerlendirmesi ve ilgili mevzuatın gerektirdiği resmi süreçler uygulanmalıdır.","","","","","","legal_copy","","legal","inventory.legal.835482e2dda8","extracted","not_started","not_started","not_started","true"
"legacy.legal.onerilen.onlemler.uygulanmadan.once.yetkil.df83b30a","legal","legal","P0","App/LegalDocuments/Kullanim-Kosullari.md","66","Önerilen önlemler uygulanmadan önce yetkili iş güvenliği uzmanı, mühendis, işyeri hekimi, avukat veya ilgili profesyonel tarafından kontrol edilmelidir.","","","","","","legal_copy","","legal","inventory.legal.df83b30aba25","extracted","not_started","not_started","not_started","true"
"legacy.legal.5.raporlar.risk.tablolar.ve.firma.bilgiler.2ada82cb","legal","legal","P0","App/LegalDocuments/Kullanim-Kosullari.md","68","5. Raporlar, risk tabloları ve firma bilgileri","","","","","","legal_copy","","legal","inventory.legal.2ada82cb667e","extracted","not_started","not_started","not_started","true"
"legacy.legal.uygulama.standart.rapor.risk.analizi.tablo.a988a7ae","legal","legal","P0","App/LegalDocuments/Kullanim-Kosullari.md","70","Uygulama standart rapor, risk analizi tablosu, PDF ve Excel çıktıları oluşturabilir.","","","","","","legal_copy","","legal","inventory.legal.a988a7aec096","extracted","not_started","not_started","not_started","true"
"legacy.legal.raporlar.kullan.c.n.n.saglad.g.icerik.ve.a.a453b095","legal","legal","P0","App/LegalDocuments/Kullanim-Kosullari.md","71","Raporlar kullanıcının sağladığı içerik ve AI çıktıları temel alınarak hazırlanır.","","","","","","legal_copy","","legal","inventory.legal.a453b0950f3f","extracted","not_started","not_required","not_started","false"
"legacy.legal.raporlar.n.dogrulugu.sahaya.uygunlugu.payl.1776e190","legal","legal","P0","App/LegalDocuments/Kullanim-Kosullari.md","72","Raporların doğruluğu, sahaya uygunluğu, paylaşılabilirliği ve kurum içi/resmi süreçlerde","","","","","","legal_copy","","legal","inventory.legal.1776e190fb2a","extracted","not_started","not_required","not_started","false"
"legacy.legal.kullan.labilirligi.kullan.c.taraf.ndan.kon.0fe61b38","legal","legal","P0","App/LegalDocuments/Kullanim-Kosullari.md","73","kullanılabilirliği kullanıcı tarafından kontrol edilmelidir.","","","","","","legal_copy","","legal","inventory.legal.0fe61b38e4e3","extracted","not_started","not_required","not_started","false"
"legacy.legal.firma.ad.logo.adres.ilgili.kisi.departman..697352e7","legal","legal","P0","App/LegalDocuments/Kullanim-Kosullari.md","75","Firma adı, logo, adres, ilgili kişi, departman veya tehlike sınıfı gibi alanları","","","","","","legal_copy","","legal","inventory.legal.697352e70f24","extracted","not_started","not_started","not_started","true"
"legacy.legal.girmeniz.halinde.bu.bilgiler.rapor.ve.arsi.4305fb80","legal","legal","P0","App/LegalDocuments/Kullanim-Kosullari.md","76","girmeniz halinde bu bilgiler rapor ve arşivlerde kullanılabilir. Üçüncü kişilere veya","","","","","","legal_copy","","legal","inventory.legal.4305fb808ea9","extracted","not_started","not_required","not_started","false"
"legacy.legal.kurumlara.ait.bilgilerin.kullan.m.icin.ger.ca702d5e","legal","legal","P0","App/LegalDocuments/Kullanim-Kosullari.md","77","kurumlara ait bilgilerin kullanımı için gerekli yetki ve izin kullanıcının","","","","","","legal_copy","","legal","inventory.legal.ca702d5e4705","extracted","not_started","not_required","not_started","false"
"legacy.legal.sorumlulugundad.r.db59b482","legal","legal","P0","App/LegalDocuments/Kullanim-Kosullari.md","78","sorumluluğundadır.","","","","","","legal_copy","","legal","inventory.legal.db59b482f9cb","extracted","not_started","not_required","not_started","false"
"legacy.legal.6.free.plus.pro.ve.deneme.haklar.9fd713ea","legal","legal","P0","App/LegalDocuments/Kullanim-Kosullari.md","80","6. Free, Plus, Pro ve deneme hakları","","","","","","legal_copy","","legal","inventory.legal.9fd713ea42e2","extracted","not_started","not_required","not_started","false"
"legacy.legal.riskdetected.ucretsiz.ve.ucretli.ozellikle.43ed7f8f","legal","legal","P0","App/LegalDocuments/Kullanim-Kosullari.md","82","RiskDetected ücretsiz ve ücretli özellikler sunabilir.","","","","","","legal_copy","","legal","inventory.legal.43ed7f8faaa4","extracted","not_started","not_required","not_started","false"
"legacy.legal.free.kullan.c.lar.icin.gunluk.standart.ana.fb4556f3","legal","legal","P0","App/LegalDocuments/Kullanim-Kosullari.md","84","Free kullanıcılar için günlük standart analiz hakkı ve sınırlı standart rapor hakkı tanımlanabilir.","","","","","","legal_copy","","legal","inventory.legal.fb4556f3f93a","extracted","not_started","not_required","not_started","false"
"legacy.legal.free.kullan.c.ya.urunu.denemesi.icin.tek.s.2447ac42","legal","legal","P0","App/LegalDocuments/Kullanim-Kosullari.md","85","Free kullanıcıya ürünü denemesi için tek seferlik risk analizi tablosu hakkı verilebilir.","","","","","","legal_copy","","legal","inventory.legal.2447ac42ee9a","extracted","not_started","not_started","not_started","true"
"legacy.legal.plus.pro.planlar.gunluk.analiz.kotas.detay.71a14d69","legal","legal","P0","App/LegalDocuments/Kullanim-Kosullari.md","86","Plus/Pro planlar; günlük analiz kotası, detaylı analiz, firma takibi, PDF/XLSX, risk tablosu, logo/firma çıktıları, saklama süresi veya benzeri ek özellikler sunabilir.","","","","","","legal_copy","","legal","inventory.legal.71a14d698f0f","extracted","not_started","not_started","not_started","true"
"legacy.legal.mesleki.ilerleme.mdp.rozet.ve.unvanlar.uyg.138066df","legal","legal","P0","App/LegalDocuments/Kullanim-Kosullari.md","87","Mesleki ilerleme, MDP, rozet ve ünvanlar uygulama içi motivasyon göstergesidir; resmi sertifika, yetki, kıdem veya mesleki unvan değildir.","","","","","","legal_copy","","legal","inventory.legal.138066df7c5b","extracted","not_started","not_required","not_started","false"
"legacy.legal.kotalar.deneme.haklar.ve.ozellik.kapsam.ko.1a6b2a0a","legal","legal","P0","App/LegalDocuments/Kullanim-Kosullari.md","89","Kotalar, deneme hakları ve özellik kapsamı kötüye kullanım, teknik gereklilik, App","","","","","","legal_copy","","legal","inventory.legal.1a6b2a0acd21","extracted","not_started","not_required","not_started","false"
"legacy.legal.store.kurallar.veya.urun.plan.na.gore.degi.0d71db72","legal","legal","P0","App/LegalDocuments/Kullanim-Kosullari.md","90","Store kuralları veya ürün planına göre değiştirilebilir. Önemli değişikliklerde","","","","","","legal_copy","","legal","inventory.legal.0d71db72eb16","extracted","not_started","not_required","not_started","false"
"legacy.legal.kullan.c.bilgilendirilir.ce1778a5","legal","legal","P0","App/LegalDocuments/Kullanim-Kosullari.md","91","kullanıcı bilgilendirilir.","","","","","","legal_copy","","legal","inventory.legal.ce1778a58e7f","extracted","not_started","not_required","not_started","false"
"legacy.legal.7.abonelikler.ve.apple.8f408dff","legal","legal","P0","App/LegalDocuments/Kullanim-Kosullari.md","93","7. Abonelikler ve Apple","","","","","","legal_copy","","legal","inventory.legal.8f408dffc9a1","extracted","not_started","not_required","not_started","false"
"legacy.legal.ucretli.ozellikler.apple.app.store.uzerind.721b7a87","legal","legal","P0","App/LegalDocuments/Kullanim-Kosullari.md","95","Ücretli özellikler Apple App Store üzerinden uygulama içi satın alma veya abonelik","","","","","","legal_copy","","legal","inventory.legal.721b7a878fcf","extracted","not_started","not_required","not_started","false"
"legacy.legal.olarak.sunulabilir.odeme.yenileme.iptal.ia.d8f3232a","legal","legal","P0","App/LegalDocuments/Kullanim-Kosullari.md","96","olarak sunulabilir. Ödeme, yenileme, iptal, iade ve abonelik yönetimi Apple'ın","","","","","","legal_copy","","legal","inventory.legal.d8f3232a81c0","extracted","not_started","not_required","not_started","false"
"legacy.legal.kosullar.na.tabidir.apple.bu.kosullar.n.ta.8f1e59b5","legal","legal","P0","App/LegalDocuments/Kullanim-Kosullari.md","97","koşullarına tabidir. Apple, bu Koşulların tarafı değildir; Hizmetin içeriğinden ve","","","","","","legal_copy","","legal","inventory.legal.8f1e59b5e9f0","extracted","not_started","not_required","not_started","false"
"legacy.legal.kullan.c.destek.sureclerinden.riskdetected.087b20b6","legal","legal","P0","App/LegalDocuments/Kullanim-Kosullari.md","98","kullanıcı destek süreçlerinden RiskDetected sorumludur.","","","","","","legal_copy","","legal","inventory.legal.087b20b6288e","extracted","not_started","not_required","not_started","false"
"legacy.legal.abonelik.ekranlar.nda.gosterilen.fiyat.sur.1c2ff82e","legal","legal","P0","App/LegalDocuments/Kullanim-Kosullari.md","100","Abonelik ekranlarında gösterilen fiyat, süre, ücretsiz deneme, yenileme ve iptal","","","","","","legal_copy","","legal","inventory.legal.1c2ff82e3fea","extracted","not_started","not_required","not_started","false"
"legacy.legal.bilgileri.esas.al.n.r.aboneligi.iptal.etme.9b3912b5","legal","legal","P0","App/LegalDocuments/Kullanim-Kosullari.md","101","bilgileri esas alınır. Aboneliği iptal etmek, yenilemeyi durdurmak veya aboneliği","","","","","","legal_copy","","legal","inventory.legal.9b3912b5c9fc","extracted","not_started","not_required","not_started","false"
"legacy.legal.yonetmek.icin.apple.id.abonelik.ayarlar.ku.ef4a34cf","legal","legal","P0","App/LegalDocuments/Kullanim-Kosullari.md","102","yönetmek için Apple ID abonelik ayarları kullanılmalıdır. Hesabın RiskDetected","","","","","","legal_copy","","legal","inventory.legal.ef4a34cfa0c0","extracted","not_started","not_required","not_started","false"
"legacy.legal.uygulamas.ndan.silinmesi.apple.taraf.ndan..db919b5d","legal","legal","P0","App/LegalDocuments/Kullanim-Kosullari.md","103","uygulamasından silinmesi, Apple tarafından yönetilen aktif abonelikleri otomatik olarak","","","","","","legal_copy","","legal","inventory.legal.db919b5d6f83","extracted","not_started","not_required","not_started","false"
"legacy.legal.iptal.etmeyebilir.84007a83","legal","legal","P0","App/LegalDocuments/Kullanim-Kosullari.md","104","iptal etmeyebilir.","","","","","","legal_copy","","legal","inventory.legal.84007a8324df","extracted","not_started","not_required","not_started","false"
"legacy.legal.kullan.c.izin.verirse.analiz.tamamland.rap.152ea72b","legal","legal","P0","App/LegalDocuments/Kullanim-Kosullari.md","108","Kullanıcı izin verirse analiz tamamlandı, rapor hazır, hesap durumu, haftalık/aylık","","","","","","legal_copy","","legal","inventory.legal.152ea72b3578","extracted","not_started","not_required","not_started","false"
"legacy.legal.mesleki.ozet.rozet.veya.unvan.bildirimleri.70d6d204","legal","legal","P0","App/LegalDocuments/Kullanim-Kosullari.md","109","mesleki özet, rozet veya ünvan bildirimleri gönderilebilir. Bildirimler garanti","","","","","","legal_copy","","legal","inventory.legal.70d6d204f04d","extracted","not_started","not_required","not_started","false"
"legacy.legal.edilmez.ag.cihaz.ayar.veya.apns.kaynakl.ge.df4505dc","legal","legal","P0","App/LegalDocuments/Kullanim-Kosullari.md","110","edilmez; ağ, cihaz ayarı veya APNs kaynaklı gecikme/başarısızlık olabilir.","","","","","","legal_copy","","legal","inventory.legal.df4505dce3b2","extracted","not_started","not_required","not_started","false"
"legacy.legal.9.fikri.mulkiyet.9fa863af","legal","legal","P0","App/LegalDocuments/Kullanim-Kosullari.md","112","9. Fikri mülkiyet","","","","","","legal_copy","","legal","inventory.legal.9fa863afedba","extracted","not_started","not_required","not_started","false"
"legacy.legal.riskdetected.ad.logosu.tasar.m.yaz.l.m.ara.7ec506bc","legal","legal","P0","App/LegalDocuments/Kullanim-Kosullari.md","114","RiskDetected adı, logosu, tasarımı, yazılımı, arayüzü, metinleri, rapor şablonları,","","","","","","legal_copy","","legal","inventory.legal.7ec506bccb65","extracted","not_started","not_required","not_started","false"
"legacy.legal.veri.yap.lar.ve.hizmetin.diger.unsurlar.il.0962e4ac","legal","legal","P0","App/LegalDocuments/Kullanim-Kosullari.md","115","veri yapıları ve Hizmetin diğer unsurları ilgili hak sahiplerine aittir. İzinsiz","","","","","","legal_copy","","legal","inventory.legal.0962e4ac2ceb","extracted","not_started","not_required","not_started","false"
"legacy.legal.kopyalanamaz.cogalt.lamaz.tersine.muhendis.466e89db","legal","legal","P0","App/LegalDocuments/Kullanim-Kosullari.md","116","kopyalanamaz, çoğaltılamaz, tersine mühendisliğe tabi tutulamaz veya satılamaz.","","","","","","legal_copy","","legal","inventory.legal.466e89db171e","extracted","not_started","not_required","not_started","false"
"legacy.legal.kullan.c.yukledigi.iceriklerin.mulkiyetini.34d915ac","legal","legal","P0","App/LegalDocuments/Kullanim-Kosullari.md","118","Kullanıcı yüklediği içeriklerin mülkiyetini elinde tutar. Hizmeti sunabilmemiz için","","","","","","legal_copy","","legal","inventory.legal.34d915ac146e","extracted","not_started","not_required","not_started","false"
"legacy.legal.kullan.c.yukledigi.icerikleri.analiz.etmek.28920383","legal","legal","P0","App/LegalDocuments/Kullanim-Kosullari.md","119","kullanıcı, yüklediği içerikleri analiz etmek, saklamak, raporlamak, teknik olarak","","","","","","legal_copy","","legal","inventory.legal.289203830f35","extracted","not_started","not_required","not_started","false"
"legacy.legal.islemek.guvenligi.saglamak.ve.destek.talep.e6e70ccc","legal","legal","P0","App/LegalDocuments/Kullanim-Kosullari.md","120","işlemek, güvenliği sağlamak ve destek taleplerini çözmek amacıyla RiskDetected'e","","","","","","legal_copy","","legal","inventory.legal.e6e70ccc0316","extracted","not_started","not_started","not_started","true"
"legacy.legal.s.n.rl.hizmet.amacl.kullan.m.hakk.verir.7a9a1a34","legal","legal","P0","App/LegalDocuments/Kullanim-Kosullari.md","121","sınırlı, hizmet amaçlı kullanım hakkı verir.","","","","","","legal_copy","","legal","inventory.legal.7a9a1a34f32b","extracted","not_started","not_required","not_started","false"
"legacy.legal.10.yasak.kullan.mlar.581c88c2","legal","legal","P0","App/LegalDocuments/Kullanim-Kosullari.md","123","10. Yasak kullanımlar","","","","","","legal_copy","","legal","inventory.legal.581c88c27628","extracted","not_started","not_required","not_started","false"
"legacy.legal.hizmeti.asag.daki.amaclarla.kullanamazs.n..7c5cf04b","legal","legal","P0","App/LegalDocuments/Kullanim-Kosullari.md","125","Hizmeti aşağıdaki amaçlarla kullanamazsınız:","","","","","","legal_copy","","legal","inventory.legal.7c5cf04b7794","extracted","not_started","not_required","not_started","false"
"legacy.legal.hukuka.ayk.r.gozetim.takip.yuz.tan.ma.kiml.d10a9b4d","legal","legal","P0","App/LegalDocuments/Kullanim-Kosullari.md","127","Hukuka aykırı gözetim, takip, yüz tanıma, kimlik tespiti veya kişi fişleme.","","","","","","legal_copy","","legal","inventory.legal.d10a9b4d26eb","extracted","not_started","not_required","not_started","false"
"legacy.legal.cal.san.musteri.ziyaretci.veya.ucuncu.kisi.22ce10c5","legal","legal","P0","App/LegalDocuments/Kullanim-Kosullari.md","128","Çalışan, müşteri, ziyaretçi veya üçüncü kişileri mevzuata aykırı izleme.","","","","","","legal_copy","","legal","inventory.legal.22ce10c5a89e","extracted","not_started","not_required","not_started","false"
"legacy.legal.rakip.firma.musteri.isveren.veya.tesis.hak.8402f5bc","legal","legal","P0","App/LegalDocuments/Kullanim-Kosullari.md","129","Rakip firma, müşteri, işveren veya tesis hakkında izinsiz bilgi toplama.","","","","","","legal_copy","","legal","inventory.legal.8402f5bc771a","extracted","not_started","not_required","not_started","false"
"legacy.legal.ticari.s.r.gizli.bilgi.veya.guvenlik.ac.g..6f00dd1e","legal","legal","P0","App/LegalDocuments/Kullanim-Kosullari.md","130","Ticari sır, gizli bilgi veya güvenlik açığını izinsiz işleme.","","","","","","legal_copy","","legal","inventory.legal.6f00dd1e6ad3","extracted","not_started","not_started","not_started","true"
"legacy.legal.ai.c.kt.s.n.kesin.uzman.raporu.gibi.goster.dcf338d6","legal","legal","P0","App/LegalDocuments/Kullanim-Kosullari.md","131","AI çıktısını kesin uzman raporu gibi göstermek.","","","","","","legal_copy","","legal","inventory.legal.dcf338d6e222","extracted","not_started","not_required","not_started","false"
"legacy.legal.kota.abonelik.paywall.guvenlik.veya.rls.me.dc9f3555","legal","legal","P0","App/LegalDocuments/Kullanim-Kosullari.md","132","Kota, abonelik, paywall, güvenlik veya RLS mekanizmalarını aşmaya çalışmak.","","","","","","legal_copy","","legal","inventory.legal.dc9f3555556a","extracted","not_started","not_started","not_started","true"
"legacy.legal.zararl.yaz.l.m.spam.otomatik.kotuye.kullan.81537937","legal","legal","P0","App/LegalDocuments/Kullanim-Kosullari.md","133","Zararlı yazılım, spam, otomatik kötüye kullanım veya hizmeti aşırı yükleme.","","","","","","legal_copy","","legal","inventory.legal.815379371e8a","extracted","not_started","not_required","not_started","false"
"legacy.legal.11.veri.koruma.2efb5b08","legal","legal","P0","App/LegalDocuments/Kullanim-Kosullari.md","135","11. Veri koruma","","","","","","legal_copy","","legal","inventory.legal.2efb5b08b98e","extracted","not_started","not_required","not_started","false"
"legacy.legal.kisisel.verilerin.islenmesine.iliskin.ayr..ee5e73a3","legal","legal","P0","App/LegalDocuments/Kullanim-Kosullari.md","137","Kişisel verilerin işlenmesine ilişkin ayrıntılar Gizlilik Politikası, KVKK Aydınlatma","","","","","","legal_copy","","legal","inventory.legal.ee5e73a35e6c","extracted","not_started","not_required","not_started","false"
"legacy.legal.metni.ve.ac.k.r.za.beyan.nda.ac.klan.r.bu..7a5626a1","legal","legal","P0","App/LegalDocuments/Kullanim-Kosullari.md","138","Metni ve Açık Rıza Beyanı'nda açıklanır. Bu metinleri uygulama içinden veya web","","","","","","legal_copy","","legal","inventory.legal.7a5626a1c5d7","extracted","not_started","not_required","not_started","false"
"legacy.legal.baglant.lar.ndan.okuyabilirsiniz.0aeb51ce","legal","legal","P0","App/LegalDocuments/Kullanim-Kosullari.md","139","bağlantılarından okuyabilirsiniz.","","","","","","legal_copy","","legal","inventory.legal.0aeb51ce5c28","extracted","not_started","not_required","not_started","false"
"legacy.legal.12.hizmet.degisiklikleri.ve.erisim.ee3b97d8","legal","legal","P0","App/LegalDocuments/Kullanim-Kosullari.md","141","12. Hizmet değişiklikleri ve erişim","","","","","","legal_copy","","legal","inventory.legal.ee3b97d8f6af","extracted","not_started","not_required","not_started","false"
"legacy.legal.riskdetected.hizmeti.gelistirebilir.degist.45acaa70","legal","legal","P0","App/LegalDocuments/Kullanim-Kosullari.md","143","RiskDetected Hizmeti geliştirebilir, değiştirebilir, bazı özellikleri kaldırabilir,","","","","","","legal_copy","","legal","inventory.legal.45acaa70855a","extracted","not_started","not_required","not_started","false"
"legacy.legal.bak.m.nedeniyle.gecici.olarak.durdurabilir.db739a00","legal","legal","P0","App/LegalDocuments/Kullanim-Kosullari.md","144","bakım nedeniyle geçici olarak durdurabilir veya güvenlik/uyumluluk gerekçesiyle","","","","","","legal_copy","","legal","inventory.legal.db739a007bd4","extracted","not_started","not_started","not_started","true"
"legacy.legal.erisimi.s.n.rlayabilir.b5ae0a24","legal","legal","P0","App/LegalDocuments/Kullanim-Kosullari.md","145","erişimi sınırlayabilir.","","","","","","legal_copy","","legal","inventory.legal.b5ae0a24307f","extracted","not_started","not_required","not_started","false"
"legacy.legal.13.hesap.silme.ve.icerik.kald.rma.3741d489","legal","legal","P0","App/LegalDocuments/Kullanim-Kosullari.md","147","13. Hesap silme ve içerik kaldırma","","","","","","legal_copy","","legal","inventory.legal.3741d4899424","extracted","not_started","not_required","not_started","false"
"legacy.legal.kullan.c.analiz.rapor.firma.ve.avatar.gibi.7b3966a4","legal","legal","P0","App/LegalDocuments/Kullanim-Kosullari.md","149","Kullanıcı analiz, rapor, firma ve avatar gibi içeriklerini uygulama içindeki ilgili","","","","","","legal_copy","","legal","inventory.legal.7b3966a4a67c","extracted","not_started","not_required","not_started","false"
"legacy.legal.ekranlardan.silebilir.veya.guncelleyebilir.d32776cf","legal","legal","P0","App/LegalDocuments/Kullanim-Kosullari.md","150","ekranlardan silebilir veya güncelleyebilir.","","","","","","legal_copy","","legal","inventory.legal.d32776cfd6b2","extracted","not_started","not_required","not_started","false"
"legacy.legal.hesap.silme.islemi.uygulama.icinde.profil..f774825e","legal","legal","P0","App/LegalDocuments/Kullanim-Kosullari.md","152","Hesap silme işlemi uygulama içinde Profil > Hesabımı sil / Delete Account yolundan","","","","","","legal_copy","","legal","inventory.legal.f774825e4010","extracted","not_started","not_required","not_started","false"
"legacy.legal.baslat.l.r.ve.tamamlan.r.e.posta.destek.ka.b0a33a6f","legal","legal","P0","App/LegalDocuments/Kullanim-Kosullari.md","153","başlatılır ve tamamlanır. E-posta, destek kanalı veya web sitesi hesap silme için zorunlu","","","","","","legal_copy","","legal","inventory.legal.b0a33a6fe23e","extracted","not_started","not_required","not_started","false"
"legacy.legal.degildir.e658e6b5","legal","legal","P0","App/LegalDocuments/Kullanim-Kosullari.md","154","değildir.","","","","","","legal_copy","","legal","inventory.legal.e658e6b5656c","extracted","not_started","not_required","not_started","false"
"legacy.legal.hesap.silme.onayland.g.nda.hesap.kayd.ve.h.01333d0f","legal","legal","P0","App/LegalDocuments/Kullanim-Kosullari.md","156","Hesap silme onaylandığında hesap kaydı ve hesaba bağlı uygulama verileri kalıcı olarak","","","","","","legal_copy","","legal","inventory.legal.01333d0f55e9","extracted","not_started","not_required","not_started","false"
"legacy.legal.silinir.yasal.saklama.yukumlulukleri.uyusm.d1848e29","legal","legal","P0","App/LegalDocuments/Kullanim-Kosullari.md","157","silinir. Yasal saklama yükümlülükleri, uyuşmazlıklar, güvenlik kayıtları ve teknik","","","","","","legal_copy","","legal","inventory.legal.d1848e298db4","extracted","not_started","not_started","not_started","true"
"legacy.legal.yedekleme.sureleri.sakl.kalabilir.f754ea3f","legal","legal","P0","App/LegalDocuments/Kullanim-Kosullari.md","158","yedekleme süreleri saklı kalabilir.","","","","","","legal_copy","","legal","inventory.legal.f754ea3fa6dd","extracted","not_started","not_required","not_started","false"
"legacy.legal.aktif.app.store.abonelikleri.apple.id.abon.d8c786bb","legal","legal","P0","App/LegalDocuments/Kullanim-Kosullari.md","160","Aktif App Store abonelikleri Apple ID abonelik ayarlarından yönetilir. Hesabın","","","","","","legal_copy","","legal","inventory.legal.d8c786bb3956","extracted","not_started","not_required","not_started","false"
"legacy.legal.silinmesi.apple.taraf.ndan.yonetilen.aktif.15c9898e","legal","legal","P0","App/LegalDocuments/Kullanim-Kosullari.md","161","silinmesi, Apple tarafından yönetilen aktif aboneliği otomatik olarak iptal","","","","","","legal_copy","","legal","inventory.legal.15c9898ee14f","extracted","not_started","not_required","not_started","false"
"legacy.legal.14.ucuncu.taraf.hizmetleri.973862a2","legal","legal","P0","App/LegalDocuments/Kullanim-Kosullari.md","164","14. Üçüncü taraf hizmetleri","","","","","","legal_copy","","legal","inventory.legal.973862a2dc23","extracted","not_started","not_required","not_started","false"
"legacy.legal.hizmet.supabase.ai.saglay.c.lar.revenuecat.a4749e77","legal","legal","P0","App/LegalDocuments/Kullanim-Kosullari.md","166","Hizmet; Supabase, AI sağlayıcıları, RevenueCat, Apple App Store, Apple/Google giriş","","","","","","legal_copy","","legal","inventory.legal.a4749e77f8f8","extracted","not_started","not_required","not_started","false"
"legacy.legal.servisleri.apns.ve.destek.guvenlik.altyap..b2019396","legal","legal","P0","App/LegalDocuments/Kullanim-Kosullari.md","167","servisleri, APNs ve destek/güvenlik altyapıları gibi üçüncü taraflardan yararlanabilir.","","","","","","legal_copy","","legal","inventory.legal.b20193961702","extracted","not_started","not_started","not_started","true"
"legacy.legal.bu.taraflar.yaln.zca.hizmetin.sunulmas.ici.5b92a9d3","legal","legal","P0","App/LegalDocuments/Kullanim-Kosullari.md","168","Bu taraflar yalnızca Hizmetin sunulması için gerekli ölçüde veri işleyebilir.","","","","","","legal_copy","","legal","inventory.legal.5b92a9d3c51a","extracted","not_started","not_required","not_started","false"
"legacy.legal.15.sorumluluk.s.n.r.b69d5327","legal","legal","P0","App/LegalDocuments/Kullanim-Kosullari.md","170","15. Sorumluluk sınırı","","","","","","legal_copy","","legal","inventory.legal.b69d5327fad6","extracted","not_started","not_required","not_started","false"
"legacy.legal.emredici.hukuk.kurallar.sakl.kalmak.uzere..bd35c8bb","legal","legal","P0","App/LegalDocuments/Kullanim-Kosullari.md","172","Emredici hukuk kuralları saklı kalmak üzere RiskDetected; Hizmetin kullanımından","","","","","","legal_copy","","legal","inventory.legal.bd35c8bbeae1","extracted","not_started","not_required","not_started","false"
"legacy.legal.dogabilecek.dolayl.zararlar.kar.kayb.itiba.870e03ba","legal","legal","P0","App/LegalDocuments/Kullanim-Kosullari.md","173","doğabilecek dolaylı zararlar, kar kaybı, itibar kaybı, üretim kaybı, veri kaybı,","","","","","","legal_copy","","legal","inventory.legal.870e03ba7168","extracted","not_started","not_required","not_started","false"
"legacy.legal.yanl.s.karar.ucuncu.kisi.talepleri.veya.sa.528e440a","legal","legal","P0","App/LegalDocuments/Kullanim-Kosullari.md","174","yanlış karar, üçüncü kişi talepleri veya saha uygulama sonuçlarından sorumlu değildir.","","","","","","legal_copy","","legal","inventory.legal.528e440a4474","extracted","not_started","not_required","not_started","false"
"legacy.legal.16.kosullar.n.degismesi.7a460487","legal","legal","P0","App/LegalDocuments/Kullanim-Kosullari.md","176","16. Koşulların değişmesi","","","","","","legal_copy","","legal","inventory.legal.7a46048774b5","extracted","not_started","not_required","not_started","false"
"legacy.legal.bu.kosullar.mevzuat.apple.kurallar.teknik..c7be1d86","legal","legal","P0","App/LegalDocuments/Kullanim-Kosullari.md","178","Bu Koşullar mevzuat, Apple kuralları, teknik gereksinimler veya Hizmet değişiklikleri","","","","","","legal_copy","","legal","inventory.legal.c7be1d8694b6","extracted","not_started","not_started","not_started","true"
"legacy.legal.nedeniyle.guncellenebilir.onemli.degisikli.f8c072d5","legal","legal","P0","App/LegalDocuments/Kullanim-Kosullari.md","179","nedeniyle güncellenebilir. Önemli değişikliklerde kullanıcıdan yeniden onay alınabilir","","","","","","legal_copy","","legal","inventory.legal.f8c072d5d72b","extracted","not_started","not_required","not_started","false"
"legacy.legal.veya.uygulama.icinde.bildirim.gosterilebil.4235ac60","legal","legal","P0","App/LegalDocuments/Kullanim-Kosullari.md","180","veya uygulama içinde bildirim gösterilebilir.","","","","","","legal_copy","","legal","inventory.legal.4235ac60ed20","extracted","not_started","not_required","not_started","false"
"legacy.legal.17.uygulanacak.hukuk.0f7e407a","legal","legal","P0","App/LegalDocuments/Kullanim-Kosullari.md","182","17. Uygulanacak hukuk","","","","","","legal_copy","","legal","inventory.legal.0f7e407ac4f4","extracted","not_started","not_required","not_started","false"
"legacy.legal.bu.kosullar.turkiye.cumhuriyeti.hukukuna.t.5884ca5b","legal","legal","P0","App/LegalDocuments/Kullanim-Kosullari.md","184","Bu Koşullar Türkiye Cumhuriyeti hukukuna tabidir. Tüketici sıfatına sahip kullanıcıların","","","","","","legal_copy","","legal","inventory.legal.5884ca5b92bb","extracted","not_started","not_required","not_started","false"
"legacy.legal.emredici.haklar.sakl.d.r.uyusmazl.klarda.y.a46c5560","legal","legal","P0","App/LegalDocuments/Kullanim-Kosullari.md","185","emredici hakları saklıdır. Uyuşmazlıklarda yürürlükteki mevzuat uyarınca yetkili","","","","","","legal_copy","","legal","inventory.legal.a46c55604a30","extracted","not_started","not_started","not_started","true"
"legacy.legal.tuketici.hakem.heyetleri.tuketici.mahkemel.44947928","legal","legal","P0","App/LegalDocuments/Kullanim-Kosullari.md","186","tüketici hakem heyetleri, tüketici mahkemeleri veya genel yetkili mahkemeler görevli","","","","","","legal_copy","","legal","inventory.legal.449479280bd8","extracted","not_started","not_required","not_started","false"
"legacy.legal.18.iletisim.73e85c96","legal","legal","P0","App/LegalDocuments/Kullanim-Kosullari.md","189","18. İletişim","","","","","","legal_copy","","legal","inventory.legal.73e85c961270","extracted","not_started","not_required","not_started","false"
"legacy.legal.e.posta.info.riskdetected.com.987ee7ce","legal","legal","P0","App/LegalDocuments/Kullanim-Kosullari.md","191","E-posta: info@riskdetected.com","","","","","","legal_copy","","legal","inventory.legal.987ee7ce933d","extracted","not_started","not_required","not_started","false"
"legacy.legal.adres.eskisehir.25122dd9","legal","legal","P0","App/LegalDocuments/Kullanim-Kosullari.md","192","Adres: Eskişehir","","","","","","legal_copy","","legal","inventory.legal.25122dd9316d","extracted","not_started","not_required","not_started","false"
"legacy.legal.web.sitesi.https.riskdetected.com.63ed9459","legal","legal","P0","App/LegalDocuments/Kullanim-Kosullari.md","193","Web sitesi: https://riskdetected.com","","","","","","legal_copy","","legal","inventory.legal.63ed94597878","extracted","not_started","not_required","not_started","false"
"legacy.legal.uygulama.ici.destek.profil.destek.507f5175","legal","legal","P0","App/LegalDocuments/Kullanim-Kosullari.md","194","Uygulama içi destek: Profil > Destek","","","","","","legal_copy","","legal","inventory.legal.507f51751aea","extracted","not_started","not_required","not_started","false"
"legacy.legal.hesap.silme.destek.veya.iletisim.talebi.ol.ee572cdf","legal","legal","P0","App/LegalDocuments/Kullanim-Kosullari.md","196","Hesap silme, destek veya iletişim talebi olarak yürütülmez. Hesabınızı ve hesabınıza","","","","","","legal_copy","","legal","inventory.legal.ee572cdf19a0","extracted","not_started","not_required","not_started","false"
"legacy.legal.bagl.uygulama.verilerini.silmek.icin.uygul.3ff01d74","legal","legal","P0","App/LegalDocuments/Kullanim-Kosullari.md","197","bağlı uygulama verilerini silmek için uygulama içinde Profil > Hesabımı sil / Delete","","","","","","legal_copy","","legal","inventory.legal.3ff01d74d83c","extracted","not_started","not_required","not_started","false"
"legacy.legal.account.yolunu.kullanabilirsiniz.e.posta.d.9e8fb353","legal","legal","P0","App/LegalDocuments/Kullanim-Kosullari.md","198","Account yolunu kullanabilirsiniz. E-posta, destek kanalı veya web sitesi hesap silme","","","","","","legal_copy","","legal","inventory.legal.9e8fb3538af9","extracted","not_started","not_required","not_started","false"
"legacy.legal.icin.zorunlu.degildir.20c3fdfe","legal","legal","P0","App/LegalDocuments/Kullanim-Kosullari.md","199","için zorunlu değildir.","","","","","","legal_copy","","legal","inventory.legal.20c3fdfeedf8","extracted","not_started","not_required","not_started","false"
"legacy.legal.riskdetected.kvkk.ayd.nlatma.metni.b9db505c","legal","legal","P0","App/LegalDocuments/KVKK-Aydinlatma-ve-Acik-Riza-Metni.md","1","RiskDetected KVKK Aydınlatma Metni","","","","","","legal_copy","","legal","inventory.legal.b9db505c11b5","extracted","not_started","not_required","not_started","false"
"legacy.legal.yururluk.tarihi.8.temmuz.2026.0ed9013f","legal","legal","P0","App/LegalDocuments/KVKK-Aydinlatma-ve-Acik-Riza-Metni.md","3","Yürürlük tarihi: 8 Temmuz 2026","","","","","","legal_copy","","legal","inventory.legal.0ed9013fe2bb","extracted","not_started","not_required","not_started","false"
"legacy.legal.belge.surumu.kvkk.2026.07.08.21b02774","legal","legal","P0","App/LegalDocuments/KVKK-Aydinlatma-ve-Acik-Riza-Metni.md","4","Belge sürümü: kvkk-2026-07-08","","","","","","legal_copy","","legal","inventory.legal.21b027746feb","extracted","not_started","not_required","not_started","false"
"legacy.legal.bu.metin.6698.say.l.kisisel.verilerin.koru.d6a92624","legal","legal","P0","App/LegalDocuments/KVKK-Aydinlatma-ve-Acik-Riza-Metni.md","6","Bu metin, 6698 sayılı Kişisel Verilerin Korunması Kanunu (""KVKK"") kapsamında","","","","","","legal_copy","","legal","inventory.legal.d6a92624a760","extracted","not_started","not_required","not_started","false"
"legacy.legal.riskdetected.mobil.uygulamas.ve.baglant.l..1df6638c","legal","legal","P0","App/LegalDocuments/KVKK-Aydinlatma-ve-Acik-Riza-Metni.md","7","RiskDetected mobil uygulaması ve bağlantılı hizmetlerde kişisel verilerin nasıl","","","","","","legal_copy","","legal","inventory.legal.1df6638c8217","extracted","not_started","not_required","not_started","false"
"legacy.legal.islendigini.ac.klar.ac.k.r.zaya.dayal.isle.e3502182","legal","legal","P0","App/LegalDocuments/KVKK-Aydinlatma-ve-Acik-Riza-Metni.md","8","işlendiğini açıklar. Açık rızaya dayalı işlemler ayrıca ""Açık Rıza Beyanı"" içinde","","","","","","legal_copy","","legal","inventory.legal.e350218223b3","extracted","not_started","not_required","not_started","false"
"legacy.legal.veri.sorumlusu.ve.iletisim.bilgileri.f5be702f","legal","legal","P0","App/LegalDocuments/KVKK-Aydinlatma-ve-Acik-Riza-Metni.md","11","Veri sorumlusu ve iletişim bilgileri:","","","","","","legal_copy","","legal","inventory.legal.f5be702fd6ae","extracted","not_started","not_required","not_started","false"
"legacy.legal.veri.sorumlusu.riskdetected.b044f631","legal","legal","P0","App/LegalDocuments/KVKK-Aydinlatma-ve-Acik-Riza-Metni.md","13","Veri sorumlusu: Riskdetected","","","","","","legal_copy","","legal","inventory.legal.b044f63127c8","extracted","not_started","not_required","not_started","false"
"legacy.legal.mersis.vkn.tckn.21832867210.af23e1c5","legal","legal","P0","App/LegalDocuments/KVKK-Aydinlatma-ve-Acik-Riza-Metni.md","14","MERSİS/VKN/TCKN: 21832867210","","","","","","legal_copy","","legal","inventory.legal.af23e1c5d500","extracted","not_started","not_required","not_started","false"
"legacy.legal.verbis.durumu.degerlendirme.asamas.nda.95b7b10b","legal","legal","P0","App/LegalDocuments/KVKK-Aydinlatma-ve-Acik-Riza-Metni.md","18","VERBİS durumu: Değerlendirme aşamasında","","","","","","legal_copy","","legal","inventory.legal.95b7b10bc1d8","extracted","not_started","not_required","not_started","false"
"legacy.legal.riskdetected.fotograf.uzerinden.is.sagl.g..edbf42ae","legal","legal","P0","App/LegalDocuments/KVKK-Aydinlatma-ve-Acik-Riza-Metni.md","22","RiskDetected; fotoğraf üzerinden iş sağlığı ve güvenliği odaklı yapay zeka analizi,","","","","","","legal_copy","","legal","inventory.legal.edbf42aeb44a","extracted","not_started","not_started","not_started","true"
"legacy.legal.risk.bulgu.uretimi.raporlama.firma.takibi..6455ae62","legal","legal","P0","App/LegalDocuments/KVKK-Aydinlatma-ve-Acik-Riza-Metni.md","23","risk/bulgu üretimi, raporlama, firma takibi, mesleki ilerleme ve abonelik yönetimi","","","","","","legal_copy","","legal","inventory.legal.6455ae62dd81","extracted","not_started","not_started","not_started","true"
"legacy.legal.sunar.uygulama.resmi.denetim.hukuki.uygunl.db9173bd","legal","legal","P0","App/LegalDocuments/KVKK-Aydinlatma-ve-Acik-Riza-Metni.md","24","sunar. Uygulama resmi denetim, hukuki uygunluk garantisi veya iş güvenliği uzmanı","","","","","","legal_copy","","legal","inventory.legal.db9173bdc22b","extracted","not_started","not_started","not_started","true"
"legacy.legal.yerine.gecen.bir.karar.mekanizmas.degildir.ee6c17d3","legal","legal","P0","App/LegalDocuments/KVKK-Aydinlatma-ve-Acik-Riza-Metni.md","25","yerine geçen bir karar mekanizması değildir.","","","","","","legal_copy","","legal","inventory.legal.ee6c17d34cec","extracted","not_started","not_required","not_started","false"
"legacy.legal.yeni.analizler.fotograf.yukleme.veya.kamer.44da3176","legal","legal","P0","App/LegalDocuments/KVKK-Aydinlatma-ve-Acik-Riza-Metni.md","27","Yeni analizler fotoğraf yükleme veya kamera ile çekim üzerinden başlatılır. Önceki","","","","","","legal_copy","","legal","inventory.legal.44da3176a6fa","extracted","not_started","not_required","not_started","false"
"legacy.legal.surumlerde.olusturulmus.metin.girdileri.ya.3f5897e0","legal","legal","P0","App/LegalDocuments/KVKK-Aydinlatma-ve-Acik-Riza-Metni.md","28","sürümlerde oluşturulmuş metin girdileri, yalnızca geçmiş analiz kaydı, veri dışa","","","","","","legal_copy","","legal","inventory.legal.3f5897e08e44","extracted","not_started","not_required","not_started","false"
"legacy.legal.aktarma.hesap.silme.ve.hukuki.saklama.sure.7f1fc153","legal","legal","P0","App/LegalDocuments/KVKK-Aydinlatma-ve-Acik-Riza-Metni.md","29","aktarma, hesap silme ve hukuki saklama süreçleri kapsamında işlenebilir.","","","","","","legal_copy","","legal","inventory.legal.7f1fc15306ba","extracted","not_started","not_required","not_started","false"
"legacy.legal.2.islenen.kisisel.veriler.7498e964","legal","legal","P0","App/LegalDocuments/KVKK-Aydinlatma-ve-Acik-Riza-Metni.md","31","2. İşlenen kişisel veriler","","","","","","legal_copy","","legal","inventory.legal.7498e964c6c6","extracted","not_started","not_required","not_started","false"
"legacy.legal.riskdetected.kapsam.nda.asag.daki.veri.kat.242265d4","legal","legal","P0","App/LegalDocuments/KVKK-Aydinlatma-ve-Acik-Riza-Metni.md","33","RiskDetected kapsamında aşağıdaki veri kategorileri işlenebilir:","","","","","","legal_copy","","legal","inventory.legal.242265d42971","extracted","not_started","not_required","not_started","false"
"legacy.legal.hesap.ve.kimlik.verileri.kullan.c.id.ad.so.507371b9","legal","legal","P0","App/LegalDocuments/KVKK-Aydinlatma-ve-Acik-Riza-Metni.md","35","Hesap ve kimlik verileri: kullanıcı ID, ad-soyad, profil adı, avatar, giriş yöntemi, hesap durumu.","","","","","","legal_copy","","legal","inventory.legal.507371b93330","extracted","not_started","not_required","not_started","false"
"legacy.legal.iletisim.verileri.e.posta.destek.mesajlar..bacb6c73","legal","legal","P0","App/LegalDocuments/KVKK-Aydinlatma-ve-Acik-Riza-Metni.md","36","İletişim verileri: e-posta, destek mesajları, isteğe bağlı telefon veya firma iletişim bilgileri.","","","","","","legal_copy","","legal","inventory.legal.bacb6c730efa","extracted","not_started","not_required","not_started","false"
"legacy.legal.onboarding.ve.mesleki.baglam.verileri.uzma.14a66d8f","legal","legal","P0","App/LegalDocuments/KVKK-Aydinlatma-ve-Acik-Riza-Metni.md","37","Onboarding ve mesleki bağlam verileri: uzmanlık sınıfı, tehlike sınıfı, sektörler, çalışma alanı, analiz sıklığı, kullanım amacı ve benzeri yanıtlar.","","","","","","legal_copy","","legal","inventory.legal.14a66d8f8d7b","extracted","not_started","not_started","not_started","true"
"legacy.legal.analiz.verileri.fotograflar.onceki.surumle.99a0fe6f","legal","legal","P0","App/LegalDocuments/KVKK-Aydinlatma-ve-Acik-Riza-Metni.md","38","Analiz verileri: fotoğraflar, önceki sürümlerde oluşturulmuş metin girdileri, seçilen canvas/analiz odağı, analiz modu, AI çıktıları, bulgular, risk seviyeleri, kök neden, önerilen aksiyon, referans bilgileri, skorlar ve analiz durumu.","","","","","","legal_copy","","legal","inventory.legal.99a0fe6fb12d","extracted","not_started","not_started","not_started","true"
"legacy.legal.gorsel.icerik.verileri.cal.san.ziyaretci.g.b5fa5a52","legal","legal","P0","App/LegalDocuments/KVKK-Aydinlatma-ve-Acik-Riza-Metni.md","39","Görsel içerik verileri: çalışan/ziyaretçi görüntüsü, yüz, iş kıyafeti, KKD, ekipman, makine, tabela, logo, plaka, tesis, fabrika, maden, inşaat alanı veya görselde bulunan diğer bilgiler.","","","","","","legal_copy","","legal","inventory.legal.b5fa5a52b33c","extracted","not_started","not_required","not_started","false"
"legacy.legal.rapor.verileri.pdf.xlsx.c.kt.lar.rapor.bas.e957fe52","legal","legal","P0","App/LegalDocuments/KVKK-Aydinlatma-ve-Acik-Riza-Metni.md","40","Rapor verileri: PDF/XLSX çıktıları, rapor başlığı, rapor türü, risk tablosu, firma bilgisi, firma logosu, hazırlayan bilgisi, belge numarası ve paylaşım/indirme kayıtları.","","","","","","legal_copy","","legal","inventory.legal.e957fe5271b6","extracted","not_started","not_started","not_started","true"
"legacy.legal.firma.yonetimi.verileri.firma.ad.tehlike.s.f01d90ed","legal","legal","P0","App/LegalDocuments/KVKK-Aydinlatma-ve-Acik-Riza-Metni.md","41","Firma yönetimi verileri: firma adı, tehlike sınıfı, logo, adres, ilgili kişi, departman, varsayılan sorumlu, termin günü, arşiv durumu.","","","","","","legal_copy","","legal","inventory.legal.f01d90ed20e6","extracted","not_started","not_started","not_started","true"
"legacy.legal.abonelik.ve.kota.verileri.free.plus.pro.pl.353db1f3","legal","legal","P0","App/LegalDocuments/KVKK-Aydinlatma-ve-Acik-Riza-Metni.md","42","Abonelik ve kota verileri: Free/Plus/Pro plan durumu, hak/kota kullanımı, RevenueCat/App Store ürün ve işlem bilgileri, deneme hakkı ve yenileme/iptal olayları. Kart bilgileri RiskDetected tarafından saklanmaz.","","","","","","legal_copy","","legal","inventory.legal.353db1f35377","extracted","not_started","not_required","not_started","false"
"legacy.legal.mesleki.ilerleme.verileri.mdp.puan.uygulam.40dfa7e0","legal","legal","P0","App/LegalDocuments/KVKK-Aydinlatma-ve-Acik-Riza-Metni.md","43","Mesleki ilerleme verileri: MDP puanı, uygulama içi ünvan, rozet, yetkinlik alanları, bulgu sınıflandırmaları, haftalık takip, aktif gün, başarı mesajları ve ilgili istatistikler.","","","","","","legal_copy","","legal","inventory.legal.40dfa7e0583e","extracted","not_started","not_required","not_started","false"
"legacy.legal.bildirim.verileri.apns.cihaz.token.bildiri.04cd9407","legal","legal","P0","App/LegalDocuments/KVKK-Aydinlatma-ve-Acik-Riza-Metni.md","44","Bildirim verileri: APNs cihaz tokenı, bildirim tercihleri, gönderim durumu, hata kayıtları ve bildirim olayları.","","","","","","legal_copy","","legal","inventory.legal.04cd9407b3e8","extracted","not_started","not_required","not_started","false"
"legacy.legal.teknik.ve.islem.guvenligi.verileri.ip.adre.12a9b04c","legal","legal","P0","App/LegalDocuments/KVKK-Aydinlatma-ve-Acik-Riza-Metni.md","45","Teknik ve işlem güvenliği verileri: IP adresi, cihaz/uygulama bilgisi, oturum kayıtları, destek ID, request ID, hata kodları, performans, model/provider, token sayısı, fallback ve AI kullanım logları.","","","","","","legal_copy","","legal","inventory.legal.12a9b04cb4d5","extracted","not_started","not_started","not_started","true"
"legacy.legal.hukuki.islem.verileri.kvkk.sozlesme.onay.k.b67d816e","legal","legal","P0","App/LegalDocuments/KVKK-Aydinlatma-ve-Acik-Riza-Metni.md","46","Hukuki işlem verileri: KVKK/sözleşme/onay kayıtları, başvuru, uyuşmazlık, hesap silme ve veri imha kayıtları.","","","","","","legal_copy","","legal","inventory.legal.b67d816e0ece","extracted","not_started","not_required","not_started","false"
"legacy.legal.fotograflar.ozel.nitelikli.kisisel.veri.ic.164dec40","legal","legal","P0","App/LegalDocuments/KVKK-Aydinlatma-ve-Acik-Riza-Metni.md","48","Fotoğraflar özel nitelikli kişisel veri içerebilir. Örneğin sağlık durumu, yaralanma,","","","","","","legal_copy","","legal","inventory.legal.164dec40ec64","extracted","not_started","not_required","not_started","false"
"legacy.legal.engellilik.dini.siyasi.sendikal.semboller..47b5c1f1","legal","legal","P0","App/LegalDocuments/KVKK-Aydinlatma-ve-Acik-Riza-Metni.md","49","engellilik, dini/siyasi/sendikal semboller, çocuk görüntüsü veya benzeri hassas bilgiler","","","","","","legal_copy","","legal","inventory.legal.47b5c1f12300","extracted","not_started","not_required","not_started","false"
"legacy.legal.gorunebilir.riskdetected.bu.verileri.ozell.0b357653","legal","legal","P0","App/LegalDocuments/KVKK-Aydinlatma-ve-Acik-Riza-Metni.md","50","görünebilir. RiskDetected bu verileri özellikle talep etmez; ancak kullanıcı tarafından","","","","","","legal_copy","","legal","inventory.legal.0b3576539460","extracted","not_started","not_required","not_started","false"
"legacy.legal.yuklenen.icerikte.bulunursa.analiz.ve.rapo.f527dc70","legal","legal","P0","App/LegalDocuments/KVKK-Aydinlatma-ve-Acik-Riza-Metni.md","51","yüklenen içerikte bulunursa analiz ve raporlama amacıyla sınırlı şekilde işlenebilir.","","","","","","legal_copy","","legal","inventory.legal.f527dc70c177","extracted","not_started","not_required","not_started","false"
"legacy.legal.riskdetected.yuz.tan.ma.biyometrik.kimlik..c30a5a0c","legal","legal","P0","App/LegalDocuments/KVKK-Aydinlatma-ve-Acik-Riza-Metni.md","53","RiskDetected yüz tanıma, biyometrik kimlik doğrulama veya kişiyi benzersiz şekilde","","","","","","legal_copy","","legal","inventory.legal.c30a5a0c8a50","extracted","not_started","not_required","not_started","false"
"legacy.legal.teshis.etme.amac.yla.hizmet.sunmaz.fe700f08","legal","legal","P0","App/LegalDocuments/KVKK-Aydinlatma-ve-Acik-Riza-Metni.md","54","teşhis etme amacıyla hizmet sunmaz.","","","","","","legal_copy","","legal","inventory.legal.fe700f08dfd5","extracted","not_started","not_required","not_started","false"
"legacy.legal.3.isleme.amaclar.3c5ad830","legal","legal","P0","App/LegalDocuments/KVKK-Aydinlatma-ve-Acik-Riza-Metni.md","56","3. İşleme amaçları","","","","","","legal_copy","","legal","inventory.legal.3c5ad8304501","extracted","not_started","not_required","not_started","false"
"legacy.legal.kisisel.veriler.su.amaclarla.islenir.c4f82373","legal","legal","P0","App/LegalDocuments/KVKK-Aydinlatma-ve-Acik-Riza-Metni.md","58","Kişisel veriler şu amaçlarla işlenir:","","","","","","legal_copy","","legal","inventory.legal.c4f82373c9ad","extracted","not_started","not_required","not_started","false"
"legacy.legal.hesap.olusturmak.oturum.guvenligini.saglam.ef7f86b7","legal","legal","P0","App/LegalDocuments/KVKK-Aydinlatma-ve-Acik-Riza-Metni.md","60","Hesap oluşturmak, oturum güvenliğini sağlamak ve kullanıcıyı tanımak.","","","","","","legal_copy","","legal","inventory.legal.ef7f86b76f7d","extracted","not_started","not_started","not_started","true"
"legacy.legal.fotograf.uzerinden.ai.destekli.risk.tehlik.a42fc335","legal","legal","P0","App/LegalDocuments/KVKK-Aydinlatma-ve-Acik-Riza-Metni.md","61","Fotoğraf üzerinden AI destekli risk, tehlike, önlem ve rapor çıktısı üretmek.","","","","","","legal_copy","","legal","inventory.legal.a42fc3357909","extracted","not_started","not_started","not_started","true"
"legacy.legal.analizleri.bulgular.firma.bilgilerini.pdf..8cf96327","legal","legal","P0","App/LegalDocuments/KVKK-Aydinlatma-ve-Acik-Riza-Metni.md","62","Analizleri, bulguları, firma bilgilerini, PDF/XLSX raporlarını ve arşivleri kullanıcı hesabına bağlamak.","","","","","","legal_copy","","legal","inventory.legal.8cf963271e07","extracted","not_started","not_required","not_started","false"
"legacy.legal.free.plus.pro.kota.abonelik.deneme.hakk.ve.140a8501","legal","legal","P0","App/LegalDocuments/KVKK-Aydinlatma-ve-Acik-Riza-Metni.md","63","Free/Plus/Pro kota, abonelik, deneme hakkı ve özellik erişimini yönetmek.","","","","","","legal_copy","","legal","inventory.legal.140a8501ebb6","extracted","not_started","not_required","not_started","false"
"legacy.legal.profil.avatar.firma.logosu.rapor.sablonu.v.3ce7f4f3","legal","legal","P0","App/LegalDocuments/KVKK-Aydinlatma-ve-Acik-Riza-Metni.md","64","Profil avatarı, firma logosu, rapor şablonu ve rapor firması gibi isteğe bağlı içerikleri göstermek.","","","","","","legal_copy","","legal","inventory.legal.3ce7f4f301ef","extracted","not_started","not_required","not_started","false"
"legacy.legal.mesleki.ilerleme.modulunde.mdp.unvan.rozet.ad815d9a","legal","legal","P0","App/LegalDocuments/KVKK-Aydinlatma-ve-Acik-Riza-Metni.md","65","Mesleki ilerleme modülünde MDP, ünvan, rozet, yetkinlik haritası, haftalık takip ve başarı mesajlarını hesaplamak.","","","","","","legal_copy","","legal","inventory.legal.ad815d9a6ff1","extracted","not_started","not_required","not_started","false"
"legacy.legal.bildirim.tercihlerini.yonetmek.ve.analiz.r.b6e505c0","legal","legal","P0","App/LegalDocuments/KVKK-Aydinlatma-ve-Acik-Riza-Metni.md","66","Bildirim tercihlerini yönetmek ve analiz/rapor/hesap/progress bildirimleri göndermek.","","","","","","legal_copy","","legal","inventory.legal.b6e505c0a4bd","extracted","not_started","not_required","not_started","false"
"legacy.legal.hata.giderme.guvenlik.kotuye.kullan.m.onle.a6c5533e","legal","legal","P0","App/LegalDocuments/KVKK-Aydinlatma-ve-Acik-Riza-Metni.md","67","Hata giderme, güvenlik, kötüye kullanım önleme, servis sürekliliği, maliyet kontrolü ve kalite izleme yapmak.","","","","","","legal_copy","","legal","inventory.legal.a6c5533e6083","extracted","not_started","not_started","not_started","true"
"legacy.legal.destek.veri.erisimi.veri.silme.uygulama.ic.15e7cd30","legal","legal","P0","App/LegalDocuments/KVKK-Aydinlatma-ve-Acik-Riza-Metni.md","68","Destek, veri erişimi, veri silme, uygulama içi hesap silme işlemi ve hukuki talepleri karşılamak.","","","","","","legal_copy","","legal","inventory.legal.15e7cd301c2a","extracted","not_started","not_required","not_started","false"
"legacy.legal.hukuki.yukumlulukleri.denetim.ve.uyusmazl..3933a652","legal","legal","P0","App/LegalDocuments/KVKK-Aydinlatma-ve-Acik-Riza-Metni.md","69","Hukuki yükümlülükleri, denetim ve uyuşmazlık süreçlerini yürütmek.","","","","","","legal_copy","","legal","inventory.legal.3933a6520870","extracted","not_started","not_required","not_started","false"
"legacy.legal.kullan.c.icerikleri.ac.k.izin.olmadan.rekl.3fd72711","legal","legal","P0","App/LegalDocuments/KVKK-Aydinlatma-ve-Acik-Riza-Metni.md","71","Kullanıcı içerikleri açık izin olmadan reklamda, kamuya açık tanıtımda veya üçüncü","","","","","","legal_copy","","legal","inventory.legal.3fd72711c523","extracted","not_started","not_required","not_started","false"
"legacy.legal.kisilere.bag.ms.z.profil.c.karma.amac.yla..901c08a3","legal","legal","P0","App/LegalDocuments/KVKK-Aydinlatma-ve-Acik-Riza-Metni.md","72","kişilere bağımsız profil çıkarma amacıyla kullanılmaz.","","","","","","legal_copy","","legal","inventory.legal.901c08a340fe","extracted","not_started","not_required","not_started","false"
"legacy.legal.4.hukuki.sebepler.00dfee93","legal","legal","P0","App/LegalDocuments/KVKK-Aydinlatma-ve-Acik-Riza-Metni.md","74","4. Hukuki sebepler","","","","","","legal_copy","","legal","inventory.legal.00dfee9322a0","extracted","not_started","not_required","not_started","false"
"legacy.legal.kisisel.veriler.kvkk.n.n.5.maddesi.kapsam..232707d8","legal","legal","P0","App/LegalDocuments/KVKK-Aydinlatma-ve-Acik-Riza-Metni.md","76","Kişisel veriler KVKK'nın 5. maddesi kapsamında aşağıdaki hukuki sebeplerle işlenebilir:","","","","","","legal_copy","","legal","inventory.legal.232707d8493d","extracted","not_started","not_required","not_started","false"
"legacy.legal.sozlesmenin.kurulmas.veya.ifas.uyelik.anal.2aeb15c1","legal","legal","P0","App/LegalDocuments/KVKK-Aydinlatma-ve-Acik-Riza-Metni.md","78","Sözleşmenin kurulması veya ifası: üyelik, analiz, rapor, abonelik ve destek hizmetlerinin sunulması.","","","","","","legal_copy","","legal","inventory.legal.2aeb15c118cb","extracted","not_started","not_required","not_started","false"
"legacy.legal.hukuki.yukumluluk.mevzuat.resmi.kurum.tale.5de9d4b9","legal","legal","P0","App/LegalDocuments/KVKK-Aydinlatma-ve-Acik-Riza-Metni.md","79","Hukuki yükümlülük: mevzuat, resmi kurum talepleri, muhasebe/abonelik kayıtları ve denetim yükümlülükleri.","","","","","","legal_copy","","legal","inventory.legal.5de9d4b987c7","extracted","not_started","not_started","not_started","true"
"legacy.legal.bir.hakk.n.tesisi.kullan.lmas.veya.korunma.f4e237d5","legal","legal","P0","App/LegalDocuments/KVKK-Aydinlatma-ve-Acik-Riza-Metni.md","80","Bir hakkın tesisi, kullanılması veya korunması: uyuşmazlık, destek, güvenlik, ispat ve savunma süreçleri.","","","","","","legal_copy","","legal","inventory.legal.f4e237d5dc2c","extracted","not_started","not_started","not_started","true"
"legacy.legal.mesru.menfaat.guvenlik.hata.giderme.kotuye.f7550c4e","legal","legal","P0","App/LegalDocuments/KVKK-Aydinlatma-ve-Acik-Riza-Metni.md","81","Meşru menfaat: güvenlik, hata giderme, kötüye kullanım önleme, servis kalitesi, maliyet ve performans takibi.","","","","","","legal_copy","","legal","inventory.legal.f7550c4e6705","extracted","not_started","not_started","not_started","true"
"legacy.legal.ac.k.r.za.ozel.nitelikli.veri.icerebilecek.c3993be0","legal","legal","P0","App/LegalDocuments/KVKK-Aydinlatma-ve-Acik-Riza-Metni.md","82","Açık rıza: özel nitelikli veri içerebilecek görsellerin analizi, yurt dışı aktarımın açık rızaya dayandığı haller, zorunlu olmayan pazarlama iletişimi ve benzeri faaliyetler.","","","","","","legal_copy","","legal","inventory.legal.c3993be0f730","extracted","not_started","not_required","not_started","false"
"legacy.legal.5.toplama.yontemi.883cc6e7","legal","legal","P0","App/LegalDocuments/KVKK-Aydinlatma-ve-Acik-Riza-Metni.md","84","5. Toplama yöntemi","","","","","","legal_copy","","legal","inventory.legal.883cc6e7e5cc","extracted","not_started","not_required","not_started","false"
"legacy.legal.veriler.uygulamaya.kay.t.giris.onboarding..5d503550","legal","legal","P0","App/LegalDocuments/KVKK-Aydinlatma-ve-Acik-Riza-Metni.md","86","Veriler; uygulamaya kayıt/giriş, onboarding, fotoğraf çekme veya galeriden seçme,","","","","","","legal_copy","","legal","inventory.legal.5d503550cd15","extracted","not_started","not_required","not_started","false"
"legacy.legal.analiz.baslatma.canvas.rapor.firma.secimi..e424e94d","legal","legal","P0","App/LegalDocuments/KVKK-Aydinlatma-ve-Acik-Riza-Metni.md","87","analiz başlatma, canvas/rapor/firma seçimi, rapor oluşturma/indirme, profil fotoğrafı","","","","","","legal_copy","","legal","inventory.legal.e424e94dea33","extracted","not_started","not_required","not_started","false"
"legacy.legal.veya.firma.logosu.yukleme.bildirim.izni.ve.f50d2ad8","legal","legal","P0","App/LegalDocuments/KVKK-Aydinlatma-ve-Acik-Riza-Metni.md","88","veya firma logosu yükleme, bildirim izni verme, abonelik satın alma, destek talebi ve","","","","","","legal_copy","","legal","inventory.legal.f50d2ad80d2f","extracted","not_started","not_required","not_started","false"
"legacy.legal.uygulama.ici.teknik.loglar.yoluyla.otomati.4bca304f","legal","legal","P0","App/LegalDocuments/KVKK-Aydinlatma-ve-Acik-Riza-Metni.md","89","uygulama içi teknik loglar yoluyla otomatik veya kısmen otomatik olarak elektronik","","","","","","legal_copy","","legal","inventory.legal.4bca304f90f2","extracted","not_started","not_required","not_started","false"
"legacy.legal.ortamda.toplan.r.5866a724","legal","legal","P0","App/LegalDocuments/KVKK-Aydinlatma-ve-Acik-Riza-Metni.md","90","ortamda toplanır.","","","","","","legal_copy","","legal","inventory.legal.5866a724ab0a","extracted","not_started","not_required","not_started","false"
"legacy.legal.6.aktar.m.yap.lan.taraflar.7480fd6a","legal","legal","P0","App/LegalDocuments/KVKK-Aydinlatma-ve-Acik-Riza-Metni.md","92","6. Aktarım yapılan taraflar","","","","","","legal_copy","","legal","inventory.legal.7480fd6aa92b","extracted","not_started","not_required","not_started","false"
"legacy.legal.kisisel.veriler.amacla.s.n.rl.ve.gerekli.o.fdde2779","legal","legal","P0","App/LegalDocuments/KVKK-Aydinlatma-ve-Acik-Riza-Metni.md","94","Kişisel veriler amaçla sınırlı ve gerekli ölçüde aşağıdaki alıcı gruplarına aktarılabilir:","","","","","","legal_copy","","legal","inventory.legal.fdde27793e47","extracted","not_started","not_required","not_started","false"
"legacy.legal.supabase.kimlik.dogrulama.veri.taban.dosya.31a66622","legal","legal","P0","App/LegalDocuments/KVKK-Aydinlatma-ve-Acik-Riza-Metni.md","96","Supabase: kimlik doğrulama, veri tabanı, dosya saklama, edge functions ve teknik altyapı.","","","","","","legal_copy","","legal","inventory.legal.31a66622f6dc","extracted","not_started","not_required","not_started","false"
"legacy.legal.google.gemini.google.ai.ve.gerektiginde.gr.9d2b4660","legal","legal","P0","App/LegalDocuments/KVKK-Aydinlatma-ve-Acik-Riza-Metni.md","97","Google Gemini/Google AI ve gerektiğinde Groq: AI analiz yanıtı üretimi ve süreklilik/fallback.","","","","","","legal_copy","","legal","inventory.legal.9d2b46604df7","extracted","not_started","not_required","not_started","false"
"legacy.legal.apple.app.store.ve.revenuecat.abonelik.sat.8c2c7990","legal","legal","P0","App/LegalDocuments/KVKK-Aydinlatma-ve-Acik-Riza-Metni.md","98","Apple App Store ve RevenueCat: abonelik, satın alma, deneme, entitlement ve ödeme doğrulama.","","","","","","legal_copy","","legal","inventory.legal.8c2c7990c9aa","extracted","not_started","not_required","not_started","false"
"legacy.legal.apple.push.notification.service.apns.bildi.b7545a3e","legal","legal","P0","App/LegalDocuments/KVKK-Aydinlatma-ve-Acik-Riza-Metni.md","99","Apple Push Notification service (APNs): bildirim gönderimi.","","","","","","legal_copy","","legal","inventory.legal.b7545a3efa25","extracted","not_started","not_required","not_started","false"
"legacy.legal.google.sign.in.ve.apple.sign.in.tercih.edi.ca19a7be","legal","legal","P0","App/LegalDocuments/KVKK-Aydinlatma-ve-Acik-Riza-Metni.md","100","Google Sign-In ve Apple Sign-In: tercih edilen giriş yöntemi kullanıldığında kimlik doğrulama.","","","","","","legal_copy","","legal","inventory.legal.ca19a7bef657","extracted","not_started","not_required","not_started","false"
"legacy.legal.teknik.destek.guvenlik.hukuki.ve.mali.dan..c73ba6c1","legal","legal","P0","App/LegalDocuments/KVKK-Aydinlatma-ve-Acik-Riza-Metni.md","101","Teknik destek, güvenlik, hukuki ve mali danışmanlar.","","","","","","legal_copy","","legal","inventory.legal.c73ba6c1efd2","extracted","not_started","not_started","not_started","true"
"legacy.legal.yetkili.kamu.kurumlar.mahkemeler.ve.duzenl.d225109b","legal","legal","P0","App/LegalDocuments/KVKK-Aydinlatma-ve-Acik-Riza-Metni.md","102","Yetkili kamu kurumları, mahkemeler ve düzenleyici otoriteler.","","","","","","legal_copy","","legal","inventory.legal.d225109beb25","extracted","not_started","not_required","not_started","false"
"legacy.legal.kullan.c.n.n.talimat.yla.rapor.veya.analiz.2ca05014","legal","legal","P0","App/LegalDocuments/KVKK-Aydinlatma-ve-Acik-Riza-Metni.md","103","Kullanıcının talimatıyla rapor veya analiz paylaşılan üçüncü kişiler.","","","","","","legal_copy","","legal","inventory.legal.2ca05014f236","extracted","not_started","not_required","not_started","false"
"legacy.legal.7.yurt.d.s.na.aktar.m.fd9ee2a0","legal","legal","P0","App/LegalDocuments/KVKK-Aydinlatma-ve-Acik-Riza-Metni.md","105","7. Yurt dışına aktarım","","","","","","legal_copy","","legal","inventory.legal.fd9ee2a02eed","extracted","not_started","not_required","not_started","false"
"legacy.legal.ai.saglay.c.lar.bulut.altyap.s.dosya.sakla.8925618a","legal","legal","P0","App/LegalDocuments/KVKK-Aydinlatma-ve-Acik-Riza-Metni.md","107","AI sağlayıcıları, bulut altyapısı, dosya saklama, abonelik doğrulama, kimlik doğrulama,","","","","","","legal_copy","","legal","inventory.legal.8925618a9db2","extracted","not_started","not_required","not_started","false"
"legacy.legal.bildirim.teknik.destek.ve.hata.giderme.sur.5167ffc7","legal","legal","P0","App/LegalDocuments/KVKK-Aydinlatma-ve-Acik-Riza-Metni.md","108","bildirim, teknik destek ve hata giderme süreçlerinde kişisel veriler Türkiye dışında","","","","","","legal_copy","","legal","inventory.legal.5167ffc735e2","extracted","not_started","not_required","not_started","false"
"legacy.legal.bulunan.hizmet.saglay.c.lar.na.aktar.labil.a481ca5f","legal","legal","P0","App/LegalDocuments/KVKK-Aydinlatma-ve-Acik-Riza-Metni.md","109","bulunan hizmet sağlayıcılarına aktarılabilir veya bu sağlayıcılar tarafından yurt","","","","","","legal_copy","","legal","inventory.legal.a481ca5f82c4","extracted","not_started","not_required","not_started","false"
"legacy.legal.d.s.nda.islenebilir.946fc5d4","legal","legal","P0","App/LegalDocuments/KVKK-Aydinlatma-ve-Acik-Riza-Metni.md","110","dışında işlenebilir.","","","","","","legal_copy","","legal","inventory.legal.946fc5d4df30","extracted","not_started","not_required","not_started","false"
"legacy.legal.yurt.d.s.na.aktar.m.kvkk.n.n.9.maddesindek.2ede67ff","legal","legal","P0","App/LegalDocuments/KVKK-Aydinlatma-ve-Acik-Riza-Metni.md","112","Yurt dışına aktarım KVKK'nın 9. maddesindeki mekanizmalar, uygun güvenceler, standart","","","","","","legal_copy","","legal","inventory.legal.2ede67ffc302","extracted","not_started","not_required","not_started","false"
"legacy.legal.sozlesmeler.istisnalar.veya.gerekli.oldugu.eeca5e08","legal","legal","P0","App/LegalDocuments/KVKK-Aydinlatma-ve-Acik-Riza-Metni.md","113","sözleşmeler, istisnalar veya gerekli olduğu hallerde açık rıza kapsamında yürütülür.","","","","","","legal_copy","","legal","inventory.legal.eeca5e08bc55","extracted","not_started","not_required","not_started","false"
"legacy.legal.kullan.c.ac.k.r.zaya.dayal.aktar.m.diledig.fade0758","legal","legal","P0","App/LegalDocuments/KVKK-Aydinlatma-ve-Acik-Riza-Metni.md","114","Kullanıcı, açık rızaya dayalı aktarımı dilediği zaman geri çekebilir; bu durumda bazı","","","","","","legal_copy","","legal","inventory.legal.fade0758f7df","extracted","not_started","not_required","not_started","false"
"legacy.legal.analiz.veya.rapor.ozellikleri.teknik.olara.334e827d","legal","legal","P0","App/LegalDocuments/KVKK-Aydinlatma-ve-Acik-Riza-Metni.md","115","analiz veya rapor özellikleri teknik olarak sunulamayabilir.","","","","","","legal_copy","","legal","inventory.legal.334e827ded51","extracted","not_started","not_required","not_started","false"
"legacy.legal.8.saklama.ve.imha.245cad39","legal","legal","P0","App/LegalDocuments/KVKK-Aydinlatma-ve-Acik-Riza-Metni.md","117","8. Saklama ve imha","","","","","","legal_copy","","legal","inventory.legal.245cad399ba2","extracted","not_started","not_required","not_started","false"
"legacy.legal.guncel.saklama.ilkeleri.8a34469c","legal","legal","P0","App/LegalDocuments/KVKK-Aydinlatma-ve-Acik-Riza-Metni.md","119","Güncel saklama ilkeleri:","","","","","","legal_copy","","legal","inventory.legal.8a34469c56e1","extracted","not_started","not_required","not_started","false"
"legacy.legal.free.analiz.fotograflar.7.gun.c788402f","legal","legal","P0","App/LegalDocuments/KVKK-Aydinlatma-ve-Acik-Riza-Metni.md","121","Free analiz fotoğrafları: 7 gün.","","","","","","legal_copy","","legal","inventory.legal.c788402f5b01","extracted","not_started","not_required","not_started","false"
"legacy.legal.plus.analiz.fotograflar.30.gun.2f19732f","legal","legal","P0","App/LegalDocuments/KVKK-Aydinlatma-ve-Acik-Riza-Metni.md","122","Plus analiz fotoğrafları: 30 gün.","","","","","","legal_copy","","legal","inventory.legal.2f19732ff5a6","extracted","not_started","not_required","not_started","false"
"legacy.legal.pro.analiz.fotograflar.kullan.c.hesab.akti.f759a104","legal","legal","P0","App/LegalDocuments/KVKK-Aydinlatma-ve-Acik-Riza-Metni.md","123","Pro analiz fotoğrafları: kullanıcı hesabı aktif olduğu sürece veya kullanıcı silene kadar; teknik/imha süreçleri saklıdır.","","","","","","legal_copy","","legal","inventory.legal.f759a104771b","extracted","not_started","not_required","not_started","false"
"legacy.legal.ham.ai.yan.tlar.ve.ai.denetim.kay.tlar.30..2df773b7","legal","legal","P0","App/LegalDocuments/KVKK-Aydinlatma-ve-Acik-Riza-Metni.md","124","Ham AI yanıtları ve AI denetim kayıtları: 30 gün.","","","","","","legal_copy","","legal","inventory.legal.2df773b7f699","extracted","not_started","not_required","not_started","false"
"legacy.legal.analiz.sonuclar.bulgular.mdp.progress.kay..c7b7d3a1","legal","legal","P0","App/LegalDocuments/KVKK-Aydinlatma-ve-Acik-Riza-Metni.md","125","Analiz sonuçları, bulgular, MDP/progress kayıtları ve raporlar: kullanıcı silene, hesap silinene veya işleme amacı sona erene kadar.","","","","","","legal_copy","","legal","inventory.legal.c7b7d3a146f9","extracted","not_started","not_required","not_started","false"
"legacy.legal.profil.avatar.firma.logosu.ve.firma.kay.tl.30adf42d","legal","legal","P0","App/LegalDocuments/KVKK-Aydinlatma-ve-Acik-Riza-Metni.md","126","Profil avatarı, firma logosu ve firma kayıtları: kullanıcı silene, arşivleyene veya hesap silinene kadar.","","","","","","legal_copy","","legal","inventory.legal.30adf42d967e","extracted","not_started","not_required","not_started","false"
"legacy.legal.bildirim.tokenlar.ve.tercihleri.kullan.c.b.3ee722ee","legal","legal","P0","App/LegalDocuments/KVKK-Aydinlatma-ve-Acik-Riza-Metni.md","127","Bildirim tokenları ve tercihleri: kullanıcı bildirimleri kapatana, çıkış yapana, hesap silinene veya token geçersizleşene kadar.","","","","","","legal_copy","","legal","inventory.legal.3ee722ee98a6","extracted","not_started","not_required","not_started","false"
"legacy.legal.abonelik.ve.islem.kay.tlar.hukuki.mali.ve..6e33a61a","legal","legal","P0","App/LegalDocuments/KVKK-Aydinlatma-ve-Acik-Riza-Metni.md","128","Abonelik ve işlem kayıtları: hukuki, mali ve App Store uyuşmazlık süreleri boyunca.","","","","","","legal_copy","","legal","inventory.legal.6e33a61a5818","extracted","not_started","not_required","not_started","false"
"legacy.legal.onay.sozlesme.kabul.kay.tlar.ispat.ve.dene.e2054977","legal","legal","P0","App/LegalDocuments/KVKK-Aydinlatma-ve-Acik-Riza-Metni.md","129","Onay/sözleşme kabul kayıtları: ispat ve denetim için gerekli süre boyunca.","","","","","","legal_copy","","legal","inventory.legal.e2054977f0fe","extracted","not_started","not_required","not_started","false"
"legacy.legal.destek.basvuru.ve.hesap.silme.kay.tlar.tal.741afd83","legal","legal","P0","App/LegalDocuments/KVKK-Aydinlatma-ve-Acik-Riza-Metni.md","130","Destek, başvuru ve hesap silme kayıtları: talebin niteliğine göre yasal zamanaşımı ve ispat süreleri boyunca.","","","","","","legal_copy","","legal","inventory.legal.741afd83fc9b","extracted","not_started","not_required","not_started","false"
"legacy.legal.sure.doldugunda.veya.kullan.c.silme.talebi.83ecc256","legal","legal","P0","App/LegalDocuments/KVKK-Aydinlatma-ve-Acik-Riza-Metni.md","132","Süre dolduğunda veya kullanıcı silme talebi verdiğinde veriler silinir, yok edilir veya","","","","","","legal_copy","","legal","inventory.legal.83ecc256ebec","extracted","not_started","not_required","not_started","false"
"legacy.legal.anonim.hale.getirilir.teknik.yedekler.ve.g.c42602cb","legal","legal","P0","App/LegalDocuments/KVKK-Aydinlatma-ve-Acik-Riza-Metni.md","133","anonim hale getirilir. Teknik yedekler ve güvenlik logları makul sürelerle kalabilir.","","","","","","legal_copy","","legal","inventory.legal.c42602cbb433","extracted","not_started","not_started","not_started","true"
"legacy.legal.hesap.silme.islemi.uygulama.icinde.profil..104fa8e2","legal","legal","P0","App/LegalDocuments/KVKK-Aydinlatma-ve-Acik-Riza-Metni.md","135","Hesap silme işlemi uygulama içinde Profil > Hesabımı sil / Delete Account yolundan","","","","","","legal_copy","","legal","inventory.legal.104fa8e207c4","extracted","not_started","not_required","not_started","false"
"legacy.legal.baslat.l.r.ve.tamamlan.r.e.posta.destek.ka.bab01aaf","legal","legal","P0","App/LegalDocuments/KVKK-Aydinlatma-ve-Acik-Riza-Metni.md","136","başlatılır ve tamamlanır. E-posta, destek kanalı veya web sitesi hesap silme için zorunlu","","","","","","legal_copy","","legal","inventory.legal.bab01aafbd07","extracted","not_started","not_required","not_started","false"
"legacy.legal.degildir.aktif.app.store.abonelikleri.appl.c0681a02","legal","legal","P0","App/LegalDocuments/KVKK-Aydinlatma-ve-Acik-Riza-Metni.md","137","değildir. Aktif App Store abonelikleri Apple ID abonelik ayarlarından yönetilir.","","","","","","legal_copy","","legal","inventory.legal.c0681a023b6c","extracted","not_started","not_required","not_started","false"
"legacy.legal.9.kullan.c.lar.n.ucuncu.kisi.verileri.bak..be72f825","legal","legal","P0","App/LegalDocuments/KVKK-Aydinlatma-ve-Acik-Riza-Metni.md","139","9. Kullanıcıların üçüncü kişi verileri bakımından sorumluluğu","","","","","","legal_copy","","legal","inventory.legal.be72f825c7fc","extracted","not_started","not_required","not_started","false"
"legacy.legal.yuklenen.fotograf.metin.firma.bilgisi.logo.859b955b","legal","legal","P0","App/LegalDocuments/KVKK-Aydinlatma-ve-Acik-Riza-Metni.md","141","Yüklenen fotoğraf, metin, firma bilgisi, logo veya raporlarda çalışan, müşteri,","","","","","","legal_copy","","legal","inventory.legal.859b955b0405","extracted","not_started","not_required","not_started","false"
"legacy.legal.ziyaretci.isveren.tesis.sahibi.ya.da.baska.1538a4a5","legal","legal","P0","App/LegalDocuments/KVKK-Aydinlatma-ve-Acik-Riza-Metni.md","142","ziyaretçi, işveren, tesis sahibi ya da başka üçüncü kişilere ait kişisel veri, ticari","","","","","","legal_copy","","legal","inventory.legal.1538a4a515fd","extracted","not_started","not_required","not_started","false"
"legacy.legal.s.r.veya.gizli.bilgi.bulunabilir.bu.verile.e8fc3cc8","legal","legal","P0","App/LegalDocuments/KVKK-Aydinlatma-ve-Acik-Riza-Metni.md","143","sır veya gizli bilgi bulunabilir. Bu verileri yüklemeden önce gerekli bilgilendirme,","","","","","","legal_copy","","legal","inventory.legal.e8fc3cc8d50f","extracted","not_started","not_required","not_started","false"
"legacy.legal.izin.ac.k.r.za.isveren.tesis.onay.ve.mevzu.ff5c79f3","legal","legal","P0","App/LegalDocuments/KVKK-Aydinlatma-ve-Acik-Riza-Metni.md","144","izin, açık rıza, işveren/tesis onayı ve mevzuat yükümlülüklerini yerine getirmek","","","","","","legal_copy","","legal","inventory.legal.ff5c79f36859","extracted","not_started","not_started","not_started","true"
"legacy.legal.kullan.c.n.n.sorumlulugundad.r.acfa6f90","legal","legal","P0","App/LegalDocuments/KVKK-Aydinlatma-ve-Acik-Riza-Metni.md","145","kullanıcının sorumluluğundadır.","","","","","","legal_copy","","legal","inventory.legal.acfa6f90119c","extracted","not_started","not_required","not_started","false"
"legacy.legal.10.kvkk.madde.11.kapsam.ndaki.haklar.881cfc19","legal","legal","P0","App/LegalDocuments/KVKK-Aydinlatma-ve-Acik-Riza-Metni.md","147","10. KVKK madde 11 kapsamındaki haklar","","","","","","legal_copy","","legal","inventory.legal.881cfc19a4cc","extracted","not_started","not_required","not_started","false"
"legacy.legal.kvkk.n.n.11.maddesi.uyar.nca.kisisel.veril.0f9228b2","legal","legal","P0","App/LegalDocuments/KVKK-Aydinlatma-ve-Acik-Riza-Metni.md","149","KVKK'nın 11. maddesi uyarınca kişisel verilerinizin işlenip işlenmediğini öğrenme,","","","","","","legal_copy","","legal","inventory.legal.0f9228b28b9a","extracted","not_started","not_required","not_started","false"
"legacy.legal.bilgi.talep.etme.amaca.uygun.kullan.l.p.ku.0260d442","legal","legal","P0","App/LegalDocuments/KVKK-Aydinlatma-ve-Acik-Riza-Metni.md","150","bilgi talep etme, amaca uygun kullanılıp kullanılmadığını öğrenme, aktarıldığı tarafları","","","","","","legal_copy","","legal","inventory.legal.0260d4425824","extracted","not_started","not_required","not_started","false"
"legacy.legal.bilme.duzeltme.silme.yok.etme.aktar.lan.uc.842a6125","legal","legal","P0","App/LegalDocuments/KVKK-Aydinlatma-ve-Acik-Riza-Metni.md","151","bilme, düzeltme, silme/yok etme, aktarılan üçüncü kişilere bildirilmesini isteme,","","","","","","legal_copy","","legal","inventory.legal.842a61252d4e","extracted","not_started","not_required","not_started","false"
"legacy.legal.otomatik.sistemlerle.aleyhinize.sonuc.c.km.24c89624","legal","legal","P0","App/LegalDocuments/KVKK-Aydinlatma-ve-Acik-Riza-Metni.md","152","otomatik sistemlerle aleyhinize sonuç çıkmasına itiraz etme ve kanuna aykırı işleme","","","","","","legal_copy","","legal","inventory.legal.24c89624115a","extracted","not_started","not_required","not_started","false"
"legacy.legal.nedeniyle.zarar.n.giderilmesini.talep.etme.b6bd98fc","legal","legal","P0","App/LegalDocuments/KVKK-Aydinlatma-ve-Acik-Riza-Metni.md","153","nedeniyle zararın giderilmesini talep etme haklarına sahipsiniz.","","","","","","legal_copy","","legal","inventory.legal.b6bd98fc2cec","extracted","not_started","not_required","not_started","false"
"legacy.legal.kvkk.kapsam.ndaki.basvuru.bilgi.duzeltme.i.e20cc896","legal","legal","P0","App/LegalDocuments/KVKK-Aydinlatma-ve-Acik-Riza-Metni.md","155","KVKK kapsamındaki başvuru, bilgi, düzeltme, itiraz, rıza geri çekme, veri erişimi ve","","","","","","legal_copy","","legal","inventory.legal.e20cc8969b68","extracted","not_started","not_required","not_started","false"
"legacy.legal.hukuki.taleplerinizi.info.riskdetected.com.6a93e9f1","legal","legal","P0","App/LegalDocuments/KVKK-Aydinlatma-ve-Acik-Riza-Metni.md","156","hukuki taleplerinizi info@riskdetected.com","","","","","","legal_copy","","legal","inventory.legal.6a93e9f1d501","extracted","not_started","not_required","not_started","false"
"legacy.legal.adresine.veya.eskisehir.adresine.iletebili.181587f6","legal","legal","P0","App/LegalDocuments/KVKK-Aydinlatma-ve-Acik-Riza-Metni.md","157","adresine veya Eskişehir adresine iletebilirsiniz. Uygulama içinde genel destek ve KVKK","","","","","","legal_copy","","legal","inventory.legal.181587f638cd","extracted","not_started","not_required","not_started","false"
"legacy.legal.basvurular.icin.profil.destek.kanal.da.kul.3600c843","legal","legal","P0","App/LegalDocuments/KVKK-Aydinlatma-ve-Acik-Riza-Metni.md","158","başvuruları için Profil > Destek kanalı da kullanılabilir.","","","","","","legal_copy","","legal","inventory.legal.3600c843686a","extracted","not_started","not_required","not_started","false"
"legacy.legal.hesap.silme.islemi.bu.destek.basvurular.nd.7ae066a2","legal","legal","P0","App/LegalDocuments/KVKK-Aydinlatma-ve-Acik-Riza-Metni.md","160","Hesap silme işlemi bu destek başvurularından ayrı olarak uygulama içinde Profil >","","","","","","legal_copy","","legal","inventory.legal.7ae066a2dcfb","extracted","not_started","not_required","not_started","false"
"legacy.legal.hesab.m.sil.delete.account.yolundan.baslat.71a6012c","legal","legal","P0","App/LegalDocuments/KVKK-Aydinlatma-ve-Acik-Riza-Metni.md","161","Hesabımı sil / Delete Account yolundan başlatılır ve tamamlanır. E-posta, destek kanalı","","","","","","legal_copy","","legal","inventory.legal.71a6012c5f96","extracted","not_started","not_required","not_started","false"
"legacy.legal.veya.web.sitesi.hesap.silme.icin.zorunlu.d.bc262592","legal","legal","P0","App/LegalDocuments/KVKK-Aydinlatma-ve-Acik-Riza-Metni.md","162","veya web sitesi hesap silme için zorunlu değildir.","","","","","","legal_copy","","legal","inventory.legal.bc2625929558","extracted","not_started","not_required","not_started","false"
"legacy.legal.11.otomatik.islem.ve.ai.karar.destegi.1d286f2c","legal","legal","P0","App/LegalDocuments/KVKK-Aydinlatma-ve-Acik-Riza-Metni.md","164","11. Otomatik işlem ve AI karar desteği","","","","","","legal_copy","","legal","inventory.legal.1d286f2cc6c4","extracted","not_started","not_required","not_started","false"
"legacy.legal.ai.analizleri.otomatik.sistemlerle.uretili.b3bce66a","legal","legal","P0","App/LegalDocuments/KVKK-Aydinlatma-ve-Acik-Riza-Metni.md","166","AI analizleri otomatik sistemlerle üretilir; ancak çıktı karar destek niteliğindedir.","","","","","","legal_copy","","legal","inventory.legal.b3bce66a9bc0","extracted","not_started","not_required","not_started","false"
"legacy.legal.riskdetected.resmi.uygunluk.karar.hukuki.g.68cd180a","legal","legal","P0","App/LegalDocuments/KVKK-Aydinlatma-ve-Acik-Riza-Metni.md","167","RiskDetected resmi uygunluk kararı, hukuki güvence, işveren/çalışan hakkında kesin","","","","","","legal_copy","","legal","inventory.legal.68cd180a67bb","extracted","not_started","not_required","not_started","false"
"legacy.legal.kusur.tespiti.veya.baglay.c.uzman.gorusu.v.cf599723","legal","legal","P0","App/LegalDocuments/KVKK-Aydinlatma-ve-Acik-Riza-Metni.md","168","kusur tespiti veya bağlayıcı uzman görüşü vermez. Nihai değerlendirme ve saha","","","","","","legal_copy","","legal","inventory.legal.cf59972315f2","extracted","not_started","not_required","not_started","false"
"legacy.legal.uygulamas.kullan.c.n.n.ve.yetkili.profesyo.907a87cf","legal","legal","P0","App/LegalDocuments/KVKK-Aydinlatma-ve-Acik-Riza-Metni.md","169","uygulaması kullanıcının ve yetkili profesyonellerin sorumluluğundadır.","","","","","","legal_copy","","legal","inventory.legal.907a87cf617e","extracted","not_started","not_required","not_started","false"
"legacy.legal.12.r.zan.n.geri.cekilmesi.3896c6a7","legal","legal","P0","App/LegalDocuments/KVKK-Aydinlatma-ve-Acik-Riza-Metni.md","171","12. Rızanın geri çekilmesi","","","","","","legal_copy","","legal","inventory.legal.3896c6a7aef3","extracted","not_started","not_required","not_started","false"
"legacy.legal.ac.k.r.zaya.dayal.islemlerde.r.zan.z.diled.259dc6ee","legal","legal","P0","App/LegalDocuments/KVKK-Aydinlatma-ve-Acik-Riza-Metni.md","173","Açık rızaya dayalı işlemlerde rızanızı dilediğiniz zaman","","","","","","legal_copy","","legal","inventory.legal.259dc6eee241","extracted","not_started","not_required","not_started","false"
"legacy.legal.info.riskdetected.com.uzerinden.veya.uygul.2114d849","legal","legal","P0","App/LegalDocuments/KVKK-Aydinlatma-ve-Acik-Riza-Metni.md","174","info@riskdetected.com üzerinden veya uygulama","","","","","","legal_copy","","legal","inventory.legal.2114d849b456","extracted","not_started","not_required","not_started","false"
"legacy.legal.ici.destek.ayar.kanallar.yla.geri.cekebili.9510a352","legal","legal","P0","App/LegalDocuments/KVKK-Aydinlatma-ve-Acik-Riza-Metni.md","175","içi destek/ayar kanallarıyla geri çekebilirsiniz. Rızanın geri çekilmesi, geri","","","","","","legal_copy","","legal","inventory.legal.9510a3527e1d","extracted","not_started","not_required","not_started","false"
"legacy.legal.cekmeden.onceki.hukuka.uygun.islemleri.etk.9fc7fad2","legal","legal","P0","App/LegalDocuments/KVKK-Aydinlatma-ve-Acik-Riza-Metni.md","176","çekmeden önceki hukuka uygun işlemleri etkilemez.","","","","","","legal_copy","","legal","inventory.legal.9fc7fad2e323","extracted","not_started","not_required","not_started","false"
"legacy.legal.r.za.geri.cekme.islemi.hesap.silme.islemin.61057fe5","legal","legal","P0","App/LegalDocuments/KVKK-Aydinlatma-ve-Acik-Riza-Metni.md","178","Rıza geri çekme işlemi hesap silme işleminden ayrıdır. Hesabınızı ve hesabınıza bağlı","","","","","","legal_copy","","legal","inventory.legal.61057fe54852","extracted","not_started","not_required","not_started","false"
"legacy.legal.uygulama.verilerini.silmek.isterseniz.uygu.8b39f870","legal","legal","P0","App/LegalDocuments/KVKK-Aydinlatma-ve-Acik-Riza-Metni.md","179","uygulama verilerini silmek isterseniz, uygulama içinde Profil > Hesabımı sil / Delete","","","","","","legal_copy","","legal","inventory.legal.8b39f870e98e","extracted","not_started","not_required","not_started","false"
"legacy.legal.account.yolunu.kullanabilirsiniz.bu.islem..61a1c760","legal","legal","P0","App/LegalDocuments/KVKK-Aydinlatma-ve-Acik-Riza-Metni.md","180","Account yolunu kullanabilirsiniz. Bu işlem için e-posta, destek kanalı veya web sitesi","","","","","","legal_copy","","legal","inventory.legal.61a1c760e2f2","extracted","not_started","not_required","not_started","false"
"legacy.legal.zorunlu.degildir.769b44b3","legal","legal","P0","App/LegalDocuments/KVKK-Aydinlatma-ve-Acik-Riza-Metni.md","181","zorunlu değildir.","","","","","","legal_copy","","legal","inventory.legal.769b44b3fe19","extracted","not_started","not_required","not_started","false"
"legacy.legal.13.iletisim.eeeddee0","legal","legal","P0","App/LegalDocuments/KVKK-Aydinlatma-ve-Acik-Riza-Metni.md","183","13. İletişim","","","","","","legal_copy","","legal","inventory.legal.eeeddee0cddd","extracted","not_started","not_required","not_started","false"
"legacy.legal.kvkk.gizlilik.veri.erisimi.r.za.geri.cekme.68ff71f3","legal","legal","P0","App/LegalDocuments/KVKK-Aydinlatma-ve-Acik-Riza-Metni.md","185","KVKK, gizlilik, veri erişimi, rıza geri çekme ve güvenlik talepleri için:","","","","","","legal_copy","","legal","inventory.legal.68ff71f3bc87","extracted","not_started","not_started","not_started","true"
"legacy.legal.e.posta.kep.info.riskdetected.com.776bb9c4","legal","legal","P0","App/LegalDocuments/KVKK-Aydinlatma-ve-Acik-Riza-Metni.md","187","E-posta/KEP: info@riskdetected.com","","","","","","legal_copy","","legal","inventory.legal.776bb9c48dcc","extracted","not_started","not_required","not_started","false"
"legacy.legal.adres.eskisehir.e721634d","legal","legal","P0","App/LegalDocuments/KVKK-Aydinlatma-ve-Acik-Riza-Metni.md","188","Adres: Eskişehir","","","","","","legal_copy","","legal","inventory.legal.e721634d782f","extracted","not_started","not_required","not_started","false"
"legacy.legal.web.sitesi.https.riskdetected.com.02458d59","legal","legal","P0","App/LegalDocuments/KVKK-Aydinlatma-ve-Acik-Riza-Metni.md","189","Web sitesi: https://riskdetected.com","","","","","","legal_copy","","legal","inventory.legal.02458d5977bb","extracted","not_started","not_required","not_started","false"
"legacy.legal.uygulama.ici.destek.ve.kvkk.basvuru.kanal..255f5142","legal","legal","P0","App/LegalDocuments/KVKK-Aydinlatma-ve-Acik-Riza-Metni.md","190","Uygulama içi destek ve KVKK başvuru kanalı: Profil > Destek","","","","","","legal_copy","","legal","inventory.legal.255f5142e031","extracted","not_started","not_required","not_started","false"
"legacy.legal.hesap.silme.bu.iletisim.kanallar.uzerinden.7305f03e","legal","legal","P0","App/LegalDocuments/KVKK-Aydinlatma-ve-Acik-Riza-Metni.md","192","Hesap silme, bu iletişim kanalları üzerinden yürütülen bir destek talebi değildir.","","","","","","legal_copy","","legal","inventory.legal.7305f03e8845","extracted","not_started","not_required","not_started","false"
"legacy.legal.hesab.n.z.ve.hesab.n.za.bagl.uygulama.veri.4dbfb9f1","legal","legal","P0","App/LegalDocuments/KVKK-Aydinlatma-ve-Acik-Riza-Metni.md","193","Hesabınızı ve hesabınıza bağlı uygulama verilerini silmek için uygulama içinde","","","","","","legal_copy","","legal","inventory.legal.4dbfb9f13672","extracted","not_started","not_required","not_started","false"
"legacy.legal.profil.hesab.m.sil.delete.account.yolunu.k.d33f399a","legal","legal","P0","App/LegalDocuments/KVKK-Aydinlatma-ve-Acik-Riza-Metni.md","194","Profil > Hesabımı sil / Delete Account yolunu kullanabilirsiniz. E-posta, destek","","","","","","legal_copy","","legal","inventory.legal.d33f399a3d83","extracted","not_started","not_required","not_started","false"
"legacy.legal.kanal.veya.web.sitesi.hesap.silme.icin.zor.d0ba9fdd","legal","legal","P0","App/LegalDocuments/KVKK-Aydinlatma-ve-Acik-Riza-Metni.md","195","kanalı veya web sitesi hesap silme için zorunlu değildir.","","","","","","legal_copy","","legal","inventory.legal.d0ba9fddb060","extracted","not_started","not_required","not_started","false"
"legacy.report.0.label.language.language.33270a61","report","pdf","P0","App/Services/PDFReportService.swift","231",")): \($0.label(language: language)) ·","","","","","","swift_output_copy","\($0.label(language: language)","reporting","inventory.pdf.33270a61b3fd","extracted","not_started","not_required","not_started","false"
"legacy.report.canvaslabel.analysis.canvas.language.langu.ccabb582","report","pdf","P0","App/Services/PDFReportService.swift","234",")): \(canvasLabel(analysis.canvas, language: language)) · \(findingCountText(input.findings.count, language: language))","","","","","","swift_output_copy","\(canvasLabel(analysis.canvas, language: language)|\(findingCountText(input.findings.count, language: language)","reporting","inventory.pdf.ccabb5821162","extracted","not_started","not_required","not_started","false"
"legacy.report.formatteddate.analysis.createdat.language..834c8912","report","pdf","P0","App/Services/PDFReportService.swift","234","\(formattedDate(analysis.createdAt, language: language)) · \(sectorPart)\(copy(language: language, tr:","","","","","","swift_output_copy","\(formattedDate(analysis.createdAt, language: language)|\(sectorPart)","reporting","inventory.pdf.834c89129af4","extracted","not_started","not_required","not_started","false"
"legacy.report.metin.analizi.e635a876","report","pdf","P0","App/Services/PDFReportService.swift","247","Metin Analizi","","","","","","swift_output_copy","","reporting","inventory.pdf.e635a87650fe","extracted","not_started","not_required","not_started","false"
"legacy.report.text.analysis.644abce7","report","pdf","P0","App/Services/PDFReportService.swift","247","Text Analysis","","","","","","swift_output_copy","","reporting","inventory.pdf.644abce7329e","extracted","not_started","not_required","not_started","false"
"legacy.report.fotograf.01bfce5f","report","pdf","P0","App/Services/PDFReportService.swift","252","Fotoğraf","","","","","","swift_output_copy","","reporting","inventory.pdf.01bfce5f25b2","extracted","not_started","not_required","not_started","false"
"legacy.report.uygunsuzluk.ozeti.dfda99e1","report","pdf","P0","App/Services/PDFReportService.swift","258","Uygunsuzluk Özeti","","","","","","swift_output_copy","","reporting","inventory.pdf.dfda99e107ee","extracted","not_started","not_started","not_started","true"
"legacy.report.input.findings.count.bulgu.tespit.edildi.b.87cfbd7f","report","pdf","P0","App/Services/PDFReportService.swift","263","\(input.findings.count) bulgu tespit edildi. Bulgular \(methodName(input.options.method, language: language)) metoduna göre önceliklendirilmiştir.","","","","","","swift_output_copy","\(input.findings.count)|\(methodName(input.options.method, language: language)","reporting","inventory.pdf.87cfbd7f55a8","extracted","not_started","not_required","not_started","false"
"legacy.report.input.findings.count.findings.were.identif.25b19096","report","pdf","P0","App/Services/PDFReportService.swift","264","\(input.findings.count) findings were identified and prioritised using the \(methodName(input.options.method, language: language)) method.","","","","","","swift_output_copy","\(input.findings.count)|\(methodName(input.options.method, language: language)","reporting","inventory.pdf.25b190967ae0","extracted","not_started","not_required","not_started","false"
"legacy.report.fine.kinney.metodu.referans.tablosu.aef5afc0","report","pdf","P0","App/Services/PDFReportService.swift","412","FINE-KINNEY METODU REFERANS TABLOSU","","","","","","swift_output_copy","","reporting","inventory.pdf.aef5afc047fa","extracted","not_started","not_required","not_started","false"
"legacy.report.5.5.l.type.matrix.reference.table.502c2328","report","pdf","P0","App/Services/PDFReportService.swift","413","5×5 L-TYPE MATRIX REFERENCE TABLE","","","","","","swift_output_copy","","reporting","inventory.pdf.502c2328635d","extracted","not_started","not_required","not_started","false"
"legacy.report.5x5.l.tipi.matris.referans.tablosu.4ade9dbe","report","pdf","P0","App/Services/PDFReportService.swift","413","5x5 L-TİPİ MATRİS REFERANS TABLOSU","","","","","","swift_output_copy","","reporting","inventory.pdf.4ade9dbe2956","extracted","not_started","not_required","not_started","false"
"legacy.report.hazard.and.risk.assessment.form.fine.kinne.8f2fc0d8","report","pdf","P0","App/Services/PDFReportService.swift","432","HAZARD AND RISK ASSESSMENT FORM (FINE-KINNEY)","","","","","","swift_output_copy","","reporting","inventory.pdf.8f2fc0d8b683","extracted","not_started","not_started","not_started","true"
"legacy.report.tehlike.ve.risk.degerlendirme.formu.fine.k.168ab5cc","report","pdf","P0","App/Services/PDFReportService.swift","432","TEHLİKE VE RİSK DEĞERLENDİRME FORMU (FINE-KINNEY)","","","","","","swift_output_copy","","reporting","inventory.pdf.168ab5cca501","extracted","not_started","not_required","not_started","false"
"legacy.report.hazard.and.risk.assessment.form.5.5.l.type.28260794","report","pdf","P0","App/Services/PDFReportService.swift","433","HAZARD AND RISK ASSESSMENT FORM (5×5 L-TYPE)","","","","","","swift_output_copy","","reporting","inventory.pdf.282607949ac8","extracted","not_started","not_started","not_started","true"
"legacy.report.tehlike.ve.risk.degerlendirme.formu.5x5.l..e5db6556","report","pdf","P0","App/Services/PDFReportService.swift","433","TEHLİKE VE RİSK DEĞERLENDİRME FORMU (5x5 L-TİPİ)","","","","","","swift_output_copy","","reporting","inventory.pdf.e5db6556822c","extracted","not_started","not_required","not_started","false"
"legacy.report.copy.language.input.options.language.tr.77ca2589","report","pdf","P0","App/Services/PDFReportService.swift","484","\(copy(language: input.options.language, tr:","","","","","","swift_output_copy","","reporting","inventory.pdf.77ca2589fcfe","extracted","not_started","not_required","not_started","false"
"legacy.report.expected.near.certain.76235124","report","pdf","P0","App/Services/PDFReportService.swift","521","Expected; near certain","","","","","","swift_output_copy","","reporting","inventory.pdf.76235124c392","extracted","not_started","not_required","not_started","false"
"legacy.report.high.quite.possible.46dd85f8","report","pdf","P0","App/Services/PDFReportService.swift","522","High; quite possible","","","","","","swift_output_copy","","reporting","inventory.pdf.46dd85f83d4a","extracted","not_started","not_required","not_started","false"
"legacy.report.possible.but.unlikely.04295ba0","report","pdf","P0","App/Services/PDFReportService.swift","524","Possible but unlikely","","","","","","swift_output_copy","","reporting","inventory.pdf.04295ba07d56","extracted","not_started","not_required","not_started","false"
"legacy.report.unexpected.but.possible.37851667","report","pdf","P0","App/Services/PDFReportService.swift","525","Unexpected but possible","","","","","","swift_output_copy","","reporting","inventory.pdf.37851667ddc0","extracted","not_started","not_required","not_started","false"
"legacy.report.not.expected.f070e361","report","pdf","P0","App/Services/PDFReportService.swift","526","Not expected","","","","","","swift_output_copy","","reporting","inventory.pdf.f070e36192c7","extracted","not_started","not_required","not_started","false"
"legacy.report.beklenir.kesin.cc7e44a4","report","pdf","P0","App/Services/PDFReportService.swift","529","Beklenir, kesin","","","","","","swift_output_copy","","reporting","inventory.pdf.cc7e44a49a03","extracted","not_started","not_required","not_started","false"
"legacy.report.yuksek.oldukca.mumkun.1a90ccca","report","pdf","P0","App/Services/PDFReportService.swift","530","Yüksek, oldukça mümkün","","","","","","swift_output_copy","","reporting","inventory.pdf.1a90ccca4503","extracted","not_started","not_required","not_started","false"
"legacy.report.olas.1ec361b0","report","pdf","P0","App/Services/PDFReportService.swift","531","Olası","","","","","","swift_output_copy","","reporting","inventory.pdf.1ec361b07c25","extracted","not_started","not_required","not_started","false"
"legacy.report.mumkun.fakat.dusuk.05e5e607","report","pdf","P0","App/Services/PDFReportService.swift","532","Mümkün fakat düşük","","","","","","swift_output_copy","","reporting","inventory.pdf.05e5e6072400","extracted","not_started","not_required","not_started","false"
"legacy.report.beklenmez.fakat.mumkun.92cf91e4","report","pdf","P0","App/Services/PDFReportService.swift","533","Beklenmez fakat mümkün","","","","","","swift_output_copy","","reporting","inventory.pdf.92cf91e4ca9b","extracted","not_started","not_required","not_started","false"
"legacy.report.likelihood.of.harm.77ec2a06","report","pdf","P0","App/Services/PDFReportService.swift","540","Likelihood of harm","","","","","","swift_output_copy","","reporting","inventory.pdf.77ec2a063cec","extracted","not_started","not_required","not_started","false"
"legacy.report.zarar.n.gerceklesme.olas.l.g.662cb3ff","report","pdf","P0","App/Services/PDFReportService.swift","540","Zararın gerçekleşme olasılığı","","","","","","swift_output_copy","","reporting","inventory.pdf.662cb3ffb098","extracted","not_started","not_required","not_started","false"
"legacy.report.almost.continuous.several.times.per.hour.b8d73307","report","pdf","P0","App/Services/PDFReportService.swift","547","Almost continuous / several times per hour","","","","","","swift_output_copy","","reporting","inventory.pdf.b8d733073948","extracted","not_started","not_required","not_started","false"
"legacy.report.frequent.once.or.several.times.per.day.f97d323d","report","pdf","P0","App/Services/PDFReportService.swift","548","Frequent / once or several times per day","","","","","","swift_output_copy","","reporting","inventory.pdf.f97d323d5591","extracted","not_started","not_required","not_started","false"
"legacy.report.occasional.several.times.per.week.a4cce700","report","pdf","P0","App/Services/PDFReportService.swift","549","Occasional / several times per week","","","","","","swift_output_copy","","reporting","inventory.pdf.a4cce70030de","extracted","not_started","not_required","not_started","false"
"legacy.report.infrequent.several.times.per.month.a401b8a7","report","pdf","P0","App/Services/PDFReportService.swift","550","Infrequent / several times per month","","","","","","swift_output_copy","","reporting","inventory.pdf.a401b8a79d98","extracted","not_started","not_required","not_started","false"
"legacy.report.rare.several.times.per.year.5064210d","report","pdf","P0","App/Services/PDFReportService.swift","551","Rare / several times per year","","","","","","swift_output_copy","","reporting","inventory.pdf.5064210d943e","extracted","not_started","not_required","not_started","false"
"legacy.report.very.rare.once.per.year.or.less.16e29809","report","pdf","P0","App/Services/PDFReportService.swift","552","Very rare / once per year or less","","","","","","swift_output_copy","","reporting","inventory.pdf.16e29809a08c","extracted","not_started","not_required","not_started","false"
"legacy.report.hemen.hemen.surekli.saatte.birkac.defa.ac8e01e6","report","pdf","P0","App/Services/PDFReportService.swift","555","Hemen hemen sürekli / saatte birkaç defa","","","","","","swift_output_copy","","reporting","inventory.pdf.ac8e01e61bb4","extracted","not_started","not_required","not_started","false"
"legacy.report.s.k.gunde.bir.veya.birkac.defa.e44b2013","report","pdf","P0","App/Services/PDFReportService.swift","556","Sık / günde bir veya birkaç defa","","","","","","swift_output_copy","","reporting","inventory.pdf.e44b20131a33","extracted","not_started","not_required","not_started","false"
"legacy.report.ara.s.ra.haftada.birkac.defa.715f2100","report","pdf","P0","App/Services/PDFReportService.swift","557","Ara sıra / haftada birkaç defa","","","","","","swift_output_copy","","reporting","inventory.pdf.715f2100485d","extracted","not_started","not_required","not_started","false"
"legacy.report.s.k.degil.ayda.birkac.defa.20f779ec","report","pdf","P0","App/Services/PDFReportService.swift","558","Sık değil / ayda birkaç defa","","","","","","swift_output_copy","","reporting","inventory.pdf.20f779ec4f46","extracted","not_started","not_required","not_started","false"
"legacy.report.seyrek.y.lda.birkac.defa.4276b430","report","pdf","P0","App/Services/PDFReportService.swift","559","Seyrek / yılda birkaç defa","","","","","","swift_output_copy","","reporting","inventory.pdf.4276b43048c7","extracted","not_started","not_required","not_started","false"
"legacy.report.cok.seyrek.y.lda.bir.veya.daha.az.cd9e35cd","report","pdf","P0","App/Services/PDFReportService.swift","560","Çok seyrek / yılda bir veya daha az","","","","","","swift_output_copy","","reporting","inventory.pdf.cd9e35cd1a60","extracted","not_started","not_required","not_started","false"
"legacy.report.exposure.frequency.8be5c9b8","report","pdf","P0","App/Services/PDFReportService.swift","566","Exposure frequency","","","","","","swift_output_copy","","reporting","inventory.pdf.8be5c9b8efa7","extracted","not_started","not_required","not_started","false"
"legacy.report.tehlikeye.maruz.kalma.tekrar.6046555c","report","pdf","P0","App/Services/PDFReportService.swift","566","Tehlikeye maruz kalma tekrarı","","","","","","swift_output_copy","","reporting","inventory.pdf.6046555c498e","extracted","not_started","not_required","not_started","false"
"legacy.report.multiple.fatalities.environmental.disaster.4e1d8076","report","pdf","P0","App/Services/PDFReportService.swift","573","Multiple fatalities / environmental disaster","","","","","","swift_output_copy","","reporting","inventory.pdf.4e1d8076a1cc","extracted","not_started","not_required","not_started","false"
"legacy.report.fatality.serious.environmental.harm.0104948c","report","pdf","P0","App/Services/PDFReportService.swift","574","Fatality / serious environmental harm","","","","","","swift_output_copy","","reporting","inventory.pdf.0104948c6cae","extracted","not_started","not_required","not_started","false"
"legacy.report.permanent.injury.or.work.loss.6ab61fb7","report","pdf","P0","App/Services/PDFReportService.swift","575","Permanent injury or work loss","","","","","","swift_output_copy","","reporting","inventory.pdf.6ab61fb77a1d","extracted","not_started","not_required","not_started","false"
"legacy.report.significant.injury.external.first.aid.df2a5d20","report","pdf","P0","App/Services/PDFReportService.swift","576","Significant injury / external first aid","","","","","","swift_output_copy","","reporting","inventory.pdf.df2a5d2072bb","extracted","not_started","not_required","not_started","false"
"legacy.report.minor.injury.on.site.first.aid.12141c16","report","pdf","P0","App/Services/PDFReportService.swift","577","Minor injury / on-site first aid","","","","","","swift_output_copy","","reporting","inventory.pdf.12141c16bfd6","extracted","not_started","not_required","not_started","false"
"legacy.report.near.miss.no.environmental.harm.6a3e58a4","report","pdf","P0","App/Services/PDFReportService.swift","578","Near miss / no environmental harm","","","","","","swift_output_copy","","reporting","inventory.pdf.6a3e58a4137e","extracted","not_started","not_required","not_started","false"
"legacy.report.birden.fazla.olumlu.kaza.cevresel.felaket.6d8da344","report","pdf","P0","App/Services/PDFReportService.swift","581","Birden fazla ölümlü kaza / çevresel felaket","","","","","","swift_output_copy","","reporting","inventory.pdf.6d8da3441956","extracted","not_started","not_required","not_started","false"
"legacy.report.olumlu.kaza.ciddi.cevresel.zarar.b936e112","report","pdf","P0","App/Services/PDFReportService.swift","582","Ölümlü kaza / ciddi çevresel zarar","","","","","","swift_output_copy","","reporting","inventory.pdf.b936e112d7ae","extracted","not_started","not_required","not_started","false"
"legacy.report.kal.c.hasar.veya.is.kayb.169f5854","report","pdf","P0","App/Services/PDFReportService.swift","583","Kalıcı hasar veya iş kaybı","","","","","","swift_output_copy","","reporting","inventory.pdf.169f5854e29f","extracted","not_started","not_required","not_started","false"
"legacy.report.onemli.yaralanma.d.s.ilk.yard.m.2a5ce42a","report","pdf","P0","App/Services/PDFReportService.swift","584","Önemli yaralanma / dış ilk yardım","","","","","","swift_output_copy","","reporting","inventory.pdf.2a5ce42a8100","extracted","not_started","not_required","not_started","false"
"legacy.report.kucuk.yaralanma.ic.ilk.yard.m.e5e51fc7","report","pdf","P0","App/Services/PDFReportService.swift","585","Küçük yaralanma / iç ilk yardım","","","","","","swift_output_copy","","reporting","inventory.pdf.e5e51fc7da33","extracted","not_started","not_required","not_started","false"
"legacy.report.ucuz.atlatma.cevresel.zarar.yok.8eae9fde","report","pdf","P0","App/Services/PDFReportService.swift","586","Ucuz atlatma / çevresel zarar yok","","","","","","swift_output_copy","","reporting","inventory.pdf.8eae9fde06c0","extracted","not_started","not_required","not_started","false"
"legacy.report.deger.1ab19a06","report","pdf","P0","App/Services/PDFReportService.swift","591","Değer","","","","","","swift_output_copy","","reporting","inventory.pdf.1ab19a062319","extracted","not_started","not_required","not_started","false"
"legacy.report.estimated.harm.to.people.environment.3f67cdad","report","pdf","P0","App/Services/PDFReportService.swift","592","Estimated harm to people/environment","","","","","","swift_output_copy","","reporting","inventory.pdf.3f67cdad1e3e","extracted","not_started","not_required","not_started","false"
"legacy.report.insan.cevre.uzerinde.tahmini.zarar.71ba1300","report","pdf","P0","App/Services/PDFReportService.swift","592","İnsan/çevre üzerinde tahmini zarar","","","","","","swift_output_copy","","reporting","inventory.pdf.71ba1300c360","extracted","not_started","not_required","not_started","false"
"legacy.report.stop.work.immediately.consider.isolating.t.89e4aa49","report","pdf","P0","App/Services/PDFReportService.swift","600","Stop work immediately; consider isolating the area.","","","","","","swift_output_copy","","reporting","inventory.pdf.89e4aa49e06d","extracted","not_started","not_required","not_started","false"
"legacy.report.act.as.soon.as.possible.76cdc34a","report","pdf","P0","App/Services/PDFReportService.swift","601","Act as soon as possible","","","","","","swift_output_copy","","reporting","inventory.pdf.76cdc34a9388","extracted","not_started","not_required","not_started","false"
"legacy.report.less.than.1.month.93cd795f","report","pdf","P0","App/Services/PDFReportService.swift","601","Less than 1 month","","","","","","swift_output_copy","","reporting","inventory.pdf.93cd795f9b09","extracted","not_started","not_required","not_started","false"
"legacy.report.restrict.activity.until.risk.is.reduced.337e953d","report","pdf","P0","App/Services/PDFReportService.swift","601","Restrict activity until risk is reduced.","","","","","","swift_output_copy","","reporting","inventory.pdf.337e953d5165","extracted","not_started","not_started","not_started","true"
"legacy.report.substantial.risk.beb66eb4","report","pdf","P0","App/Services/PDFReportService.swift","602","Substantial risk","","","","","","swift_output_copy","","reporting","inventory.pdf.beb66eb4438e","extracted","not_started","not_started","not_started","true"
"legacy.report.take.urgent.action.and.monitor.the.activit.908b8d2f","report","pdf","P0","App/Services/PDFReportService.swift","602","Take urgent action and monitor the activity.","","","","","","swift_output_copy","","reporting","inventory.pdf.908b8d2fad5e","extracted","not_started","not_required","not_started","false"
"legacy.report.start.a.corrective.action.plan.f6c8d992","report","pdf","P0","App/Services/PDFReportService.swift","603","Start a corrective action plan.","","","","","","swift_output_copy","","reporting","inventory.pdf.f6c8d992bdca","extracted","not_started","not_started","not_started","true"
"legacy.report.maintain.and.monitor.controls.2254b04e","report","pdf","P0","App/Services/PDFReportService.swift","604","Maintain and monitor controls.","","","","","","swift_output_copy","","reporting","inventory.pdf.2254b04ed5bc","extracted","not_started","not_required","not_started","false"
"legacy.report.possible.risk.6a1b042e","report","pdf","P0","App/Services/PDFReportService.swift","604","Possible risk","","","","","","swift_output_copy","","reporting","inventory.pdf.6a1b042ef295","extracted","not_started","not_started","not_started","true"
"legacy.report.additional.controls.may.not.be.required.604809c4","report","pdf","P0","App/Services/PDFReportService.swift","605","Additional controls may not be required.","","","","","","swift_output_copy","","reporting","inventory.pdf.604809c41355","extracted","not_started","not_required","not_started","false"
"legacy.report.is.derhal.durdurulur.tesis.cevre.kapat.lma.3ae78925","report","pdf","P0","App/Services/PDFReportService.swift","608","İş derhal durdurulur; tesis/çevre kapatılması düşünülebilir.","","","","","","swift_output_copy","","reporting","inventory.pdf.3ae789257555","extracted","not_started","not_required","not_started","false"
"legacy.report.tolerans.gosterilemez.518da713","report","pdf","P0","App/Services/PDFReportService.swift","608","Tolerans gösterilemez","","","","","","swift_output_copy","","reporting","inventory.pdf.518da713ec36","extracted","not_started","not_required","not_started","false"
"legacy.report.1.aydan.k.sa.7ca692cb","report","pdf","P0","App/Services/PDFReportService.swift","609","1 aydan kısa","","","","","","swift_output_copy","","reporting","inventory.pdf.7ca692cb20f5","extracted","not_started","not_required","not_started","false"
"legacy.report.en.k.sa.surede.giderilecek.042e651a","report","pdf","P0","App/Services/PDFReportService.swift","609","En kısa sürede giderilecek","","","","","","swift_output_copy","","reporting","inventory.pdf.042e651a1a5e","extracted","not_started","not_required","not_started","false"
"legacy.report.risk.kabul.edilebilir.seviyeye.dusene.kada.315f6a27","report","pdf","P0","App/Services/PDFReportService.swift","609","Risk kabul edilebilir seviyeye düşene kadar faaliyet kısıtlanır.","","","","","","swift_output_copy","","reporting","inventory.pdf.315f6a27227e","extracted","not_started","not_started","not_started","true"
"legacy.report.acil.onlem.al.n.r.ve.faaliyet.izlenir.d62ab782","report","pdf","P0","App/Services/PDFReportService.swift","610","Acil önlem alınır ve faaliyet izlenir.","","","","","","swift_output_copy","","reporting","inventory.pdf.d62ab78271cd","extracted","not_started","not_required","not_started","false"
"legacy.report.esasl.risk.72a78eb4","report","pdf","P0","App/Services/PDFReportService.swift","610","Esaslı risk","","","","","","swift_output_copy","","reporting","inventory.pdf.72a78eb43d54","extracted","not_started","not_started","not_started","true"
"legacy.report.duzeltici.faaliyet.plan.baslat.l.r.1dcf2943","report","pdf","P0","App/Services/PDFReportService.swift","611","Düzeltici faaliyet planı başlatılır.","","","","","","swift_output_copy","","reporting","inventory.pdf.1dcf29436bb9","extracted","not_started","not_required","not_started","false"
"legacy.report.onemli.risk.a53a7cd0","report","pdf","P0","App/Services/PDFReportService.swift","611","Önemli risk","","","","","","swift_output_copy","","reporting","inventory.pdf.a53a7cd0297a","extracted","not_started","not_started","not_started","true"
"legacy.report.1.y.l.939d01ba","report","pdf","P0","App/Services/PDFReportService.swift","612","1 yıl","","","","","","swift_output_copy","","reporting","inventory.pdf.939d01ba920b","extracted","not_started","not_required","not_started","false"
"legacy.report.kontroller.surdurulur.ve.izlenir.aff08c08","report","pdf","P0","App/Services/PDFReportService.swift","612","Kontroller sürdürülür ve izlenir.","","","","","","swift_output_copy","","reporting","inventory.pdf.aff08c080ab8","extracted","not_started","not_required","not_started","false"
"legacy.report.olas.risk.52b83fcc","report","pdf","P0","App/Services/PDFReportService.swift","612","Olası risk","","","","","","swift_output_copy","","reporting","inventory.pdf.52b83fcc0f50","extracted","not_started","not_started","not_started","true"
"legacy.report.ilave.kontrole.gerek.olmayabilir.d682828c","report","pdf","P0","App/Services/PDFReportService.swift","613","İlave kontrole gerek olmayabilir.","","","","","","swift_output_copy","","reporting","inventory.pdf.d682828cc364","extracted","not_started","not_required","not_started","false"
"legacy.report.onemsiz.risk.bc8c0eb3","report","pdf","P0","App/Services/PDFReportService.swift","613","Önemsiz risk","","","","","","swift_output_copy","","reporting","inventory.pdf.bc8c0eb365cd","extracted","not_started","not_started","not_started","true"
"legacy.report.risk.degeri.r.o.x.f.x.s.223f6b0e","report","pdf","P0","App/Services/PDFReportService.swift","616","RİSK DEĞERİ (R = O x F x Ş)","","","","","","swift_output_copy","","reporting","inventory.pdf.223f6b0ec441","extracted","not_started","not_required","not_started","false"
"legacy.report.risk.value.r.p.f.s.7147b203","report","pdf","P0","App/Services/PDFReportService.swift","616","RISK VALUE (R = P × F × S)","","","","","","swift_output_copy","","reporting","inventory.pdf.7147b2037b83","extracted","not_started","not_started","not_started","true"
"legacy.report.risk.degeri.ba8d9a28","report","pdf","P0","App/Services/PDFReportService.swift","618","Risk değeri","","","","","","swift_output_copy","","reporting","inventory.pdf.ba8d9a2836ec","extracted","not_started","not_started","not_started","true"
"legacy.report.risk.value.fbc87219","report","pdf","P0","App/Services/PDFReportService.swift","618","Risk value","","","","","","swift_output_copy","","reporting","inventory.pdf.fbc87219dbb0","extracted","not_started","not_started","not_started","true"
"legacy.report.risk.ad.ae24f3af","report","pdf","P0","App/Services/PDFReportService.swift","619","Risk adı","","","","","","swift_output_copy","","reporting","inventory.pdf.ae24f3afef19","extracted","not_started","not_started","not_started","true"
"legacy.report.very.unlikely.dddab97e","report","pdf","P0","App/Services/PDFReportService.swift","632","Very unlikely","","","","","","swift_output_copy","","reporting","inventory.pdf.dddab97e5054","extracted","not_started","not_required","not_started","false"
"legacy.report.very.likely.70d2cf25","report","pdf","P0","App/Services/PDFReportService.swift","636","Very likely","","","","","","swift_output_copy","","reporting","inventory.pdf.70d2cf2502b7","extracted","not_started","not_required","not_started","false"
"legacy.report.gerceklesme.ihtimali.cok.az.682aa9f1","report","pdf","P0","App/Services/PDFReportService.swift","639","Gerçekleşme ihtimali çok az","","","","","","swift_output_copy","","reporting","inventory.pdf.682aa9f157d4","extracted","not_started","not_required","not_started","false"
"legacy.report.gerceklesme.ihtimali.az.cb39f710","report","pdf","P0","App/Services/PDFReportService.swift","640","Gerçekleşme ihtimali az","","","","","","swift_output_copy","","reporting","inventory.pdf.cb39f710acc9","extracted","not_started","not_required","not_started","false"
"legacy.report.gerceklesme.ihtimali.var.b614267d","report","pdf","P0","App/Services/PDFReportService.swift","641","Gerçekleşme ihtimali var","","","","","","swift_output_copy","","reporting","inventory.pdf.b614267d38dc","extracted","not_started","not_required","not_started","false"
"legacy.report.gerceklesme.ihtimali.yuksek.14186b45","report","pdf","P0","App/Services/PDFReportService.swift","642","Gerçekleşme ihtimali yüksek","","","","","","swift_output_copy","","reporting","inventory.pdf.14186b45d335","extracted","not_started","not_required","not_started","false"
"legacy.report.gerceklesme.ihtimali.cok.yuksek.ba1c050b","report","pdf","P0","App/Services/PDFReportService.swift","643","Gerçekleşme ihtimali çok yüksek","","","","","","swift_output_copy","","reporting","inventory.pdf.ba1c050b2fc3","extracted","not_started","not_required","not_started","false"
"legacy.report.minor.injury.no.lost.time.5b3eb6d2","report","pdf","P0","App/Services/PDFReportService.swift","656","Minor injury / no lost time","","","","","","swift_output_copy","","reporting","inventory.pdf.5b3eb6d27c49","extracted","not_started","not_required","not_started","false"
"legacy.report.minor.injury.requiring.first.aid.8c07d7f1","report","pdf","P0","App/Services/PDFReportService.swift","657","Minor injury requiring first aid","","","","","","swift_output_copy","","reporting","inventory.pdf.8c07d7f1c468","extracted","not_started","not_required","not_started","false"
"legacy.report.lost.time.or.treatment.required.1ccea568","report","pdf","P0","App/Services/PDFReportService.swift","658","Lost time or treatment required","","","","","","swift_output_copy","","reporting","inventory.pdf.1ccea56824c3","extracted","not_started","not_required","not_started","false"
"legacy.report.long.term.absence.serious.injury.d3b32c96","report","pdf","P0","App/Services/PDFReportService.swift","659","Long-term absence / serious injury","","","","","","swift_output_copy","","reporting","inventory.pdf.d3b32c96a329","extracted","not_started","not_required","not_started","false"
"legacy.report.permanent.disability.or.fatality.33ef683b","report","pdf","P0","App/Services/PDFReportService.swift","660","Permanent disability or fatality","","","","","","swift_output_copy","","reporting","inventory.pdf.33ef683b22cc","extracted","not_started","not_required","not_started","false"
"legacy.report.hafif.yaralanmalar.is.gunu.kayb.yok.3db896d5","report","pdf","P0","App/Services/PDFReportService.swift","663","Hafif yaralanmalar / iş günü kaybı yok","","","","","","swift_output_copy","","reporting","inventory.pdf.3db896d55bda","extracted","not_started","not_required","not_started","false"
"legacy.report.ilk.yard.m.gerektiren.kucuk.yaralanma.6cb85689","report","pdf","P0","App/Services/PDFReportService.swift","664","İlk yardım gerektiren küçük yaralanma","","","","","","swift_output_copy","","reporting","inventory.pdf.6cb856892862","extracted","not_started","not_required","not_started","false"
"legacy.report.is.gunu.kayb.veya.tedavi.gerektiren.yarala.4cc1675c","report","pdf","P0","App/Services/PDFReportService.swift","665","İş günü kaybı veya tedavi gerektiren yaralanma","","","","","","swift_output_copy","","reporting","inventory.pdf.4cc1675c01b9","extracted","not_started","not_required","not_started","false"
"legacy.report.uzun.sureli.kay.p.ag.r.yaralanma.1a6b4cda","report","pdf","P0","App/Services/PDFReportService.swift","666","Uzun süreli kayıp / ağır yaralanma","","","","","","swift_output_copy","","reporting","inventory.pdf.1a6b4cda79dc","extracted","not_started","not_required","not_started","false"
"legacy.report.kal.c.is.goremezlik.veya.olum.a4052962","report","pdf","P0","App/Services/PDFReportService.swift","667","Kalıcı iş göremezlik veya ölüm","","","","","","swift_output_copy","","reporting","inventory.pdf.a40529628ef6","extracted","not_started","not_required","not_started","false"
"legacy.report.siddet.s.8a353bab","report","pdf","P0","App/Services/PDFReportService.swift","670","ŞİDDET (Ş)","","","","","","swift_output_copy","","reporting","inventory.pdf.8a353bab4a72","extracted","not_started","not_required","not_started","false"
"legacy.report.tan.m.441180be","report","pdf","P0","App/Services/PDFReportService.swift","673","Tanım","","","","","","swift_output_copy","","reporting","inventory.pdf.441180be7366","extracted","not_started","not_required","not_started","false"
"legacy.report.5.5.risk.matrix.r.p.s.f1bb3f67","report","pdf","P0","App/Services/PDFReportService.swift","681","5×5 Risk Matrix — R = P × S","","","","","","swift_output_copy","","reporting","inventory.pdf.f1bb3f67a7e7","extracted","not_started","not_started","not_started","true"
"legacy.report.5x5.risk.matrisi.r.o.x.s.68a629dc","report","pdf","P0","App/Services/PDFReportService.swift","681","5x5 Risk Matrisi - R = O x Ş","","","","","","swift_output_copy","","reporting","inventory.pdf.68a629dcec2f","extracted","not_started","not_started","not_started","true"
"legacy.report.o.s.c5b1d3b7","report","pdf","P0","App/Services/PDFReportService.swift","695","O / Ş","","","","","","swift_output_copy","","reporting","inventory.pdf.c5b1d3b71f1a","extracted","not_started","not_required","not_started","false"
"legacy.report.methodname.input.options.method.language.l.5916bc0b","report","pdf","P0","App/Services/PDFReportService.swift","722","\(methodName(input.options.method, language: language)) · R = \(methodFormula(input.options.method, language: language))","","","","","","swift_output_copy","\(methodName(input.options.method, language: language)|\(methodFormula(input.options.method, language: language)","reporting","inventory.pdf.5916bc0bd061","extracted","not_started","not_required","not_started","false"
"legacy.report.scoretext.top.language.language.ba7b250d","report","pdf","P0","App/Services/PDFReportService.swift","723",")): \(scoreText(top, language: language))","","","","","","swift_output_copy","\(scoreText(top, language: language)","reporting","inventory.pdf.ba7b250dc9e0","extracted","not_started","not_required","not_started","false"
"legacy.report.scoretext.total.language.language.95c878bb","report","pdf","P0","App/Services/PDFReportService.swift","724",")): \(scoreText(total, language: language))","","","","","","swift_output_copy","\(scoreText(total, language: language)","reporting","inventory.pdf.95c878bb10c8","extracted","not_started","not_required","not_started","false"
"legacy.report.not.provided.e34359ba","report","pdf","P0","App/Services/PDFReportService.swift","731","Not provided","","","","","","swift_output_copy","","reporting","inventory.pdf.e34359baed4a","extracted","not_started","not_required","not_started","false"
"legacy.report.kullan.c.59432b80","report","pdf","P0","App/Services/PDFReportService.swift","734","Kullanıcı","","","","","","swift_output_copy","","reporting","inventory.pdf.59432b80ba4e","extracted","not_started","not_required","not_started","false"
"legacy.report.company.not.provided.54a7df51","report","pdf","P0","App/Services/PDFReportService.swift","737","Company not provided","","","","","","swift_output_copy","","reporting","inventory.pdf.54a7df51760e","extracted","not_started","not_required","not_started","false"
"legacy.report.firma.belirtilmedi.53cc8e30","report","pdf","P0","App/Services/PDFReportService.swift","737","Firma belirtilmedi","","","","","","swift_output_copy","","reporting","inventory.pdf.53cc8e30ff9a","extracted","not_started","not_required","not_started","false"
"legacy.report.0.label.language.language.ef7209c1","report","pdf","P0","App/Services/PDFReportService.swift","742",")): \($0.label(language: language))","","","","","","swift_output_copy","\($0.label(language: language)","reporting","inventory.pdf.ef7209c15d62","extracted","not_started","not_required","not_started","false"
"legacy.report.analysis.title.copy.language.language.tr.37b949a7","report","pdf","P0","App/Services/PDFReportService.swift","745",")): \(analysis.title) \(copy(language: language, tr:","","","","","","swift_output_copy","\(analysis.title)","reporting","inventory.pdf.37b949a7549b","extracted","not_started","not_required","not_started","false"
"legacy.report.company.copy.language.language.tr.4c73c125","report","pdf","P0","App/Services/PDFReportService.swift","745",")): \(company) \(copy(language: language, tr:","","","","","","swift_output_copy","\(company)","reporting","inventory.pdf.4c73c12527e9","extracted","not_started","not_required","not_started","false"
"legacy.report.sectorline.copy.language.language.tr.788d2250","report","pdf","P0","App/Services/PDFReportService.swift","745","\(sectorLine)\(copy(language: language, tr:","","","","","","swift_output_copy","\(sectorLine)","reporting","inventory.pdf.788d2250b47a","extracted","not_started","not_required","not_started","false"
"legacy.report.prepared.copy.language.language.tr.60b648bb","report","pdf","P0","App/Services/PDFReportService.swift","752",")): \(prepared) \(copy(language: language, tr:","","","","","","swift_output_copy","\(prepared)","reporting","inventory.pdf.60b648bb222c","extracted","not_started","not_required","not_started","false"
"legacy.report.title.copy.language.language.tr.a62526fc","report","pdf","P0","App/Services/PDFReportService.swift","752",")): \(title) \(copy(language: language, tr:","","","","","","swift_output_copy","\(title)","reporting","inventory.pdf.a62526fc3ad0","extracted","not_started","not_required","not_started","false"
"legacy.report.formatteddate.analysis.createdat.language..9b21295e","report","pdf","P0","App/Services/PDFReportService.swift","759",")): \(formattedDate(analysis.createdAt, language: language)) \(copy(language: language, tr:","","","","","","swift_output_copy","\(formattedDate(analysis.createdAt, language: language)","reporting","inventory.pdf.9b21295eef24","extracted","not_started","not_required","not_started","false"
"legacy.report.activity.area.565e8ea2","report","pdf","P0","App/Services/PDFReportService.swift","807","Activity area","","","","","","swift_output_copy","","reporting","inventory.pdf.565e8ea2e3b3","extracted","not_started","not_required","not_started","false"
"legacy.report.control.measures.1f4fe8cd","report","pdf","P0","App/Services/PDFReportService.swift","807","Control measures","","","","","","swift_output_copy","","reporting","inventory.pdf.1f4fe8cdba79","extracted","not_started","not_started","not_started","true"
"legacy.report.hazardous.condition.behaviour.8f129cd5","report","pdf","P0","App/Services/PDFReportService.swift","807","Hazardous condition / behaviour","","","","","","swift_output_copy","","reporting","inventory.pdf.8f129cd5390b","extracted","not_started","not_required","not_started","false"
"legacy.report.risk.band.d0dc597a","report","pdf","P0","App/Services/PDFReportService.swift","807","Risk band","","","","","","swift_output_copy","","reporting","inventory.pdf.d0dc597a6085","extracted","not_started","not_started","not_started","true"
"legacy.report.faaliyet.alan.2ed1331d","report","pdf","P0","App/Services/PDFReportService.swift","811","Faaliyet Alanı","","","","","","swift_output_copy","","reporting","inventory.pdf.2ed1331d7759","extracted","not_started","not_required","not_started","false"
"legacy.report.onlem.kontrol.tedbirleri.e0e13623","report","pdf","P0","App/Services/PDFReportService.swift","811","Önlem / kontrol tedbirleri","","","","","","swift_output_copy","","reporting","inventory.pdf.e0e1362303d8","extracted","not_started","not_required","not_started","false"
"legacy.report.risk.derecesi.0b0bc3c8","report","pdf","P0","App/Services/PDFReportService.swift","811","Risk derecesi","","","","","","swift_output_copy","","reporting","inventory.pdf.0b0bc3c823e2","extracted","not_started","not_started","not_started","true"
"legacy.report.tehlikeli.durum.davran.s.7de9f5ab","report","pdf","P0","App/Services/PDFReportService.swift","811","Tehlikeli durum / davranış","","","","","","swift_output_copy","","reporting","inventory.pdf.7de9f5abd470","extracted","not_started","not_required","not_started","false"
"legacy.report.risk.kanit.0821abb1","report","pdf","P0","App/Services/PDFReportService.swift","994","RİSK / KANIT","","","","","","swift_output_copy","","reporting","inventory.pdf.0821abb19b70","extracted","not_started","not_required","not_started","false"
"legacy.report.onlem.kontrol.tedbirleri.56d6e82e","report","pdf","P0","App/Services/PDFReportService.swift","996","ÖNLEM / KONTROL TEDBİRLERİ","","","","","","swift_output_copy","","reporting","inventory.pdf.56d6e82ec986","extracted","not_started","not_required","not_started","false"
"legacy.report.copy.language.language.tr.c9032162","report","pdf","P0","App/Services/PDFReportService.swift","1011","\(copy(language: language, tr:","","","","","","swift_output_copy","","reporting","inventory.pdf.c903216250d3","extracted","not_started","not_required","not_started","false"
"legacy.report.duzeltici.onlem.df10fc14","report","pdf","P0","App/Services/PDFReportService.swift","1017","Düzeltici Önlem","","","","","","swift_output_copy","","reporting","inventory.pdf.df10fc146c44","extracted","not_started","not_required","not_started","false"
"legacy.report.onleyici.kontrol.0c8bae40","report","pdf","P0","App/Services/PDFReportService.swift","1019","Önleyici Kontrol","","","","","","swift_output_copy","","reporting","inventory.pdf.0c8bae4075a7","extracted","not_started","not_required","not_started","false"
"legacy.report.control.measure.ccde618b","report","pdf","P0","App/Services/PDFReportService.swift","1022","Control measure","","","","","","swift_output_copy","","reporting","inventory.pdf.ccde618b2782","extracted","not_started","not_started","not_started","true"
"legacy.report.kontrol.tedbiri.1eda5b9c","report","pdf","P0","App/Services/PDFReportService.swift","1022","Kontrol Tedbiri","","","","","","swift_output_copy","","reporting","inventory.pdf.1eda5b9c7b59","extracted","not_started","not_required","not_started","false"
"legacy.report.measurestext.copy.language.language.tr.946a8636","report","pdf","P0","App/Services/PDFReportService.swift","1028","\(measuresText)  \(copy(language: language, tr:","","","","","","swift_output_copy","\(measuresText)","reporting","inventory.pdf.946a86367753","extracted","not_started","not_required","not_started","false"
"legacy.report.date.unavailable.6370f98f","report","pdf","P0","App/Services/PDFReportService.swift","1257","Date unavailable","","","","","","swift_output_copy","","reporting","inventory.pdf.6370f98f9578","extracted","not_started","not_required","not_started","false"
"legacy.report.tarih.yok.dfd2bf98","report","pdf","P0","App/Services/PDFReportService.swift","1257","Tarih yok","","","","","","swift_output_copy","","reporting","inventory.pdf.dfd2bf988fe5","extracted","not_started","not_required","not_started","false"
"legacy.report.warning.signs.e6816f73","report","pdf","P0","App/Services/PDFReportService.swift","1277","Warning signs","","","","","","swift_output_copy","","reporting","inventory.pdf.e6816f734890","extracted","not_started","not_required","not_started","false"
"legacy.report.special.equipment.c3ff1c9a","report","pdf","P0","App/Services/PDFReportService.swift","1281","Special equipment","","","","","","swift_output_copy","","reporting","inventory.pdf.c3ff1c9ad2c9","extracted","not_started","not_required","not_started","false"
"legacy.report.workplace.measurements.e7608a45","report","pdf","P0","App/Services/PDFReportService.swift","1282","Workplace measurements","","","","","","swift_output_copy","","reporting","inventory.pdf.e7608a45ba1f","extracted","not_started","not_required","not_started","false"
"legacy.report.regulatory.review.165734b5","report","pdf","P0","App/Services/PDFReportService.swift","1285","Regulatory review","","","","","","swift_output_copy","","reporting","inventory.pdf.165734b51b80","extracted","not_started","not_required","not_started","false"
"legacy.report.working.at.height.1132edec","report","pdf","P0","App/Services/PDFReportService.swift","1286","Working at height","","","","","","swift_output_copy","","reporting","inventory.pdf.1132edec0e5b","extracted","not_started","not_required","not_started","false"
"legacy.report.mobile.equipment.cf94a65a","report","pdf","P0","App/Services/PDFReportService.swift","1287","Mobile equipment","","","","","","swift_output_copy","","reporting","inventory.pdf.cf94a65afde8","extracted","not_started","not_required","not_started","false"
"legacy.report.general.premium.8bb751f3","report","pdf","P0","App/Services/PDFReportService.swift","1288","General premium","","","","","","swift_output_copy","","reporting","inventory.pdf.8bb751f3f3e3","extracted","not_started","not_required","not_started","false"
"legacy.report.construction.machinery.a32e8c5f","report","pdf","P0","App/Services/PDFReportService.swift","1289","Construction machinery","","","","","","swift_output_copy","","reporting","inventory.pdf.a32e8c5f960c","extracted","not_started","not_required","not_started","false"
"legacy.report.acil.1.3.gun.94277a41","report","pdf","P0","App/Services/PDFReportService.swift","1315","Acil / 1-3 gün","","","","","","swift_output_copy","","reporting","inventory.pdf.94277a416604","extracted","not_started","not_required","not_started","false"
"legacy.report.7.gun.9558ab88","report","pdf","P0","App/Services/PDFReportService.swift","1316","7 gün","","","","","","swift_output_copy","","reporting","inventory.pdf.9558ab88fc52","extracted","not_started","not_required","not_started","false"
"legacy.report.15.gun.09dad5f0","report","pdf","P0","App/Services/PDFReportService.swift","1317","15 gün","","","","","","swift_output_copy","","reporting","inventory.pdf.09dad5f01dbe","extracted","not_started","not_required","not_started","false"
"legacy.report.30.gun.d6ecc89e","report","pdf","P0","App/Services/PDFReportService.swift","1318","30 gün","","","","","","swift_output_copy","","reporting","inventory.pdf.d6ecc89e94b9","extracted","not_started","not_required","not_started","false"
"legacy.report.degerlendirilecek.c91294a5","report","pdf","P0","App/Services/PDFReportService.swift","1319","Değerlendirilecek","","","","","","swift_output_copy","","reporting","inventory.pdf.c91294a5abaa","extracted","not_started","not_required","not_started","false"
"legacy.report.to.be.assessed.2b67ed89","report","pdf","P0","App/Services/PDFReportService.swift","1324","To be assessed","","","","","","swift_output_copy","","reporting","inventory.pdf.2b67ed899d31","extracted","not_started","not_required","not_started","false"
"legacy.report.count.findings.6c23dc7e","report","pdf","P0","App/Services/PDFReportService.swift","1339","\(count) findings","","","","","","swift_output_copy","\(count)","reporting","inventory.pdf.6c23dc7efd56","extracted","not_started","not_required","not_started","false"
"legacy.report.count.bulgu.a523859a","report","pdf","P0","App/Services/PDFReportService.swift","1341","\(count) bulgu","","","","","","swift_output_copy","\(count)","reporting","inventory.pdf.a523859a2e75","extracted","not_started","not_required","not_started","false"
"legacy.report.5.5.l.type.matrix.18ed5659","report","pdf","P0","App/Services/PDFReportService.swift","1347","5×5 L-Type Matrix","","","","","","swift_output_copy","","reporting","inventory.pdf.18ed565988d0","extracted","not_started","not_required","not_started","false"
"legacy.report.5.5.l.tipi.matris.78ad8b4f","report","pdf","P0","App/Services/PDFReportService.swift","1349","5×5 L-Tipi Matris","","","","","","swift_output_copy","","reporting","inventory.pdf.78ad8b4fbb19","extracted","not_started","not_required","not_started","false"
"legacy.report.p.f.s.fb7737b5","report","pdf","P0","App/Services/PDFReportService.swift","1355","P × F × S","","","","","","swift_output_copy","","reporting","inventory.pdf.fb7737b5e66d","extracted","not_started","not_required","not_started","false"
"legacy.report.p.s.cdab5097","report","pdf","P0","App/Services/PDFReportService.swift","1356","P × S","","","","","","swift_output_copy","","reporting","inventory.pdf.cdab5097ec40","extracted","not_started","not_required","not_started","false"
"legacy.report.o.f.s.d2bab01e","report","pdf","P0","App/Services/PDFReportService.swift","1357","O × F × Ş","","","","","","swift_output_copy","","reporting","inventory.pdf.d2bab01e0805","extracted","not_started","not_required","not_started","false"
"legacy.report.o.s.52b193b1","report","pdf","P0","App/Services/PDFReportService.swift","1358","O × Ş","","","","","","swift_output_copy","","reporting","inventory.pdf.52b193b158f0","extracted","not_started","not_required","not_started","false"
"legacy.report.high.risk.f22280d7","report","pdf","P0","App/Services/PDFReportService.swift","1386","High risk","","","","","","swift_output_copy","","reporting","inventory.pdf.f22280d75795","extracted","not_started","not_started","not_started","true"
"legacy.report.significant.risk.73df3926","report","pdf","P0","App/Services/PDFReportService.swift","1387","Significant risk","","","","","","swift_output_copy","","reporting","inventory.pdf.73df39265ded","extracted","not_started","not_started","not_started","true"
"legacy.report.low.risk.9a19f266","report","pdf","P0","App/Services/PDFReportService.swift","1388","Low risk","","","","","","swift_output_copy","","reporting","inventory.pdf.9a19f2667f58","extracted","not_started","not_started","not_started","true"
"legacy.report.minor.risk.7368054f","report","pdf","P0","App/Services/PDFReportService.swift","1388","Minor risk","","","","","","swift_output_copy","","reporting","inventory.pdf.7368054f31c2","extracted","not_started","not_started","not_started","true"
"legacy.report.bu.rapor.saha.guvenligi.degerlendirmesini..65a2dfa2","report","pdf","P0","App/Services/PDFReportService.swift","1396","Bu rapor saha güvenliği değerlendirmesini destekler; yetkili kişi değerlendirmesinin yerine geçmez ve mevzuata uygunluk kararı oluşturmaz.","","","","","","swift_output_copy","","reporting","inventory.pdf.65a2dfa26ba6","extracted","not_started","not_started","not_started","true"
"legacy.report.this.report.supports.a.safety.review.it.do.5a645053","report","pdf","P0","App/Services/PDFReportService.swift","1397","This report supports a safety review; it does not replace assessment by a competent person or determine legal compliance.","","","","","","swift_output_copy","","reporting","inventory.pdf.5a645053bd28","extracted","not_started","not_started","not_started","true"
"legacy.report.warehouse.inspection.7ea43eef","report","pdf","P0","App/Services/PDFReportService.swift","1409","Warehouse inspection","","","","","","swift_output_copy","","reporting","inventory.pdf.7ea43eefab9f","extracted","not_started","not_started","not_started","true"
"legacy.report.one.finding.requires.corrective.action.9ef9ced3","report","pdf","P0","App/Services/PDFReportService.swift","1413","One finding requires corrective action.","","","","","","swift_output_copy","","reporting","inventory.pdf.9ef9ced3e186","extracted","not_started","not_started","not_started","true"
"legacy.report.unprotected.loading.edge.89211d19","report","pdf","P0","App/Services/PDFReportService.swift","1442","Unprotected loading edge","","","","","","swift_output_copy","","reporting","inventory.pdf.89211d199252","extracted","not_started","not_required","not_started","false"
"legacy.report.fall.hazard.49606224","report","pdf","P0","App/Services/PDFReportService.swift","1443","Fall hazard","","","","","","swift_output_copy","","reporting","inventory.pdf.496062247884","extracted","not_started","not_started","not_started","true"
"legacy.report.the.loading.edge.has.no.physical.barrier.03619830","report","pdf","P0","App/Services/PDFReportService.swift","1445","The loading edge has no physical barrier.","","","","","","swift_output_copy","","reporting","inventory.pdf.03619830d9f9","extracted","not_started","not_required","not_started","false"
"legacy.report.corrective.action.1de1a297","report","pdf","P0","App/Services/PDFReportService.swift","1450","Corrective action","","","","","","swift_output_copy","","reporting","inventory.pdf.1de1a297cb6c","extracted","not_started","not_started","not_started","true"
"legacy.report.install.a.suitable.barrier.before.work.res.2cc25b3a","report","pdf","P0","App/Services/PDFReportService.swift","1451","Install a suitable barrier before work resumes.","","","","","","swift_output_copy","","reporting","inventory.pdf.2cc25b3a80f8","extracted","not_started","not_required","not_started","false"
"legacy.report.preventive.control.bd2a68eb","report","pdf","P0","App/Services/PDFReportService.swift","1455","Preventive control","","","","","","swift_output_copy","","reporting","inventory.pdf.bd2a68eba956","extracted","not_started","not_started","not_started","true"
"legacy.report.add.the.barrier.to.the.pre.use.inspection.eb8196a1","report","pdf","P0","App/Services/PDFReportService.swift","1456","Add the barrier to the pre-use inspection.","","","","","","swift_output_copy","","reporting","inventory.pdf.eb8196a1e5e3","extracted","not_started","not_started","not_started","true"
"legacy.report.user.provided.internal.procedure.ef8c5dda","report","pdf","P0","App/Services/PDFReportService.swift","1459","User-provided internal procedure","","","","","","swift_output_copy","","reporting","inventory.pdf.ef8c5dda9ffc","extracted","not_started","not_required","not_started","false"
"legacy.report.the.pre.use.inspection.did.not.cover.loadi.e827dd7c","report","pdf","P0","App/Services/PDFReportService.swift","1460","The pre-use inspection did not cover loading edges.","","","","","","swift_output_copy","","reporting","inventory.pdf.e827dd7cbe1d","extracted","not_started","not_started","not_started","true"
"legacy.report.test.operator.d7f352d4","report","pdf","P0","App/Services/PDFReportService.swift","1472","Test Operator","","","","","","swift_output_copy","","reporting","inventory.pdf.d7f352d4c2bb","extracted","not_started","not_required","not_started","false"
"legacy.report.safety.professional.d1f4fb91","report","pdf","P0","App/Services/PDFReportService.swift","1473","Safety professional","","","","","","swift_output_copy","","reporting","inventory.pdf.d1f4fb91c2af","extracted","not_started","not_started","not_started","true"
"legacy.report.test.company.c6ff469e","report","pdf","P0","App/Services/PDFReportService.swift","1475","Test Company","","","","","","swift_output_copy","","reporting","inventory.pdf.c6ff469ea5ce","extracted","not_started","not_required","not_started","false"
"legacy.report.finding.summary.897ec183","report","pdf","P0","App/Services/PDFReportService.swift","1503","Finding Summary","","","","","","swift_output_copy","","reporting","inventory.pdf.897ec18352cf","extracted","not_started","not_required","not_started","false"
"legacy.report.action.control.measures.4b6eba71","report","pdf","P0","App/Services/PDFReportService.swift","1505","ACTION / CONTROL MEASURES","","","","","","swift_output_copy","","reporting","inventory.pdf.4b6eba71ff3e","extracted","not_started","not_started","not_started","true"
"legacy.report.fine.kinney.method.reference.table.de4125a8","report","pdf","P0","App/Services/PDFReportService.swift","1506","FINE-KINNEY METHOD REFERENCE TABLE","","","","","","swift_output_copy","","reporting","inventory.pdf.de4125a86f6c","extracted","not_started","not_required","not_started","false"
"legacy.report.hazard.and.risk.assessment.form.975896c5","report","pdf","P0","App/Services/PDFReportService.swift","1507","HAZARD AND RISK ASSESSMENT FORM","","","","","","swift_output_copy","","reporting","inventory.pdf.975896c5ee80","extracted","not_started","not_started","not_started","true"
"legacy.report.root.cause.a197afe6","report","pdf","P0","App/Services/PDFReportService.swift","1508","Root cause","","","","","","swift_output_copy","","reporting","inventory.pdf.a197afe6a20e","extracted","not_started","not_required","not_started","false"
"legacy.report.this.report.supports.a.safety.review.e8c13163","report","pdf","P0","App/Services/PDFReportService.swift","1509","This report supports a safety review","","","","","","swift_output_copy","","reporting","inventory.pdf.e8c13163fdd3","extracted","not_started","not_started","not_started","true"
"legacy.report.isg.uzman.ddc9287e","report","pdf","P0","App/Services/PDFReportService.swift","1517","İSG Uzmanı","","","","","","swift_output_copy","","reporting","inventory.pdf.ddc9287eb48d","extracted","not_started","not_required","not_started","false"
"legacy.report.csgb.65dd8d05","report","pdf","P0","App/Services/PDFReportService.swift","1519","ÇSGB","","","","","","swift_output_copy","","reporting","inventory.pdf.65dd8d05da19","extracted","not_started","not_required","not_started","false"
"legacy.report.mevzuata.uygundur.36cc6fb4","report","pdf","P0","App/Services/PDFReportService.swift","1521","mevzuata uygundur","","","","","","swift_output_copy","","reporting","inventory.pdf.36cc6fb46fa9","extracted","not_started","not_required","not_started","false"
"legacy.report.yasal.uygunluk.9dcd5244","report","pdf","P0","App/Services/PDFReportService.swift","1522","yasal uygunluk","","","","","","swift_output_copy","","reporting","inventory.pdf.9dcd5244cb35","extracted","not_started","not_required","not_started","false"
"legacy.report.pdf.text.extraction.failed.for.kind.dfb82b55","report","pdf","P0","App/Services/PDFReportService.swift","1537","PDF text extraction failed for \(kind).","","","","","","swift_output_copy","\(kind)","reporting","inventory.pdf.dfb82b5581ad","extracted","not_started","not_required","not_started","false"
"legacy.report.required.pdf.marker.missing.marker.de692acc","report","pdf","P0","App/Services/PDFReportService.swift","1539","Required PDF marker missing: \(marker)","","","","","","swift_output_copy","\(marker)","reporting","inventory.pdf.de692accdc63","extracted","not_started","not_required","not_started","false"
"legacy.report.forbidden.pdf.marker.found.marker.895527de","report","pdf","P0","App/Services/PDFReportService.swift","1541","Forbidden PDF marker found: \(marker)","","","","","","swift_output_copy","\(marker)","reporting","inventory.pdf.895527dec8cb","extracted","not_started","not_required","not_started","false"
"legacy.permission_copy.infoplist.key.cfbundledisplayname.9936b077","permission_copy","plist","P0","Config/RiskDetectedInfo.plist","13","$(INFOPLIST_KEY_CFBundleDisplayName)","","","","","","permission_copy","","ios","inventory.plist.9936b0772430","extracted","not_started","not_required","not_started","false"
"legacy.permission_copy.riskdetected.saha.fotograflar.cekerek.is.g.6a7b50d4","permission_copy","plist","P0","Config/RiskDetectedInfo.plist","62","RiskDetected, saha fotoğrafları çekerek iş güvenliği analizi yapabilmek için kamerana ihtiyaç duyar.","","","","","","permission_copy","","ios","inventory.plist.6a7b50d4e5b2","extracted","not_started","not_started","not_started","true"
"legacy.permission_copy.saha.fotograflar.n.analiz.edebilmek.icin.g.4d6e1f27","permission_copy","plist","P0","Config/RiskDetectedInfo.plist","64","Saha fotoğraflarını analiz edebilmek için galerine erişim izni gerekiyor.","","","","","","permission_copy","","ios","inventory.plist.4d6e1f27e545","extracted","not_started","not_required","not_started","false"
"legacy.asc_metadata.tr.description.b96bd366","asc_metadata","asc_metadata","P1","docs/localization/baseline/ASC_DISCOVERY_RAW_2026-07-28.json","1","RiskDetected, iş güvenliği ve İSG risk analizi süreçlerinde saha fotoğrafı ile tehlike, uygunsuzluk ve riskleri değerlendirip PDF/Excel risk raporu hazırlamanıza yardımcı olur.

İş güvenliği uzmanları, OSGB ekipleri, işveren vekilleri ve saha sorumluları için geliştirilen RiskDetected; Fine-Kinney ve 5x5 Matris yöntemleriyle riskleri önceliklendirmeyi, kontrol tedbirlerini netleştirmeyi ve raporları arşivlemeyi kolaylaştırır.

Öne çıkan özellikler:
• Fotoğraf ile İSG risk analizi
• Fine-Kinney ve 5x5 Matris risk değerlendirme çıktıları
• PDF ve Excel risk raporu oluşturma
• Tehlike, uygunsuzluk ve kontrol tedbiri önerileri
• Rapor arşivi, indirme ve paylaşım
• Firma bilgisi, hazırlayan bilgisi ve logo ile rapor özelleştirme
• OSGB ve iş güvenliği uzmanları için saha denetim akışı
• KVKK ve gizlilik hassasiyetiyle veri yönetimi

RiskDetected; iş sağlığı ve güvenliği, risk değerlendirme, saha denetimi ve risk raporlama süreçlerinde zaman kazanmak isteyen profesyoneller için tasarlanmıştır.

Uygulama yapay zeka destekli analizler sunar. AI çıktıları profesyonel değerlendirme, mevzuat yorumu veya saha kontrolünün yerine geçmez. Nihai karar, kontrol ve uygunluk değerlendirmesi yetkili iş güvenliği uzmanı veya sorumlu kişi tarafından yapılmalıdır.

Bazı gelişmiş özellikler uygulama içi abonelik gerektirebilir. Abonelikler App Store üzerinden yönetilir.

Kullanım Koşulları: https://riskdetected.com/kullanim-kosullari
Gizlilik Politikası: https://riskdetected.com/gizlilik
Apple Standart Lisans Sözleşmesi (EULA): https://www.apple.com/legal/internet-services/itunes/dev/stdeula/","","","","","","asc_version_description","","aso","inventory.asc_metadata.b96bd366039a","extracted","not_started","not_started","not_started","true"
"legacy.asc_metadata.tr.keywords.5116085b","asc_metadata","asc_metadata","P1","docs/localization/baseline/ASC_DISCOVERY_RAW_2026-07-28.json","1","osgb,is güvenliği,is guvenligi,isg,değerlendirme,uzmanı,sağlığı,tehlike,tespit,5x5,matris","","","","","","asc_version_keywords","","aso","inventory.asc_metadata.5116085b0186","extracted","not_started","not_started","not_started","true"
"legacy.asc_metadata.tr.marketingurl.15db90a9","asc_metadata","asc_metadata","P1","docs/localization/baseline/ASC_DISCOVERY_RAW_2026-07-28.json","1","https://riskdetected.com","","","","","","asc_version_marketingUrl","","aso","inventory.asc_metadata.15db90a9004f","extracted","not_started","not_required","not_started","false"
"legacy.asc_metadata.tr.supporturl.651afc33","asc_metadata","asc_metadata","P1","docs/localization/baseline/ASC_DISCOVERY_RAW_2026-07-28.json","1","https://riskdetected.com","","","","","","asc_version_supportUrl","","aso","inventory.asc_metadata.651afc33c03f","extracted","not_started","not_required","not_started","false"
"legacy.asc_metadata.tr.whatsnew.bd59ca4c","asc_metadata","asc_metadata","P1","docs/localization/baseline/ASC_DISCOVERY_RAW_2026-07-28.json","1","• Bildirim tercihleri sadeleştirildi ve uygulama bildirimleri tek ayarda toplandı.
• Analiz ve rapor oluşturma akışlarının güvenilirliği artırıldı.
• Performans iyileştirmeleri ve hata düzeltmeleri yapıldı.","","","","","","asc_version_whatsNew","","aso","inventory.asc_metadata.bd59ca4c67be","extracted","not_started","not_required","not_started","false"
"legacy.asc_subscription.22089637.tr.name.2bfaacad","asc_subscription","asc_subscription","P1","docs/localization/baseline/ASC_DISCOVERY_RAW_2026-07-28.json","1","RiskDetected Planları","","","","","","asc_subscription_group_name","","monetization","inventory.asc_subscription.2bfaacad17e2","extracted","not_started","not_required","not_started","false"
"legacy.asc_subscription.6769501024.tr.description.0d0b1e17","asc_subscription","asc_subscription","P1","docs/localization/baseline/ASC_DISCOVERY_RAW_2026-07-28.json","1","Günlük analiz, gelişmiş canvas ve logolu raporlar.","","","","","","asc_subscription_description","","monetization","inventory.asc_subscription.0d0b1e17e903","extracted","not_started","not_required","not_started","false"
"legacy.asc_subscription.6769501024.tr.name.62e73906","asc_subscription","asc_subscription","P1","docs/localization/baseline/ASC_DISCOVERY_RAW_2026-07-28.json","1","RiskDetected Plus Aylık","","","","","","asc_subscription_name","","monetization","inventory.asc_subscription.62e73906b3ea","extracted","not_started","not_required","not_started","false"
"legacy.asc_subscription.6769501933.tr.description.92c8464e","asc_subscription","asc_subscription","P1","docs/localization/baseline/ASC_DISCOVERY_RAW_2026-07-28.json","1","Günlük analiz, gelişmiş canvas ve logolu raporlar.","","","","","","asc_subscription_description","","monetization","inventory.asc_subscription.92c8464e3686","extracted","not_started","not_required","not_started","false"
"legacy.asc_subscription.6769501933.tr.name.23d7e824","asc_subscription","asc_subscription","P1","docs/localization/baseline/ASC_DISCOVERY_RAW_2026-07-28.json","1","RiskDetected Plus Yıllık","","","","","","asc_subscription_name","","monetization","inventory.asc_subscription.23d7e824a2fb","extracted","not_started","not_required","not_started","false"
"legacy.asc_subscription.6769504185.tr.description.2a8315af","asc_subscription","asc_subscription","P1","docs/localization/baseline/ASC_DISCOVERY_RAW_2026-07-28.json","1","Tüm canvaslar, yüksek limitler ve sınırsız rapor.","","","","","","asc_subscription_description","","monetization","inventory.asc_subscription.2a8315afac32","extracted","not_started","not_required","not_started","false"
"legacy.asc_subscription.6769504185.tr.name.99d7523c","asc_subscription","asc_subscription","P1","docs/localization/baseline/ASC_DISCOVERY_RAW_2026-07-28.json","1","RiskDetected Pro Aylık","","","","","","asc_subscription_name","","monetization","inventory.asc_subscription.99d7523c899f","extracted","not_started","not_required","not_started","false"
"legacy.asc_subscription.6769504261.tr.description.04a7ad97","asc_subscription","asc_subscription","P1","docs/localization/baseline/ASC_DISCOVERY_RAW_2026-07-28.json","1","Tüm canvaslar, yüksek limitler ve sınırsız rapor.","","","","","","asc_subscription_description","","monetization","inventory.asc_subscription.04a7ad977f37","extracted","not_started","not_required","not_started","false"
"legacy.asc_subscription.6769504261.tr.name.e58bd2a2","asc_subscription","asc_subscription","P1","docs/localization/baseline/ASC_DISCOVERY_RAW_2026-07-28.json","1","RiskDetected Pro Yıllık","","","","","","asc_subscription_name","","monetization","inventory.asc_subscription.e58bd2a28ae9","extracted","not_started","not_required","not_started","false"
"legacy.legal.riskdetected.ac.k.r.za.beyan.b3c5cd51","legal","legal","P0","Legal/Acik-Riza-Beyani.md","1","RiskDetected Açık Rıza Beyanı","","","","","","legal_copy","","legal","inventory.legal.b3c5cd51197d","extracted","not_started","not_required","not_started","false"
"legacy.legal.yururluk.tarihi.8.temmuz.2026.f500180c","legal","legal","P0","Legal/Acik-Riza-Beyani.md","3","Yürürlük tarihi: 8 Temmuz 2026","","","","","","legal_copy","","legal","inventory.legal.f500180ce2c7","extracted","not_started","not_required","not_started","false"
"legacy.legal.belge.surumu.consent.2026.07.08.a98cebca","legal","legal","P0","Legal/Acik-Riza-Beyani.md","4","Belge sürümü: consent-2026-07-08","","","","","","legal_copy","","legal","inventory.legal.a98cebcae220","extracted","not_started","not_required","not_started","false"
"legacy.legal.bu.beyan.riskdetected.in.ac.k.r.zaya.dayal.0ce2306a","legal","legal","P0","Legal/Acik-Riza-Beyani.md","6","Bu beyan, RiskDetected'in açık rızaya dayalı veri işleme faaliyetleri için","","","","","","legal_copy","","legal","inventory.legal.0ce2306a8199","extracted","not_started","not_required","not_started","false"
"legacy.legal.haz.rlanm.st.r.ac.k.r.za.vermeniz.geri.cek.1acb1390","legal","legal","P0","Legal/Acik-Riza-Beyani.md","7","hazırlanmıştır. Açık rıza vermeniz, geri çekmeniz veya belirli rızaları vermemeniz","","","","","","legal_copy","","legal","inventory.legal.1acb13900f01","extracted","not_started","not_required","not_started","false"
"legacy.legal.durumunda.hangi.ozelliklerin.etkilenebilec.867daca7","legal","legal","P0","Legal/Acik-Riza-Beyani.md","8","durumunda hangi özelliklerin etkilenebileceği aşağıda açıklanır.","","","","","","legal_copy","","legal","inventory.legal.867daca72a6b","extracted","not_started","not_required","not_started","false"
"legacy.legal.1.ai.fotograf.analizi.r.zas.b4cd5e89","legal","legal","P0","Legal/Acik-Riza-Beyani.md","10","1. AI fotoğraf analizi rızası","","","","","","legal_copy","","legal","inventory.legal.b4cd5e89eb1a","extracted","not_started","not_required","not_started","false"
"legacy.legal.riskdetected.e.yukledigim.fotograflar.n.fo.59cd0d3b","legal","legal","P0","Legal/Acik-Riza-Beyani.md","12","RiskDetected'e yüklediğim fotoğrafların; fotoğrafta yer alabilecek kişi yüzleri,","","","","","","legal_copy","","legal","inventory.legal.59cd0d3b1859","extracted","not_started","not_required","not_started","false"
"legacy.legal.cal.san.ziyaretci.goruntuleri.is.k.yafetle.d70a7960","legal","legal","P0","Legal/Acik-Riza-Beyani.md","13","çalışan/ziyaretçi görüntüleri, iş kıyafetleri, ekipmanlar, firma adı/logo, tabela,","","","","","","legal_copy","","legal","inventory.legal.d70a79602974","extracted","not_started","not_required","not_started","false"
"legacy.legal.mekan.plaka.uretim.alan.ve.benzeri.gorsel..ee554e73","legal","legal","P0","Legal/Acik-Riza-Beyani.md","14","mekan, plaka, üretim alanı ve benzeri görsel bilgiler dahil olmak üzere, yapay zeka","","","","","","legal_copy","","legal","inventory.legal.ee554e73e63b","extracted","not_started","not_required","not_started","false"
"legacy.legal.destekli.risk.analizi.bulgu.uretimi.rapor..42019359","legal","legal","P0","Legal/Acik-Riza-Beyani.md","15","destekli risk analizi, bulgu üretimi, rapor oluşturma ve kalite/servis sürekliliği","","","","","","legal_copy","","legal","inventory.legal.42019359f460","extracted","not_started","not_started","not_started","true"
"legacy.legal.amac.yla.islenmesine.ac.k.r.za.veriyorum.9025cbf4","legal","legal","P0","Legal/Acik-Riza-Beyani.md","16","amacıyla işlenmesine açık rıza veriyorum.","","","","","","legal_copy","","legal","inventory.legal.9025cbf4ccef","extracted","not_started","not_required","not_started","false"
"legacy.legal.ai.c.kt.lar.n.n.karar.destek.niteliginde.o.3a490eb6","legal","legal","P0","Legal/Acik-Riza-Beyani.md","18","AI çıktılarının karar destek niteliğinde olduğunu; resmi denetim, hukuki güvence,","","","","","","legal_copy","","legal","inventory.legal.3a490eb6168b","extracted","not_started","not_required","not_started","false"
"legacy.legal.mevzuata.kesin.uygunluk.veya.baglay.c.uzma.fd11eac7","legal","legal","P0","Legal/Acik-Riza-Beyani.md","19","mevzuata kesin uygunluk veya bağlayıcı uzman görüşü olmadığını anlıyorum.","","","","","","legal_copy","","legal","inventory.legal.fd11eac776a6","extracted","not_started","not_required","not_started","false"
"legacy.legal.2.ozel.nitelikli.veri.icerebilecek.gorsell.707362cc","legal","legal","P0","Legal/Acik-Riza-Beyani.md","21","2. Özel nitelikli veri içerebilecek görseller","","","","","","legal_copy","","legal","inventory.legal.707362cca955","extracted","not_started","not_required","not_started","false"
"legacy.legal.yukledigim.fotograf.n.sagl.k.durumu.yarala.8e16ae3a","legal","legal","P0","Legal/Acik-Riza-Beyani.md","23","Yüklediğim fotoğrafın sağlık durumu, yaralanma, engellilik, iş kıyafeti/koruyucu","","","","","","legal_copy","","legal","inventory.legal.8e16ae3ae4de","extracted","not_started","not_required","not_started","false"
"legacy.legal.donan.m.dini.siyasi.sendikal.gostergeler.c.9dbb76b4","legal","legal","P0","Legal/Acik-Riza-Beyani.md","24","donanım, dini/siyasi/sendikal göstergeler, çocuk görüntüsü veya benzeri özel nitelikli","","","","","","legal_copy","","legal","inventory.legal.9dbb76b4bbd1","extracted","not_started","not_required","not_started","false"
"legacy.legal.kisisel.veri.icerebilecegini.biliyorum.bu..7f724580","legal","legal","P0","Legal/Acik-Riza-Beyani.md","25","kişisel veri içerebileceğini biliyorum. Bu tür verilerin yalnızca analiz, rapor üretimi,","","","","","","legal_copy","","legal","inventory.legal.7f724580358a","extracted","not_started","not_required","not_started","false"
"legacy.legal.guvenlik.ve.destek.amaclar.yla.s.n.rl.olar.bb5fb467","legal","legal","P0","Legal/Acik-Riza-Beyani.md","26","güvenlik ve destek amaçlarıyla sınırlı olarak işlenmesine açık rıza veriyorum.","","","","","","legal_copy","","legal","inventory.legal.bb5fb467dec6","extracted","not_started","not_started","not_started","true"
"legacy.legal.3.yurt.d.s.na.aktar.m.4a989cca","legal","legal","P0","Legal/Acik-Riza-Beyani.md","28","3. Yurt dışına aktarım","","","","","","legal_copy","","legal","inventory.legal.4a989cca4313","extracted","not_started","not_required","not_started","false"
"legacy.legal.riskdetected.in.ai.analizi.bulut.altyap.s..a8f52291","legal","legal","P0","Legal/Acik-Riza-Beyani.md","30","RiskDetected'in AI analizi, bulut altyapısı, dosya saklama, kimlik doğrulama, abonelik","","","","","","legal_copy","","legal","inventory.legal.a8f522911a12","extracted","not_started","not_required","not_started","false"
"legacy.legal.dogrulama.bildirim.guvenlik.teknik.destek..66d4667d","legal","legal","P0","Legal/Acik-Riza-Beyani.md","31","doğrulama, bildirim, güvenlik, teknik destek ve hata giderme süreçlerinde kişisel","","","","","","legal_copy","","legal","inventory.legal.66d4667d1933","extracted","not_started","not_started","not_started","true"
"legacy.legal.verilerimi.turkiye.d.s.nda.bulunan.hizmet..9591807d","legal","legal","P0","Legal/Acik-Riza-Beyani.md","32","verilerimi Türkiye dışında bulunan hizmet sağlayıcılarına aktarabileceğini ve bu","","","","","","legal_copy","","legal","inventory.legal.9591807d76de","extracted","not_started","not_required","not_started","false"
"legacy.legal.saglay.c.lar.n.verileri.yurt.d.s.nda.isley.4cca3945","legal","legal","P0","Legal/Acik-Riza-Beyani.md","33","sağlayıcıların verileri yurt dışında işleyebileceğini anladım. Bu aktarıma açık rıza","","","","","","legal_copy","","legal","inventory.legal.4cca394510bc","extracted","not_started","not_required","not_started","false"
"legacy.legal.kullan.labilecek.hizmet.saglay.c.gruplar.s.ecf93c8b","legal","legal","P0","Legal/Acik-Riza-Beyani.md","36","Kullanılabilecek hizmet sağlayıcı grupları Supabase, Google Gemini/Google AI, Groq,","","","","","","legal_copy","","legal","inventory.legal.ecf93c8b8d0e","extracted","not_started","not_required","not_started","false"
"legacy.legal.apple.revenuecat.apple.google.giris.servis.b22671a5","legal","legal","P0","Legal/Acik-Riza-Beyani.md","37","Apple, RevenueCat, Apple/Google giriş servisleri ve APNs gibi altyapıları içerebilir.","","","","","","legal_copy","","legal","inventory.legal.b22671a57ad8","extracted","not_started","not_required","not_started","false"
"legacy.legal.4.profil.firma.ve.rapor.gorselleri.fa8d3799","legal","legal","P0","Legal/Acik-Riza-Beyani.md","39","4. Profil, firma ve rapor görselleri","","","","","","legal_copy","","legal","inventory.legal.fa8d3799eaf9","extracted","not_started","not_required","not_started","false"
"legacy.legal.profil.fotograf.firma.logosu.veya.rapor.go.e2806611","legal","legal","P0","Legal/Acik-Riza-Beyani.md","41","Profil fotoğrafı, firma logosu veya rapor görseli yüklersem, bu görsellerin hesabımda,","","","","","","legal_copy","","legal","inventory.legal.e28066117cd6","extracted","not_started","not_required","not_started","false"
"legacy.legal.firma.kay.tlar.nda.rapor.c.kt.lar.nda.ve.i.17a5757f","legal","legal","P0","Legal/Acik-Riza-Beyani.md","42","firma kayıtlarında, rapor çıktılarında ve ilgili uygulama ekranlarında gösterilmesi","","","","","","legal_copy","","legal","inventory.legal.17a5757f1580","extracted","not_started","not_required","not_started","false"
"legacy.legal.icin.islenmesine.r.za.veriyorum.ucuncu.kis.55b92e60","legal","legal","P0","Legal/Acik-Riza-Beyani.md","43","için işlenmesine rıza veriyorum. Üçüncü kişilere veya kurumlara ait logo/görsel","","","","","","legal_copy","","legal","inventory.legal.55b92e602dc7","extracted","not_started","not_required","not_started","false"
"legacy.legal.kullan.yorsam.gerekli.izinleri.ald.g.m.kab.000a5a61","legal","legal","P0","Legal/Acik-Riza-Beyani.md","44","kullanıyorsam gerekli izinleri aldığımı kabul ederim.","","","","","","legal_copy","","legal","inventory.legal.000a5a612280","extracted","not_started","not_required","not_started","false"
"legacy.legal.5.mesleki.ilerleme.ve.bildirimler.7516ce62","legal","legal","P0","Legal/Acik-Riza-Beyani.md","46","5. Mesleki ilerleme ve bildirimler","","","","","","legal_copy","","legal","inventory.legal.7516ce62bf86","extracted","not_started","not_required","not_started","false"
"legacy.legal.analiz.rapor.ve.bulgu.kay.tlar.mdan.mdp.uy.4f5a11bb","legal","legal","P0","Legal/Acik-Riza-Beyani.md","48","Analiz, rapor ve bulgu kayıtlarımdan MDP, uygulama içi ünvan, rozet, yetkinlik","","","","","","legal_copy","","legal","inventory.legal.4f5a11bb7371","extracted","not_started","not_required","not_started","false"
"legacy.legal.haritas.haftal.k.takip.ve.basar.mesajlar.u.6ac232a7","legal","legal","P0","Legal/Acik-Riza-Beyani.md","49","haritası, haftalık takip ve başarı mesajları üretilmesine rıza veriyorum. Bu","","","","","","legal_copy","","legal","inventory.legal.6ac232a79abf","extracted","not_started","not_required","not_started","false"
"legacy.legal.gostergelerin.resmi.sertifika.veya.mesleki.b19e482b","legal","legal","P0","Legal/Acik-Riza-Beyani.md","50","göstergelerin resmi sertifika veya mesleki yetki olmadığını anlıyorum.","","","","","","legal_copy","","legal","inventory.legal.b19e482bedc1","extracted","not_started","not_required","not_started","false"
"legacy.legal.bildirim.izni.verirsem.analiz.tamamland.ra.26cec99e","legal","legal","P0","Legal/Acik-Riza-Beyani.md","52","Bildirim izni verirsem analiz tamamlandı, rapor hazır, hesap durumu, haftalık/aylık","","","","","","legal_copy","","legal","inventory.legal.26cec99e67ac","extracted","not_started","not_required","not_started","false"
"legacy.legal.mesleki.ozet.rozet.ve.unvan.gibi.bildiriml.88bc07d2","legal","legal","P0","Legal/Acik-Riza-Beyani.md","53","mesleki özet, rozet ve ünvan gibi bildirimlerin gönderilebileceğini kabul ederim.","","","","","","legal_copy","","legal","inventory.legal.88bc07d22712","extracted","not_started","not_required","not_started","false"
"legacy.legal.bildirimleri.ios.ayarlar.ndan.veya.uygulam.976fd1ed","legal","legal","P0","Legal/Acik-Riza-Beyani.md","54","Bildirimleri iOS ayarlarından veya uygulama içinden kapatabilirim.","","","","","","legal_copy","","legal","inventory.legal.976fd1ed636b","extracted","not_started","not_required","not_started","false"
"legacy.legal.6.ticari.elektronik.ileti.eacd34d0","legal","legal","P0","Legal/Acik-Riza-Beyani.md","56","6. Ticari elektronik ileti","","","","","","legal_copy","","legal","inventory.legal.eacd34d0c370","extracted","not_started","not_required","not_started","false"
"legacy.legal.riskdetected.in.kampanya.urun.duyurusu.vey.5249aea9","legal","legal","P0","Legal/Acik-Riza-Beyani.md","58","RiskDetected'in kampanya, ürün duyurusu veya pazarlama iletişimi göndermesine yalnızca","","","","","","legal_copy","","legal","inventory.legal.5249aea9e069","extracted","not_started","not_required","not_started","false"
"legacy.legal.ayr.ca.ve.ac.kca.onay.verirsem.r.za.vermis.bdbd486f","legal","legal","P0","Legal/Acik-Riza-Beyani.md","59","ayrıca ve açıkça onay verirsem rıza vermiş olurum. Pazarlama rızası varsayılan olarak","","","","","","legal_copy","","legal","inventory.legal.bdbd486f911b","extracted","not_started","not_required","not_started","false"
"legacy.legal.verilmis.say.lmaz.ve.istedigim.zaman.geri..2532c772","legal","legal","P0","Legal/Acik-Riza-Beyani.md","60","verilmiş sayılmaz ve istediğim zaman geri çekilebilir.","","","","","","legal_copy","","legal","inventory.legal.2532c7724999","extracted","not_started","not_required","not_started","false"
"legacy.legal.7.r.zay.geri.cekme.a4883e1c","legal","legal","P0","Legal/Acik-Riza-Beyani.md","62","7. Rızayı geri çekme","","","","","","legal_copy","","legal","inventory.legal.a4883e1ce633","extracted","not_started","not_required","not_started","false"
"legacy.legal.ac.k.r.zam.diledigim.zaman.c3fb6fe5","legal","legal","P0","Legal/Acik-Riza-Beyani.md","64","Açık rızamı dilediğim zaman","","","","","","legal_copy","","legal","inventory.legal.c3fb6fe5aa24","extracted","not_started","not_required","not_started","false"
"legacy.legal.info.riskdetected.com.uzerinden.veya.uygul.dabccb74","legal","legal","P0","Legal/Acik-Riza-Beyani.md","65","info@riskdetected.com üzerinden veya uygulama","","","","","","legal_copy","","legal","inventory.legal.dabccb741ea3","extracted","not_started","not_required","not_started","false"
"legacy.legal.ici.destek.ayar.kanallar.yla.geri.cekebili.8d89f6ce","legal","legal","P0","Legal/Acik-Riza-Beyani.md","66","içi destek/ayar kanallarıyla geri çekebilirim. Rızanın geri çekilmesi, geri çekmeden","","","","","","legal_copy","","legal","inventory.legal.8d89f6ce24a1","extracted","not_started","not_required","not_started","false"
"legacy.legal.once.yap.lan.islemlerin.hukuka.uygunlugunu.2f85dad0","legal","legal","P0","Legal/Acik-Riza-Beyani.md","67","önce yapılan işlemlerin hukuka uygunluğunu etkilemez. Rıza geri çekildiğinde","","","","","","legal_copy","","legal","inventory.legal.2f85dad07ddf","extracted","not_started","not_required","not_started","false"
"legacy.legal.fotograf.analizi.rapor.uretimi.avatar.logo.f5d68075","legal","legal","P0","Legal/Acik-Riza-Beyani.md","68","fotoğraf analizi, rapor üretimi, avatar/logo gösterimi, bildirim veya mesleki","","","","","","legal_copy","","legal","inventory.legal.f5d68075177d","extracted","not_started","not_required","not_started","false"
"legacy.legal.ilerleme.gibi.baz.ozellikler.teknik.olarak.84af482b","legal","legal","P0","Legal/Acik-Riza-Beyani.md","69","ilerleme gibi bazı özellikler teknik olarak sunulamayabilir.","","","","","","legal_copy","","legal","inventory.legal.84af482b73e5","extracted","not_started","not_required","not_started","false"
"legacy.legal.r.za.geri.cekme.islemi.hesap.silme.islemin.b43c026e","legal","legal","P0","Legal/Acik-Riza-Beyani.md","71","Rıza geri çekme işlemi hesap silme işleminden ayrıdır. Hesabımı ve hesabıma bağlı","","","","","","legal_copy","","legal","inventory.legal.b43c026e9fe3","extracted","not_started","not_required","not_started","false"
"legacy.legal.uygulama.verilerini.silmek.istersem.uygula.10f519cc","legal","legal","P0","Legal/Acik-Riza-Beyani.md","72","uygulama verilerini silmek istersem, uygulama içinde Profil > Hesabımı sil / Delete","","","","","","legal_copy","","legal","inventory.legal.10f519cc8785","extracted","not_started","not_required","not_started","false"
"legacy.legal.account.yolunu.kullanabilirim.hesap.silme..898b2397","legal","legal","P0","Legal/Acik-Riza-Beyani.md","73","Account yolunu kullanabilirim. Hesap silme işlemi uygulama içinde başlatılır ve","","","","","","legal_copy","","legal","inventory.legal.898b239713b4","extracted","not_started","not_required","not_started","false"
"legacy.legal.tamamlan.r.e.posta.destek.kanal.veya.web.s.d5e2bca3","legal","legal","P0","Legal/Acik-Riza-Beyani.md","74","tamamlanır; e-posta, destek kanalı veya web sitesi hesap silme için zorunlu değildir.","","","","","","legal_copy","","legal","inventory.legal.d5e2bca3f293","extracted","not_started","not_required","not_started","false"
"legacy.legal.riskdetected.cerez.politikas.5e6e168d","legal","legal","P0","Legal/Cerez-Politikasi.md","1","RiskDetected Çerez Politikası","","","","","","legal_copy","","legal","inventory.legal.5e6e168d4f3d","extracted","not_started","not_required","not_started","false"
"legacy.legal.yururluk.tarihi.30.may.s.2026.a0edda76","legal","legal","P0","Legal/Cerez-Politikasi.md","3","Yürürlük tarihi: 30 Mayıs 2026","","","","","","legal_copy","","legal","inventory.legal.a0edda766e40","extracted","not_started","not_required","not_started","false"
"legacy.legal.belge.surumu.cookies.2026.05.30.d4edac90","legal","legal","P0","Legal/Cerez-Politikasi.md","4","Belge sürümü: cookies-2026-05-30","","","","","","legal_copy","","legal","inventory.legal.d4edac90b6d4","extracted","not_started","not_required","not_started","false"
"legacy.legal.bu.cerez.politikas.riskdetected.web.sitesi.5b53a2b6","legal","legal","P0","Legal/Cerez-Politikasi.md","6","Bu Çerez Politikası, RiskDetected web sitesi (https://riskdetected.com) ve iOS mobil uygulamasında çerez, yerel depolama ve benzeri tanımlayıcıların nasıl kullanıldığını açıklar. Politika; Gizlilik Politikası, KVKK Aydınlatma Metni ve Açık Rıza Beyanı'nın tamamlayıcısıdır.","","","","","","legal_copy","","legal","inventory.legal.5b53a2b62740","extracted","not_started","not_required","not_started","false"
"legacy.legal.hizmet.saglay.c.c2fb4488","legal","legal","P0","Legal/Cerez-Politikasi.md","8","Hizmet sağlayıcı:","","","","","","legal_copy","","legal","inventory.legal.c2fb4488693f","extracted","not_started","not_required","not_started","false"
"legacy.legal.veri.sorumlusu.riskdetected.0b929fd2","legal","legal","P0","Legal/Cerez-Politikasi.md","10","Veri sorumlusu: Riskdetected","","","","","","legal_copy","","legal","inventory.legal.0b929fd2e221","extracted","not_started","not_required","not_started","false"
"legacy.legal.1.cerez.nedir.760b245e","legal","legal","P0","Legal/Cerez-Politikasi.md","16","1. Çerez nedir?","","","","","","legal_copy","","legal","inventory.legal.760b245ed8a9","extracted","not_started","not_required","not_started","false"
"legacy.legal.cerez.cookie.bir.web.sitesini.ziyaret.etti.6d97159d","legal","legal","P0","Legal/Cerez-Politikasi.md","18","Çerez (cookie), bir web sitesini ziyaret ettiğinizde tarayıcınızın cihazınıza kaydettiği küçük metin dosyalarıdır. Çerezler oturumu sürdürür, performansı ölçer ve hizmeti güvenli tutar. Çerez dışında; local storage, session storage, piksel, beacon ve mobil cihaz tanımlayıcıları gibi benzer teknolojiler de kullanılabilir. Bu Politikada bu teknolojilerin tamamı topluca ""çerez ve benzeri tanımlayıcılar"" olarak anılır.","","","","","","legal_copy","","legal","inventory.legal.6d97159d9b55","extracted","not_started","not_started","not_started","true"
"legacy.legal.2.cerezleri.neden.kullan.yoruz.8102f4d4","legal","legal","P0","Legal/Cerez-Politikasi.md","20","2. Çerezleri neden kullanıyoruz?","","","","","","legal_copy","","legal","inventory.legal.8102f4d4714d","extracted","not_started","not_required","not_started","false"
"legacy.legal.riskdetected.cerezleri.yaln.zca.asag.daki..ccaf09b6","legal","legal","P0","Legal/Cerez-Politikasi.md","22","RiskDetected çerezleri yalnızca aşağıdaki amaçlarla kullanır:","","","","","","legal_copy","","legal","inventory.legal.ccaf09b67777","extracted","not_started","not_required","not_started","false"
"legacy.legal.site.ve.uygulaman.n.temel.islevlerini.cal..31f110b1","legal","legal","P0","Legal/Cerez-Politikasi.md","24","Site ve uygulamanın temel işlevlerini çalıştırmak (oturum, güvenlik, yönlendirme).","","","","","","legal_copy","","legal","inventory.legal.31f110b12f8b","extracted","not_started","not_started","not_started","true"
"legacy.legal.taray.c.ve.cihaz.uyumlulugunu.saglamak.d33d4498","legal","legal","P0","Legal/Cerez-Politikasi.md","25","Tarayıcı ve cihaz uyumluluğunu sağlamak.","","","","","","legal_copy","","legal","inventory.legal.d33d44988093","extracted","not_started","not_required","not_started","false"
"legacy.legal.bot.otomatik.kotuye.kullan.m.ve.ddos.sald..03502886","legal","legal","P0","Legal/Cerez-Politikasi.md","26","Bot, otomatik kötüye kullanım ve DDoS saldırılarına karşı koruma sağlamak.","","","","","","legal_copy","","legal","inventory.legal.035028867be6","extracted","not_started","not_required","not_started","false"
"legacy.legal.anonim.toplu.istatistiklerle.sayfa.perform.200f3923","legal","legal","P0","Legal/Cerez-Politikasi.md","27","Anonim toplu istatistiklerle sayfa performansını ve hızını ölçmek.","","","","","","legal_copy","","legal","inventory.legal.200f3923c687","extracted","not_started","not_required","not_started","false"
"legacy.legal.hata.cokme.ve.yavaslama.durumlar.n.teshis..a77d52b8","legal","legal","P0","Legal/Cerez-Politikasi.md","28","Hata, çökme ve yavaşlama durumlarını teşhis etmek.","","","","","","legal_copy","","legal","inventory.legal.a77d52b81a33","extracted","not_started","not_required","not_started","false"
"legacy.legal.abonelik.odeme.ve.kimlik.dogrulama.ak.slar.d3936726","legal","legal","P0","Legal/Cerez-Politikasi.md","29","Abonelik, ödeme ve kimlik doğrulama akışlarını yürütmek.","","","","","","legal_copy","","legal","inventory.legal.d3936726a78d","extracted","not_started","not_required","not_started","false"
"legacy.legal.riskdetected.reklam.veya.ucuncu.taraf.paza.6ac2edec","legal","legal","P0","Legal/Cerez-Politikasi.md","31","RiskDetected reklam veya üçüncü taraf pazarlama amaçlı çerez **kullanmaz**. Kişiselleştirilmiş reklam profili çıkarılmaz, kullanıcılar arası davranışsal takip yapılmaz.","","","","","","legal_copy","","legal","inventory.legal.6ac2edec0824","extracted","not_started","not_required","not_started","false"
"legacy.legal.3.web.sitesinde.cerezler.d943108b","legal","legal","P0","Legal/Cerez-Politikasi.md","33","3. Web sitesinde çerezler","","","","","","legal_copy","","legal","inventory.legal.d943108bb83c","extracted","not_started","not_required","not_started","false"
"legacy.legal.web.sitesi.landing.sayfa.yasal.sayfalar.de.c94116ec","legal","legal","P0","Legal/Cerez-Politikasi.md","35","Web sitesi (landing sayfa, yasal sayfalar, destek bağlantıları, ödeme/abonelik yönlendirmeleri) şu çerez türlerini kullanabilir:","","","","","","legal_copy","","legal","inventory.legal.c94116ec5a24","extracted","not_started","not_required","not_started","false"
"legacy.legal.zorunlu.cerezler.sayfan.n.cal.smas.guvenli.1fca966a","legal","legal","P0","Legal/Cerez-Politikasi.md","37","**Zorunlu çerezler:** sayfanın çalışması, güvenlik, oturum ve form gönderimi. Devre dışı bırakılırsa site çalışmayabilir. Hukuki sebep KVKK m.5/2-c (sözleşmenin ifası) ve m.5/2-f (meşru menfaat); ayrı açık rıza gerektirmez.","","","","","","legal_copy","","legal","inventory.legal.1fca966ac4e0","extracted","not_started","not_started","not_started","true"
"legacy.legal.tercih.cerezleri.dil.bolge.goruntuleme.ve..4a4c1a65","legal","legal","P0","Legal/Cerez-Politikasi.md","38","**Tercih çerezleri:** dil, bölge, görüntüleme ve kullanıcı tercihleri.","","","","","","legal_copy","","legal","inventory.legal.4a4c1a65eb65","extracted","not_started","not_required","not_started","false"
"legacy.legal.performans.analitik.cerezler.sayfa.h.z.hat.0d1f3272","legal","legal","P0","Legal/Cerez-Politikasi.md","39","**Performans / analitik çerezler:** sayfa hızı, hata ve kullanım istatistikleri. RiskDetected mümkün olan her durumda **çerezsiz (cookieless) analitik** tercih eder.","","","","","","legal_copy","","legal","inventory.legal.0d1f3272d8d3","extracted","not_started","not_required","not_started","false"
"legacy.legal.ucuncu.taraf.teknik.cerezleri.cdn.hosting..edc05c1a","legal","legal","P0","Legal/Cerez-Politikasi.md","40","**Üçüncü taraf teknik çerezleri:** CDN, hosting, güvenlik ve kimlik doğrulama altyapılarının teknik çerezleri. Kullanıcı davranışı takibi veya reklam amacıyla değil, hizmetin teknik olarak çalışması için kullanılır.","","","","","","legal_copy","","legal","inventory.legal.edc05c1a5322","extracted","not_started","not_started","not_started","true"
"legacy.legal.4.mobil.uygulamada.cerez.ve.benzeri.tan.ml.3d406c84","legal","legal","P0","Legal/Cerez-Politikasi.md","42","4. Mobil uygulamada çerez ve benzeri tanımlayıcılar","","","","","","legal_copy","","legal","inventory.legal.3d406c845041","extracted","not_started","not_required","not_started","false"
"legacy.legal.ios.uygulamas.n.n.temel.analiz.rapor.ak.sl.0e958192","legal","legal","P0","Legal/Cerez-Politikasi.md","44","iOS uygulamasının temel analiz/rapor akışları klasik web tarayıcı çerezlerine dayanmaz. Buna rağmen aşağıdaki amaçlarla çerez benzeri tanımlayıcılar veya cihaz içi depolama mekanizmaları kullanılabilir:","","","","","","legal_copy","","legal","inventory.legal.0e9581924374","extracted","not_started","not_required","not_started","false"
"legacy.legal.oturum.onboarding.tema.dil.izin.ve.kullan..54480571","legal","legal","P0","Legal/Cerez-Politikasi.md","46","Oturum, onboarding, tema/dil, izin ve kullanıcı tercihleri için cihaz içi depolama (UserDefaults, Keychain).","","","","","","legal_copy","","legal","inventory.legal.544805718612","extracted","not_started","not_required","not_started","false"
"legacy.legal.supabase.oturum.refresh.token.yonetimi.5f25aca6","legal","legal","P0","Legal/Cerez-Politikasi.md","47","Supabase oturum/refresh token yönetimi.","","","","","","legal_copy","","legal","inventory.legal.5f25aca62a3c","extracted","not_started","not_required","not_started","false"
"legacy.legal.revenuecat.ve.app.store.abonelik.entitleme.f482e9e5","legal","legal","P0","Legal/Cerez-Politikasi.md","48","RevenueCat ve App Store abonelik/entitlement durumu.","","","","","","legal_copy","","legal","inventory.legal.f482e9e5f79d","extracted","not_started","not_required","not_started","false"
"legacy.legal.apple.sign.in.ve.google.sign.in.ak.slar.ba98829b","legal","legal","P0","Legal/Cerez-Politikasi.md","49","Apple Sign-In ve Google Sign-In akışları.","","","","","","legal_copy","","legal","inventory.legal.ba98829bd2d0","extracted","not_started","not_required","not_started","false"
"legacy.legal.apple.push.notification.service.apns.bildi.5d408889","legal","legal","P0","Legal/Cerez-Politikasi.md","50","Apple Push Notification service (APNs) bildirim tokenları.","","","","","","legal_copy","","legal","inventory.legal.5d40888948eb","extracted","not_started","not_required","not_started","false"
"legacy.legal.teknik.log.hata.takibi.ve.guvenlik.kay.tla.c31abe6e","legal","legal","P0","Legal/Cerez-Politikasi.md","51","Teknik log, hata takibi ve güvenlik kayıtları.","","","","","","legal_copy","","legal","inventory.legal.c31abe6ef79b","extracted","not_started","not_started","not_started","true"
"legacy.legal.uygulama.ici.web.gorunumleri.orn.yasal.say.a76fa164","legal","legal","P0","Legal/Cerez-Politikasi.md","53","Uygulama içi web görünümleri (örn. yasal sayfalar, abonelik/ödeme yönlendirmeleri) web bölümündeki kurallarla aynı çerezleri kullanabilir.","","","","","","legal_copy","","legal","inventory.legal.a76fa164fba7","extracted","not_started","not_required","not_started","false"
"legacy.legal.5.kullan.lan.cerezler.ve.tan.mlay.c.lar.3afa2cb3","legal","legal","P0","Legal/Cerez-Politikasi.md","55","5. Kullanılan çerezler ve tanımlayıcılar","","","","","","legal_copy","","legal","inventory.legal.3afa2cb3459a","extracted","not_started","not_required","not_started","false"
"legacy.legal.bu.sitede.ve.uygulamada.su.an.aktif.olan.a.687d8450","legal","legal","P0","Legal/Cerez-Politikasi.md","57","Bu sitede ve uygulamada şu an aktif olan ana çerezler ve tanımlayıcılar:","","","","","","legal_copy","","legal","inventory.legal.687d845050cf","extracted","not_started","not_required","not_started","false"
"legacy.legal.cerez.teknoloji.saglay.c.amac.tur.sure.d72c2a8f","legal","legal","P0","Legal/Cerez-Politikasi.md","59","| Çerez / Teknoloji | Sağlayıcı | Amaç | Tür | Süre |","","","","","","legal_copy","","legal","inventory.legal.d72c2a8f3c91","extracted","not_started","not_required","not_started","false"
"legacy.legal.cf.bm.cloudflare.bot.otomatik.trafik.tespi.8eaaf308","legal","legal","P0","Legal/Cerez-Politikasi.md","61","| `__cf_bm` | Cloudflare | Bot/otomatik trafik tespiti, DDoS koruması. | Zorunlu | 30 dk |","","","","","","legal_copy","","legal","inventory.legal.8eaaf3088f6f","extracted","not_started","not_required","not_started","false"
"legacy.legal.cfuvid.cloudflare.oturum.butunlugu.rate.li.ccb1f62b","legal","legal","P0","Legal/Cerez-Politikasi.md","62","| `_cfuvid` | Cloudflare | Oturum bütünlüğü, rate-limit ve güvenlik. | Zorunlu | Oturum |","","","","","","legal_copy","","legal","inventory.legal.ccb1f62bc4d6","extracted","not_started","not_started","not_started","true"
"legacy.legal.cf.clearance.cloudflare.guvenlik.dogrulama.0eff0f85","legal","legal","P0","Legal/Cerez-Politikasi.md","63","| `cf_clearance` | Cloudflare | Güvenlik doğrulaması sonrası erişim. | Zorunlu | 30 gün |","","","","","","legal_copy","","legal","inventory.legal.0eff0f856a90","extracted","not_started","not_started","not_started","true"
"legacy.legal.sb.orn.sb.access.token.sb.refresh.token.su.b3a1bb2f","legal","legal","P0","Legal/Cerez-Politikasi.md","64","| `sb-*` (örn. `sb-access-token`, `sb-refresh-token`) | Supabase | Kimlik doğrulama, oturum yönetimi. | Zorunlu | Oturum / 7 gün |","","","","","","legal_copy","","legal","inventory.legal.b3a1bb2f079a","extracted","not_started","not_required","not_started","false"
"legacy.legal.vercel.web.analytics.vercel.anonim.sayfa.z.d6532f28","legal","legal","P0","Legal/Cerez-Politikasi.md","65","| Vercel Web Analytics | Vercel | Anonim sayfa ziyaret istatistikleri (cookieless). | Analitik | Çerez kullanmaz |","","","","","","legal_copy","","legal","inventory.legal.d6532f283daf","extracted","not_started","not_required","not_started","false"
"legacy.legal.vercel.speed.insights.vercel.anonim.sayfa..9c72aee3","legal","legal","P0","Legal/Cerez-Politikasi.md","66","| Vercel Speed Insights | Vercel | Anonim sayfa yükleme performansı ölçümü (cookieless). | Analitik | Çerez kullanmaz |","","","","","","legal_copy","","legal","inventory.legal.9c72aee3dcdc","extracted","not_started","not_required","not_started","false"
"legacy.legal.local.storage.session.storage.riskdetected.e8f5aae6","legal","legal","P0","Legal/Cerez-Politikasi.md","67","| Local Storage / Session Storage | RiskDetected (web) | Tema, dil tercihi, geçici oturum durumu. | Zorunlu / Fonksiyonel | Kullanıcı silene kadar |","","","","","","legal_copy","","legal","inventory.legal.e8f5aae63c49","extracted","not_started","not_required","not_started","false"
"legacy.legal.userdefaults.keychain.riskdetected.ios.onb.2ea8dd3b","legal","legal","P0","Legal/Cerez-Politikasi.md","68","| UserDefaults / Keychain | RiskDetected (iOS) | Onboarding, tercih, oturum token, izin durumları. | Zorunlu | Kullanıcı çıkış yapana / uygulama silinene kadar |","","","","","","legal_copy","","legal","inventory.legal.2ea8dd3bfafc","extracted","not_started","not_required","not_started","false"
"legacy.legal.revenuecat.sdk.tan.mlay.c.s.revenuecat.abo.7a308867","legal","legal","P0","Legal/Cerez-Politikasi.md","69","| RevenueCat SDK tanımlayıcısı | RevenueCat | Abonelik / deneme / entitlement durumu. | Zorunlu | Hesap aktif olduğu sürece |","","","","","","legal_copy","","legal","inventory.legal.7a308867e988","extracted","not_started","not_required","not_started","false"
"legacy.legal.apns.cihaz.token.apple.bildirim.gonderimi..921579ce","legal","legal","P0","Legal/Cerez-Politikasi.md","70","| APNs cihaz tokenı | Apple | Bildirim gönderimi. | Fonksiyonel | Token geçersizleşene kadar |","","","","","","legal_copy","","legal","inventory.legal.921579ce5744","extracted","not_started","not_required","not_started","false"
"legacy.legal.liste.teknik.gereksinime.gore.degisebilir..bad7972a","legal","legal","P0","Legal/Cerez-Politikasi.md","72","Liste teknik gereksinime göre değişebilir. Yeni sağlayıcı eklendiğinde veya kullanım değiştiğinde bu Politika güncellenir.","","","","","","legal_copy","","legal","inventory.legal.bad7972aae5c","extracted","not_started","not_required","not_started","false"
"legacy.legal.6.ucuncu.taraf.hizmetler.6958945d","legal","legal","P0","Legal/Cerez-Politikasi.md","74","6. Üçüncü taraf hizmetler","","","","","","legal_copy","","legal","inventory.legal.6958945d1e28","extracted","not_started","not_required","not_started","false"
"legacy.legal.cloudflare.vercel.supabase.revenuecat.appl.b21d7eea","legal","legal","P0","Legal/Cerez-Politikasi.md","76","Cloudflare, Vercel, Supabase, RevenueCat, Apple ve Google gibi sağlayıcılar kendi teknolojileri aracılığıyla çerez veya benzeri tanımlayıcılar kullanabilir. Bu kullanım ilgili sağlayıcının politikalarına ve RiskDetected'in hizmet sunma amaçlarına tabidir.","","","","","","legal_copy","","legal","inventory.legal.b21d7eea8b75","extracted","not_started","not_required","not_started","false"
"legacy.legal.7.cerezleri.nas.l.yonetebilirsiniz.c8b51816","legal","legal","P0","Legal/Cerez-Politikasi.md","78","7. Çerezleri nasıl yönetebilirsiniz?","","","","","","legal_copy","","legal","inventory.legal.c8b51816ac2c","extracted","not_started","not_required","not_started","false"
"legacy.legal.web.sitesinde.cerez.tercihlerinizi.taray.c.b6f945cd","legal","legal","P0","Legal/Cerez-Politikasi.md","80","Web sitesinde çerez tercihlerinizi tarayıcınız üzerinden kontrol edebilir, mevcut çerezleri silebilir ve gelecekteki çerezleri engelleyebilirsiniz. Zorunlu çerezler engellenirse sitenin bazı bölümleri çalışmayabilir.","","","","","","legal_copy","","legal","inventory.legal.b6f945cd709e","extracted","not_started","not_required","not_started","false"
"legacy.legal.populer.taray.c.larda.cerez.ayarlar.0e2985df","legal","legal","P0","Legal/Cerez-Politikasi.md","82","Popüler tarayıcılarda çerez ayarları:","","","","","","legal_copy","","legal","inventory.legal.0e2985dfd0a2","extracted","not_started","not_required","not_started","false"
"legacy.legal.google.chrome.https.support.google.com.chr.619a4abc","legal","legal","P0","Legal/Cerez-Politikasi.md","84","Google Chrome: https://support.google.com/chrome/answer/95647","","","","","","legal_copy","","legal","inventory.legal.619a4abc3f5b","extracted","not_started","not_required","not_started","false"
"legacy.legal.mozilla.firefox.https.support.mozilla.org..f59cbe97","legal","legal","P0","Legal/Cerez-Politikasi.md","85","Mozilla Firefox: https://support.mozilla.org/tr/kb/cerezler-web-sitelerinin-bilgisayariniza-yerlestir","","","","","","legal_copy","","legal","inventory.legal.f59cbe97c01c","extracted","not_started","not_required","not_started","false"
"legacy.legal.apple.safari.https.support.apple.com.tr.tr.88231124","legal","legal","P0","Legal/Cerez-Politikasi.md","86","Apple Safari: https://support.apple.com/tr-tr/guide/safari/sfri11471/mac","","","","","","legal_copy","","legal","inventory.legal.8823112433fa","extracted","not_started","not_required","not_started","false"
"legacy.legal.microsoft.edge.https.support.microsoft.com.da294ec0","legal","legal","P0","Legal/Cerez-Politikasi.md","87","Microsoft Edge: https://support.microsoft.com/tr-tr/microsoft-edge","","","","","","legal_copy","","legal","inventory.legal.da294ec05d29","extracted","not_started","not_required","not_started","false"
"legacy.legal.mobilde.ios.ayarlar.riskdetected.uzerinden.2446083c","legal","legal","P0","Legal/Cerez-Politikasi.md","89","Mobilde iOS Ayarlar → RiskDetected üzerinden bildirim, kamera, fotoğraf izinlerini yönetebilirsiniz. Çerez/yerel depolama veya uygulama tanımlayıcılarını kapatmanız; giriş, ödeme, bildirim veya tercih özelliklerinin düzgün çalışmamasına yol açabilir.","","","","","","legal_copy","","legal","inventory.legal.2446083c0e27","extracted","not_started","not_required","not_started","false"
"legacy.legal.8.takip.ve.reklam.idfa.att.679d7dbf","legal","legal","P0","Legal/Cerez-Politikasi.md","91","8. Takip ve reklam (IDFA / ATT)","","","","","","legal_copy","","legal","inventory.legal.679d7dbf42f8","extracted","not_started","not_required","not_started","false"
"legacy.legal.riskdetected.in.mevcut.ios.uygulamas.nda.i.f7a0ab96","legal","legal","P0","Legal/Cerez-Politikasi.md","93","RiskDetected'in mevcut iOS uygulamasında IDFA temelli reklam takibi veya farklı şirketlerin uygulama/web siteleri arasında kullanıcıyı takip etme amacı **yoktur**. Bu nedenle App Tracking Transparency (ATT) izin penceresi şu an gösterilmez. Böyle bir özellik ileride eklenirse Apple ATT ve ilgili mevzuata uygun olarak ayrıca izin alınır.","","","","","","legal_copy","","legal","inventory.legal.f7a0ab96ba19","extracted","not_started","not_required","not_started","false"
"legacy.legal.9.cerezler.ve.kisisel.veri.80a6899b","legal","legal","P0","Legal/Cerez-Politikasi.md","95","9. Çerezler ve kişisel veri","","","","","","legal_copy","","legal","inventory.legal.80a6899bca1e","extracted","not_started","not_required","not_started","false"
"legacy.legal.baz.cerezler.ve.tan.mlay.c.lar.ip.adresi.o.64d76425","legal","legal","P0","Legal/Cerez-Politikasi.md","97","Bazı çerezler ve tanımlayıcılar IP adresi, oturum kimliği, cihaz tanımlayıcısı veya push token gibi bilgileri içerebilir; bu bilgiler KVKK kapsamında kişisel veri sayılabilir. Bu kapsamdaki işlemeler için ayrıntılı bilgi **Gizlilik Politikası**, **KVKK Aydınlatma Metni** ve **Açık Rıza Beyanı** belgelerinde sunulmaktadır.","","","","","","legal_copy","","legal","inventory.legal.64d76425fdc9","extracted","not_started","not_required","not_started","false"
"legacy.legal.10.hukuki.dayanak.d37221a7","legal","legal","P0","Legal/Cerez-Politikasi.md","99","10. Hukuki dayanak","","","","","","legal_copy","","legal","inventory.legal.d37221a7c065","extracted","not_started","not_required","not_started","false"
"legacy.legal.cerez.kullan.m.n.n.basl.ca.hukuki.dayanakl.cda702e5","legal","legal","P0","Legal/Cerez-Politikasi.md","101","Çerez kullanımının başlıca hukuki dayanakları:","","","","","","legal_copy","","legal","inventory.legal.cda702e5f595","extracted","not_started","not_required","not_started","false"
"legacy.legal.6698.say.l.kisisel.verilerin.korunmas.kanu.3ea92ccf","legal","legal","P0","Legal/Cerez-Politikasi.md","103","6698 sayılı Kişisel Verilerin Korunması Kanunu (KVKK) m.5/2-c (sözleşmenin ifası) ve m.5/2-f (meşru menfaat).","","","","","","legal_copy","","legal","inventory.legal.3ea92ccfc496","extracted","not_started","not_required","not_started","false"
"legacy.legal.5651.say.l.internet.ortam.nda.yap.lan.yay..56fd9134","legal","legal","P0","Legal/Cerez-Politikasi.md","104","5651 sayılı İnternet Ortamında Yapılan Yayınların Düzenlenmesi Kanunu.","","","","","","legal_copy","","legal","inventory.legal.56fd91342407","extracted","not_started","not_required","not_started","false"
"legacy.legal.6563.say.l.elektronik.ticaretin.duzenlenme.c0d0c9ca","legal","legal","P0","Legal/Cerez-Politikasi.md","105","6563 sayılı Elektronik Ticaretin Düzenlenmesi Hakkında Kanun ve ikincil mevzuat.","","","","","","legal_copy","","legal","inventory.legal.c0d0c9ca9a2f","extracted","not_started","not_started","not_started","true"
"legacy.legal.kisisel.verileri.koruma.kurulu.kararlar.ve.b2eefb62","legal","legal","P0","Legal/Cerez-Politikasi.md","106","Kişisel Verileri Koruma Kurulu kararları ve rehber dokümanlar.","","","","","","legal_copy","","legal","inventory.legal.b2eefb62b97b","extracted","not_started","not_required","not_started","false"
"legacy.legal.11.degisiklikler.a5fa9c34","legal","legal","P0","Legal/Cerez-Politikasi.md","108","11. Değişiklikler","","","","","","legal_copy","","legal","inventory.legal.a5fa9c34c91d","extracted","not_started","not_required","not_started","false"
"legacy.legal.bu.politika.teknik.altyap.web.sitesi.mobil.0cfc6ff8","legal","legal","P0","Legal/Cerez-Politikasi.md","110","Bu Politika; teknik altyapı, web sitesi, mobil uygulama, üçüncü taraf servisler veya mevzuat değişiklikleri nedeniyle güncellenebilir. Önemli değişikliklerde site veya uygulama üzerinden bilgilendirme yapılabilir. Güncel sürüm her zaman bu sayfada yayınlanır.","","","","","","legal_copy","","legal","inventory.legal.0cfc6ff892af","extracted","not_started","not_started","not_started","true"
"legacy.legal.12.iletisim.0949758a","legal","legal","P0","Legal/Cerez-Politikasi.md","112","12. İletişim","","","","","","legal_copy","","legal","inventory.legal.0949758ae525","extracted","not_started","not_required","not_started","false"
"legacy.legal.cerez.kullan.m.ve.gizlilik.tercihleri.icin.b6a5ead7","legal","legal","P0","Legal/Cerez-Politikasi.md","114","Çerez kullanımı ve gizlilik tercihleri için:","","","","","","legal_copy","","legal","inventory.legal.b6a5ead713d4","extracted","not_started","not_required","not_started","false"
"legacy.legal.e.posta.info.riskdetected.com.5aa580aa","legal","legal","P0","Legal/Cerez-Politikasi.md","116","E-posta: info@riskdetected.com","","","","","","legal_copy","","legal","inventory.legal.5aa580aaefa6","extracted","not_started","not_required","not_started","false"
"legacy.legal.adres.eskisehir.153ec52f","legal","legal","P0","Legal/Cerez-Politikasi.md","117","Adres: Eskişehir","","","","","","legal_copy","","legal","inventory.legal.153ec52f8215","extracted","not_started","not_required","not_started","false"
"legacy.legal.web.sitesi.https.riskdetected.com.51521a3b","legal","legal","P0","Legal/Cerez-Politikasi.md","118","Web sitesi: https://riskdetected.com","","","","","","legal_copy","","legal","inventory.legal.51521a3bfa3c","extracted","not_started","not_required","not_started","false"
"legacy.legal.uygulama.ici.destek.profil.destek.e0178007","legal","legal","P0","Legal/Cerez-Politikasi.md","119","Uygulama içi destek: Profil > Destek","","","","","","legal_copy","","legal","inventory.legal.e0178007e234","extracted","not_started","not_required","not_started","false"
"legacy.legal.riskdetected.gizlilik.politikas.7357227e","legal","legal","P0","Legal/Gizlilik-Politikasi.md","1","RiskDetected Gizlilik Politikası","","","","","","legal_copy","","legal","inventory.legal.7357227ee054","extracted","not_started","not_required","not_started","false"
"legacy.legal.yururluk.tarihi.8.temmuz.2026.b42ca1a8","legal","legal","P0","Legal/Gizlilik-Politikasi.md","3","Yürürlük tarihi: 8 Temmuz 2026","","","","","","legal_copy","","legal","inventory.legal.b42ca1a8098c","extracted","not_started","not_required","not_started","false"
"legacy.legal.belge.surumu.privacy.2026.07.08.4bc7fa1b","legal","legal","P0","Legal/Gizlilik-Politikasi.md","4","Belge sürümü: privacy-2026-07-08","","","","","","legal_copy","","legal","inventory.legal.4bc7fa1b8047","extracted","not_started","not_required","not_started","false"
"legacy.legal.bu.gizlilik.politikas.riskdetected.mobil.u.2cb5d018","legal","legal","P0","Legal/Gizlilik-Politikasi.md","6","Bu Gizlilik Politikası, RiskDetected mobil uygulaması ve bağlantılı hizmetlerde hangi","","","","","","legal_copy","","legal","inventory.legal.2cb5d01882b1","extracted","not_started","not_required","not_started","false"
"legacy.legal.verilerin.topland.g.n.neden.kullan.ld.g.n..2d166454","legal","legal","P0","Legal/Gizlilik-Politikasi.md","7","verilerin toplandığını, neden kullanıldığını, kimlerle paylaşılabileceğini, ne kadar","","","","","","legal_copy","","legal","inventory.legal.2d1664544d65","extracted","not_started","not_required","not_started","false"
"legacy.legal.sure.sakland.g.n.ve.kullan.c.lar.n.gizlili.90138e5c","legal","legal","P0","Legal/Gizlilik-Politikasi.md","8","süre saklandığını ve kullanıcıların gizlilik tercihlerini nasıl yönetebileceğini açıklar.","","","","","","legal_copy","","legal","inventory.legal.90138e5c54c1","extracted","not_started","not_required","not_started","false"
"legacy.legal.veri.sorumlusu.hizmet.saglay.c.200bc361","legal","legal","P0","Legal/Gizlilik-Politikasi.md","10","Veri sorumlusu/hizmet sağlayıcı:","","","","","","legal_copy","","legal","inventory.legal.200bc3615791","extracted","not_started","not_required","not_started","false"
"legacy.legal.e.posta.destek.info.riskdetected.com.c73de0ba","legal","legal","P0","Legal/Gizlilik-Politikasi.md","14","E-posta/Destek: info@riskdetected.com","","","","","","legal_copy","","legal","inventory.legal.c73de0ba2ea6","extracted","not_started","not_required","not_started","false"
"legacy.legal.1.riskdetected.ne.yapar.7588b923","legal","legal","P0","Legal/Gizlilik-Politikasi.md","17","1. RiskDetected ne yapar?","","","","","","legal_copy","","legal","inventory.legal.7588b9239eb1","extracted","not_started","not_required","not_started","false"
"legacy.legal.riskdetected.fotograf.uzerinden.yapay.zeka.72b6bbab","legal","legal","P0","Legal/Gizlilik-Politikasi.md","19","RiskDetected, fotoğraf üzerinden yapay zeka destekli iş güvenliği analizi, risk/bulgu","","","","","","legal_copy","","legal","inventory.legal.72b6bbabd33b","extracted","not_started","not_started","not_started","true"
"legacy.legal.tespiti.pdf.xlsx.raporlama.firma.takibi.bi.34b08b83","legal","legal","P0","Legal/Gizlilik-Politikasi.md","20","tespiti, PDF/XLSX raporlama, firma takibi, bildirimler ve mesleki ilerleme özellikleri","","","","","","legal_copy","","legal","inventory.legal.34b08b83def1","extracted","not_started","not_required","not_started","false"
"legacy.legal.sunar.ai.c.kt.lar.karar.destek.niteliginde.3780d8ee","legal","legal","P0","Legal/Gizlilik-Politikasi.md","21","sunar. AI çıktıları karar destek niteliğindedir; resmi denetim, hukuki uygunluk","","","","","","legal_copy","","legal","inventory.legal.3780d8ee3c02","extracted","not_started","not_required","not_started","false"
"legacy.legal.garantisi.veya.uzman.gorusu.yerine.gecmez.5ed1eaf4","legal","legal","P0","Legal/Gizlilik-Politikasi.md","22","garantisi veya uzman görüşü yerine geçmez.","","","","","","legal_copy","","legal","inventory.legal.5ed1eaf4e3e6","extracted","not_started","not_required","not_started","false"
"legacy.legal.2.toplad.g.m.z.veri.kategorileri.937acd34","legal","legal","P0","Legal/Gizlilik-Politikasi.md","24","2. Topladığımız veri kategorileri","","","","","","legal_copy","","legal","inventory.legal.937acd346435","extracted","not_started","not_required","not_started","false"
"legacy.legal.uygulaman.n.kullan.m.na.gore.asag.daki.ver.158fbea9","legal","legal","P0","Legal/Gizlilik-Politikasi.md","26","Uygulamanın kullanımına göre aşağıdaki veriler işlenebilir:","","","","","","legal_copy","","legal","inventory.legal.158fbea92753","extracted","not_started","not_required","not_started","false"
"legacy.legal.hesap.verileri.kullan.c.id.e.posta.giris.y.62ec7d7c","legal","legal","P0","Legal/Gizlilik-Politikasi.md","28","Hesap verileri: kullanıcı ID, e-posta, giriş yöntemi, profil adı, avatar, hesap durumu.","","","","","","legal_copy","","legal","inventory.legal.62ec7d7ccdcb","extracted","not_started","not_required","not_started","false"
"legacy.legal.onboarding.yan.tlar.uzmanl.k.s.n.f.tehlike.e6754166","legal","legal","P0","Legal/Gizlilik-Politikasi.md","29","Onboarding yanıtları: uzmanlık sınıfı, tehlike sınıfı, sektör, çalışma alanı, analiz sıklığı ve kullanım amacı.","","","","","","legal_copy","","legal","inventory.legal.e675416645f0","extracted","not_started","not_started","not_started","true"
"legacy.legal.kullan.c.icerikleri.fotograflar.onceki.sur.3974a7bc","legal","legal","P0","Legal/Gizlilik-Politikasi.md","30","Kullanıcı içerikleri: fotoğraflar, önceki sürümlerde oluşturulmuş metin girdileri, canvas/analiz seçimi, saha notları, firma bilgileri, logo, rapor hazırlayan bilgileri.","","","","","","legal_copy","","legal","inventory.legal.3974a7bc2324","extracted","not_started","not_required","not_started","false"
"legacy.legal.ai.analiz.c.kt.lar.bulgular.risk.seviyeler.d3828b8f","legal","legal","P0","Legal/Gizlilik-Politikasi.md","31","AI analiz çıktıları: bulgular, risk seviyeleri, skorlar, kök neden, önerilen aksiyon, kısa referanslar, analiz özeti ve risk tablosu bilgileri.","","","","","","legal_copy","","legal","inventory.legal.d3828b8f61ec","extracted","not_started","not_started","not_started","true"
"legacy.legal.rapor.ve.arsiv.verileri.pdf.xlsx.raporlar..8540e376","legal","legal","P0","Legal/Gizlilik-Politikasi.md","32","Rapor ve arşiv verileri: PDF/XLSX raporları, rapor türü, dosya adı, indirme/paylaşım için gerekli teknik kayıtlar.","","","","","","legal_copy","","legal","inventory.legal.8540e376f48e","extracted","not_started","not_required","not_started","false"
"legacy.legal.firma.modulu.verileri.firma.ad.tehlike.s.n.db10e823","legal","legal","P0","Legal/Gizlilik-Politikasi.md","33","Firma modülü verileri: firma adı, tehlike sınıfı, adres, ilgili kişi, departman, sorumlu, termin günü, logo ve arşiv durumu.","","","","","","legal_copy","","legal","inventory.legal.db10e82371cd","extracted","not_started","not_started","not_started","true"
"legacy.legal.mesleki.ilerleme.verileri.mdp.uygulama.ici.852a4a7c","legal","legal","P0","Legal/Gizlilik-Politikasi.md","34","Mesleki ilerleme verileri: MDP, uygulama içi ünvanlar, rozetler, yetkinlik haritası, haftalık takip, aktif gün, kategori/risk sayıları ve başarı mesajları.","","","","","","legal_copy","","legal","inventory.legal.852a4a7cd761","extracted","not_started","not_started","not_started","true"
"legacy.legal.abonelik.kota.verileri.free.plus.pro.durum.77721a1f","legal","legal","P0","Legal/Gizlilik-Politikasi.md","35","Abonelik/kota verileri: Free/Plus/Pro durumu, günlük/aylık kota, ücretsiz deneme, tek seferlik risk analizi tablosu hakkı, RevenueCat/App Store entitlement ve işlem olayları.","","","","","","legal_copy","","legal","inventory.legal.77721a1fad54","extracted","not_started","not_started","not_started","true"
"legacy.legal.bildirim.verileri.bildirim.tercihleri.apns.8da97d24","legal","legal","P0","Legal/Gizlilik-Politikasi.md","36","Bildirim verileri: bildirim tercihleri, APNs cihaz tokenı, gönderim/başarı/hata kayıtları.","","","","","","legal_copy","","legal","inventory.legal.8da97d244405","extracted","not_started","not_required","not_started","false"
"legacy.legal.teknik.veriler.ip.adresi.cihaz.modeli.isle.e2e4004b","legal","legal","P0","Legal/Gizlilik-Politikasi.md","37","Teknik veriler: IP adresi, cihaz modeli, işletim sistemi, uygulama sürümü, request ID, support ID, hata kodları, performans, AI sağlayıcı/model, token sayıları ve fallback bilgileri.","","","","","","legal_copy","","legal","inventory.legal.e2e4004b6650","extracted","not_started","not_required","not_started","false"
"legacy.legal.hukuki.onay.kay.tlar.kvkk.ac.k.r.za.kullan.bfff62e3","legal","legal","P0","Legal/Gizlilik-Politikasi.md","38","Hukuki/onay kayıtları: KVKK, açık rıza, kullanım koşulları, gizlilik politikası kabul sürümleri ve zamanları.","","","","","","legal_copy","","legal","inventory.legal.bfff62e34526","extracted","not_started","not_required","not_started","false"
"legacy.legal.riskdetected.odeme.kart.bilgilerinizi.dogr.31e4df14","legal","legal","P0","Legal/Gizlilik-Politikasi.md","40","RiskDetected ödeme kartı bilgilerinizi doğrudan almaz veya saklamaz. App Store ödemeleri","","","","","","legal_copy","","legal","inventory.legal.31e4df14fae0","extracted","not_started","not_required","not_started","false"
"legacy.legal.apple.taraf.ndan.yurutulur.7d34dc6a","legal","legal","P0","Legal/Gizlilik-Politikasi.md","41","Apple tarafından yürütülür.","","","","","","legal_copy","","legal","inventory.legal.7d34dc6ae24d","extracted","not_started","not_required","not_started","false"
"legacy.legal.3.fotograf.ve.hassas.icerik.327c24b8","legal","legal","P0","Legal/Gizlilik-Politikasi.md","43","3. Fotoğraf ve hassas içerik","","","","","","legal_copy","","legal","inventory.legal.327c24b87163","extracted","not_started","not_required","not_started","false"
"legacy.legal.fotograflar.cal.san.ziyaretci.goruntusu.yu.e644eb6a","legal","legal","P0","Legal/Gizlilik-Politikasi.md","45","Fotoğraflar; çalışan/ziyaretçi görüntüsü, yüz, ekipman, firma logosu, tabela, plaka,","","","","","","legal_copy","","legal","inventory.legal.e644eb6aabf0","extracted","not_started","not_required","not_started","false"
"legacy.legal.tesis.uretim.alan.maden.insaat.sahas.veya..6c2909c0","legal","legal","P0","Legal/Gizlilik-Politikasi.md","46","tesis, üretim alanı, maden, inşaat sahası veya ticari sır niteliğinde bilgi içerebilir.","","","","","","legal_copy","","legal","inventory.legal.6c2909c09223","extracted","not_started","not_required","not_started","false"
"legacy.legal.fotografta.sagl.k.durumu.yaralanma.engelli.230dd80d","legal","legal","P0","Legal/Gizlilik-Politikasi.md","47","Fotoğrafta sağlık durumu, yaralanma, engellilik, çocuk görüntüsü veya başka hassas bilgi","","","","","","legal_copy","","legal","inventory.legal.230dd80d5e1c","extracted","not_started","not_required","not_started","false"
"legacy.legal.de.bulunabilir.19f6923d","legal","legal","P0","Legal/Gizlilik-Politikasi.md","48","de bulunabilir.","","","","","","legal_copy","","legal","inventory.legal.19f6923d2ffc","extracted","not_started","not_required","not_started","false"
"legacy.legal.riskdetected.yuz.tan.ma.kisiyi.benzersiz.s.9b0febb9","legal","legal","P0","Legal/Gizlilik-Politikasi.md","50","RiskDetected yüz tanıma, kişiyi benzersiz şekilde teşhis etme veya biyometrik kimlik","","","","","","legal_copy","","legal","inventory.legal.9b0febb99176","extracted","not_started","not_required","not_started","false"
"legacy.legal.dogrulama.amac.yla.cal.smaz.buna.ragmen.fo.f8a1966f","legal","legal","P0","Legal/Gizlilik-Politikasi.md","51","doğrulama amacıyla çalışmaz. Buna rağmen fotoğraftaki görsel içerik kişisel veri","","","","","","legal_copy","","legal","inventory.legal.f8a1966f4d3a","extracted","not_started","not_required","not_started","false"
"legacy.legal.olabilir.yaln.zca.yukleme.ve.analiz.ettirm.65d44def","legal","legal","P0","Legal/Gizlilik-Politikasi.md","52","olabilir. Yalnızca yükleme ve analiz ettirme hakkına sahip olduğunuz içerikleri","","","","","","legal_copy","","legal","inventory.legal.65d44def948c","extracted","not_started","not_required","not_started","false"
"legacy.legal.kullanmal.s.n.z.2b82c6e4","legal","legal","P0","Legal/Gizlilik-Politikasi.md","53","kullanmalısınız.","","","","","","legal_copy","","legal","inventory.legal.2b82c6e40f61","extracted","not_started","not_required","not_started","false"
"legacy.legal.fotograflar.analiz.oncesinde.yeniden.islen.e03c2d24","legal","legal","P0","Legal/Gizlilik-Politikasi.md","55","Fotoğraflar analiz öncesinde yeniden işlenerek EXIF, konum ve kamera metadata","","","","","","legal_copy","","legal","inventory.legal.e03c2d24c212","extracted","not_started","not_required","not_started","false"
"legacy.legal.bilgisinin.azalt.lmas.hedeflenir.gorsel.ic.3f64638f","legal","legal","P0","Legal/Gizlilik-Politikasi.md","56","bilgisinin azaltılması hedeflenir; görsel içerikte görünen bilgiler analiz için","","","","","","legal_copy","","legal","inventory.legal.3f64638f2121","extracted","not_started","not_required","not_started","false"
"legacy.legal.islenmeye.devam.eder.817019dc","legal","legal","P0","Legal/Gizlilik-Politikasi.md","57","işlenmeye devam eder.","","","","","","legal_copy","","legal","inventory.legal.817019dc5997","extracted","not_started","not_required","not_started","false"
"legacy.legal.yeni.analizler.fotograf.yukleme.veya.kamer.85103cbc","legal","legal","P0","Legal/Gizlilik-Politikasi.md","59","Yeni analizler fotoğraf yükleme veya kamera ile çekim üzerinden başlatılır. Önceki","","","","","","legal_copy","","legal","inventory.legal.85103cbccea0","extracted","not_started","not_required","not_started","false"
"legacy.legal.surumlerde.olusturulmus.metin.girdileri.ge.7321f116","legal","legal","P0","Legal/Gizlilik-Politikasi.md","60","sürümlerde oluşturulmuş metin girdileri geçmiş kayıt, veri dışa aktarma, hesap silme ve","","","","","","legal_copy","","legal","inventory.legal.7321f116465d","extracted","not_started","not_required","not_started","false"
"legacy.legal.hukuki.saklama.surecleriyle.s.n.rl.olarak..7a8eedaf","legal","legal","P0","Legal/Gizlilik-Politikasi.md","61","hukuki saklama süreçleriyle sınırlı olarak işlenebilir.","","","","","","legal_copy","","legal","inventory.legal.7a8eedaf1603","extracted","not_started","not_required","not_started","false"
"legacy.legal.4.verileri.neden.kullan.yoruz.48d41e63","legal","legal","P0","Legal/Gizlilik-Politikasi.md","63","4. Verileri neden kullanıyoruz?","","","","","","legal_copy","","legal","inventory.legal.48d41e63c593","extracted","not_started","not_required","not_started","false"
"legacy.legal.verileri.su.amaclarla.kullan.r.z.f53d8d1b","legal","legal","P0","Legal/Gizlilik-Politikasi.md","65","Verileri şu amaçlarla kullanırız:","","","","","","legal_copy","","legal","inventory.legal.f53d8d1be6f6","extracted","not_started","not_required","not_started","false"
"legacy.legal.hesap.olusturma.oturum.acma.ve.guvenlik.99eadcf5","legal","legal","P0","Legal/Gizlilik-Politikasi.md","67","Hesap oluşturma, oturum açma ve güvenlik.","","","","","","legal_copy","","legal","inventory.legal.99eadcf5d353","extracted","not_started","not_started","not_started","true"
"legacy.legal.fotograf.analizi.risk.bulgu.uretimi.ve.rap.76ea84e6","legal","legal","P0","Legal/Gizlilik-Politikasi.md","68","Fotoğraf analizi, risk/bulgu üretimi ve raporlama.","","","","","","legal_copy","","legal","inventory.legal.76ea84e6f9ce","extracted","not_started","not_started","not_started","true"
"legacy.legal.firma.bazl.rapor.logo.ve.arsiv.yonetimi.ddff9b98","legal","legal","P0","Legal/Gizlilik-Politikasi.md","69","Firma bazlı rapor, logo ve arşiv yönetimi.","","","","","","legal_copy","","legal","inventory.legal.ddff9b98ff65","extracted","not_started","not_required","not_started","false"
"legacy.legal.kota.abonelik.deneme.hakk.ve.paywall.erisi.09403258","legal","legal","P0","Legal/Gizlilik-Politikasi.md","70","Kota, abonelik, deneme hakkı ve paywall erişimi.","","","","","","legal_copy","","legal","inventory.legal.0940325854d8","extracted","not_started","not_required","not_started","false"
"legacy.legal.mesleki.ilerleme.mdp.unvan.rozet.yetkinlik.92b3980f","legal","legal","P0","Legal/Gizlilik-Politikasi.md","71","Mesleki ilerleme, MDP, ünvan, rozet, yetkinlik haritası ve haftalık takip.","","","","","","legal_copy","","legal","inventory.legal.92b3980f8ed1","extracted","not_started","not_required","not_started","false"
"legacy.legal.analiz.tamamland.rapor.haz.r.hesap.durumu..d6d803b9","legal","legal","P0","Legal/Gizlilik-Politikasi.md","72","Analiz tamamlandı, rapor hazır, hesap durumu ve progress bildirimleri.","","","","","","legal_copy","","legal","inventory.legal.d6d803b9dff4","extracted","not_started","not_required","not_started","false"
"legacy.legal.hata.giderme.kotuye.kullan.m.onleme.servis.30995fbf","legal","legal","P0","Legal/Gizlilik-Politikasi.md","73","Hata giderme, kötüye kullanım önleme, servis sürekliliği, maliyet ve performans izleme.","","","","","","legal_copy","","legal","inventory.legal.30995fbfcb1e","extracted","not_started","not_required","not_started","false"
"legacy.legal.destek.veri.d.sa.aktarma.uygulama.ici.hesa.d1204533","legal","legal","P0","Legal/Gizlilik-Politikasi.md","74","Destek, veri dışa aktarma, uygulama içi hesap silme, veri silme ve hukuki talepler.","","","","","","legal_copy","","legal","inventory.legal.d12045330afd","extracted","not_started","not_required","not_started","false"
"legacy.legal.hukuki.yukumlulukler.ve.uyusmazl.k.yonetim.2643981c","legal","legal","P0","Legal/Gizlilik-Politikasi.md","75","Hukuki yükümlülükler ve uyuşmazlık yönetimi.","","","","","","legal_copy","","legal","inventory.legal.2643981cedfc","extracted","not_started","not_required","not_started","false"
"legacy.legal.kullan.c.iceriklerini.reklamda.veya.herkes.d42a42e1","legal","legal","P0","Legal/Gizlilik-Politikasi.md","77","Kullanıcı içeriklerini reklamda veya herkese açık pazarlamada kullanmayız; bunun için","","","","","","legal_copy","","legal","inventory.legal.d42a42e112e5","extracted","not_started","not_required","not_started","false"
"legacy.legal.ayr.ca.ac.k.izin.gerekir.db992722","legal","legal","P0","Legal/Gizlilik-Politikasi.md","78","ayrıca açık izin gerekir.","","","","","","legal_copy","","legal","inventory.legal.db9927223674","extracted","not_started","not_required","not_started","false"
"legacy.legal.5.yapay.zeka.saglay.c.lar.ve.kalite.fallba.ae7fdf75","legal","legal","P0","Legal/Gizlilik-Politikasi.md","80","5. Yapay zeka sağlayıcıları ve kalite/fallback hattı","","","","","","legal_copy","","legal","inventory.legal.ae7fdf75deb2","extracted","not_started","not_required","not_started","false"
"legacy.legal.analizler.supabase.edge.functions.uzerinde.42ece4ae","legal","legal","P0","Legal/Gizlilik-Politikasi.md","82","Analizler Supabase Edge Functions üzerinden Google Gemini/Google AI gibi AI","","","","","","legal_copy","","legal","inventory.legal.42ece4ae41a5","extracted","not_started","not_required","not_started","false"
"legacy.legal.saglay.c.lar.na.iletilebilir.servis.surekl.137adb07","legal","legal","P0","Legal/Gizlilik-Politikasi.md","83","sağlayıcılarına iletilebilir. Servis sürekliliği için belirli durumlarda Groq veya","","","","","","legal_copy","","legal","inventory.legal.137adb07dde6","extracted","not_started","not_required","not_started","false"
"legacy.legal.baska.uyumlu.ai.saglay.c.lar.fallback.olar.d7c06cd7","legal","legal","P0","Legal/Gizlilik-Politikasi.md","84","başka uyumlu AI sağlayıcıları fallback olarak kullanılabilir. Free kullanıcının günlük","","","","","","legal_copy","","legal","inventory.legal.d7c06cd7b561","extracted","not_started","not_required","not_started","false"
"legacy.legal.standart.analiz.hakk.da.iyi.ilk.deneyim.sa.fd40d077","legal","legal","P0","Legal/Gizlilik-Politikasi.md","85","standart analiz hakkı da iyi ilk deneyim sağlamak için paid Gemini hattından","","","","","","legal_copy","","legal","inventory.legal.fd40d07759a6","extracted","not_started","not_required","not_started","false"
"legacy.legal.cal.sabilir.bu.kullan.c.n.n.plan.n.veya.uc.38e7ea0a","legal","legal","P0","Legal/Gizlilik-Politikasi.md","86","çalışabilir; bu, kullanıcının planını veya ücretli özellik yetkilerini değiştirmez.","","","","","","legal_copy","","legal","inventory.legal.38e7ea0a4e6f","extracted","not_started","not_required","not_started","false"
"legacy.legal.ai.saglay.c.lar.na.gonderilen.icerik.anali.f009d3ef","legal","legal","P0","Legal/Gizlilik-Politikasi.md","88","AI sağlayıcılarına gönderilen içerik, analiz yanıtı üretmek için gerekli fotoğraf ve","","","","","","legal_copy","","legal","inventory.legal.f009d3ef57f9","extracted","not_started","not_required","not_started","false"
"legacy.legal.baglamla.s.n.rl.tutulmaya.cal.s.l.r.ai.kul.6dcff50f","legal","legal","P0","Legal/Gizlilik-Politikasi.md","89","bağlamla sınırlı tutulmaya çalışılır. AI kullanım loglarında model, sağlayıcı, anahtar","","","","","","legal_copy","","legal","inventory.legal.6dcff50f7543","extracted","not_started","not_required","not_started","false"
"legacy.legal.havuzu.takma.ad.token.say.s.sure.hata.fall.03ed8b01","legal","legal","P0","Legal/Gizlilik-Politikasi.md","90","havuzu takma adı, token sayısı, süre, hata/fallback bilgisi ve support ID gibi teknik","","","","","","legal_copy","","legal","inventory.legal.03ed8b011060","extracted","not_started","not_required","not_started","false"
"legacy.legal.kay.tlar.tutulabilir.594fbbe9","legal","legal","P0","Legal/Gizlilik-Politikasi.md","91","kayıtlar tutulabilir.","","","","","","legal_copy","","legal","inventory.legal.594fbbe98dcb","extracted","not_started","not_required","not_started","false"
"legacy.legal.6.ucuncu.taraf.hizmetler.5c56e3cc","legal","legal","P0","Legal/Gizlilik-Politikasi.md","93","6. Üçüncü taraf hizmetler","","","","","","legal_copy","","legal","inventory.legal.5c56e3ccc687","extracted","not_started","not_required","not_started","false"
"legacy.legal.hizmetin.sunumu.icin.su.altyap.lar.kullan..e71e976a","legal","legal","P0","Legal/Gizlilik-Politikasi.md","95","Hizmetin sunumu için şu altyapılar kullanılabilir:","","","","","","legal_copy","","legal","inventory.legal.e71e976ae571","extracted","not_started","not_required","not_started","false"
"legacy.legal.supabase.kimlik.dogrulama.veri.taban.stora.854b5a79","legal","legal","P0","Legal/Gizlilik-Politikasi.md","97","Supabase: kimlik doğrulama, veri tabanı, storage, edge function, RLS ve teknik altyapı.","","","","","","legal_copy","","legal","inventory.legal.854b5a790734","extracted","not_started","not_required","not_started","false"
"legacy.legal.google.gemini.google.ai.fotograf.analizi.fea939df","legal","legal","P0","Legal/Gizlilik-Politikasi.md","98","Google Gemini/Google AI: fotoğraf analizi.","","","","","","legal_copy","","legal","inventory.legal.fea939df6eca","extracted","not_started","not_required","not_started","false"
"legacy.legal.groq.ai.fallback.veya.kalite.kars.last.rma.8137ae72","legal","legal","P0","Legal/Gizlilik-Politikasi.md","99","Groq: AI fallback veya kalite karşılaştırma süreçleri.","","","","","","legal_copy","","legal","inventory.legal.8137ae72ea39","extracted","not_started","not_required","not_started","false"
"legacy.legal.revenuecat.ve.apple.app.store.abonelik.den.67a556a6","legal","legal","P0","Legal/Gizlilik-Politikasi.md","100","RevenueCat ve Apple App Store: abonelik, deneme, satın alma ve entitlement doğrulama.","","","","","","legal_copy","","legal","inventory.legal.67a556a6822e","extracted","not_started","not_required","not_started","false"
"legacy.legal.apple.push.notification.service.bildirim.g.932afc51","legal","legal","P0","Legal/Gizlilik-Politikasi.md","101","Apple Push Notification service: bildirim gönderimi.","","","","","","legal_copy","","legal","inventory.legal.932afc514a92","extracted","not_started","not_required","not_started","false"
"legacy.legal.apple.sign.in.ve.google.sign.in.giris.yont.61a5d0bf","legal","legal","P0","Legal/Gizlilik-Politikasi.md","102","Apple Sign-In ve Google Sign-In: giriş yöntemi olarak seçildiğinde kimlik doğrulama.","","","","","","legal_copy","","legal","inventory.legal.61a5d0bf384b","extracted","not_started","not_required","not_started","false"
"legacy.legal.bu.taraflar.turkiye.d.s.nda.bulunabilir.ve.abeba78e","legal","legal","P0","Legal/Gizlilik-Politikasi.md","104","Bu taraflar Türkiye dışında bulunabilir veya verileri yurt dışında işleyebilir.","","","","","","legal_copy","","legal","inventory.legal.abeba78e51f8","extracted","not_started","not_required","not_started","false"
"legacy.legal.ayr.nt.l.hukuki.ac.klama.kvkk.ayd.nlatma.m.69c33604","legal","legal","P0","Legal/Gizlilik-Politikasi.md","105","Ayrıntılı hukuki açıklama KVKK Aydınlatma Metni ve Açık Rıza Beyanı içinde yer alır.","","","","","","legal_copy","","legal","inventory.legal.69c3360462ab","extracted","not_started","not_required","not_started","false"
"legacy.legal.7.saklama.sureleri.5ad0b248","legal","legal","P0","Legal/Gizlilik-Politikasi.md","107","7. Saklama süreleri","","","","","","legal_copy","","legal","inventory.legal.5ad0b24851ee","extracted","not_started","not_required","not_started","false"
"legacy.legal.free.analiz.fotograflar.7.gun.f70ee887","legal","legal","P0","Legal/Gizlilik-Politikasi.md","109","Free analiz fotoğrafları: 7 gün.","","","","","","legal_copy","","legal","inventory.legal.f70ee8877635","extracted","not_started","not_required","not_started","false"
"legacy.legal.plus.analiz.fotograflar.30.gun.037cde45","legal","legal","P0","Legal/Gizlilik-Politikasi.md","110","Plus analiz fotoğrafları: 30 gün.","","","","","","legal_copy","","legal","inventory.legal.037cde455ff1","extracted","not_started","not_required","not_started","false"
"legacy.legal.pro.analiz.fotograflar.hesap.aktif.oldugu..1a390721","legal","legal","P0","Legal/Gizlilik-Politikasi.md","111","Pro analiz fotoğrafları: hesap aktif olduğu sürece veya kullanıcı silene kadar.","","","","","","legal_copy","","legal","inventory.legal.1a3907211fe6","extracted","not_started","not_required","not_started","false"
"legacy.legal.ham.ai.yan.tlar.ve.ai.denetim.kay.tlar.30..ec3e7d8c","legal","legal","P0","Legal/Gizlilik-Politikasi.md","112","Ham AI yanıtları ve AI denetim kayıtları: 30 gün.","","","","","","legal_copy","","legal","inventory.legal.ec3e7d8c2fa7","extracted","not_started","not_required","not_started","false"
"legacy.legal.analiz.sonuclar.bulgular.raporlar.ve.progr.4407006e","legal","legal","P0","Legal/Gizlilik-Politikasi.md","113","Analiz sonuçları, bulgular, raporlar ve progress kayıtları: kullanıcı silene, hesap silinene veya saklama amacı sona erene kadar.","","","","","","legal_copy","","legal","inventory.legal.4407006ebe3f","extracted","not_started","not_required","not_started","false"
"legacy.legal.profil.avatar.firma.logosu.ve.firma.kay.tl.482c0de5","legal","legal","P0","Legal/Gizlilik-Politikasi.md","114","Profil avatarı, firma logosu ve firma kayıtları: kullanıcı silene/arşivleyene veya hesap silinene kadar.","","","","","","legal_copy","","legal","inventory.legal.482c0de546b1","extracted","not_started","not_required","not_started","false"
"legacy.legal.bildirim.tokenlar.token.gecersizlesene.kul.a9780297","legal","legal","P0","Legal/Gizlilik-Politikasi.md","115","Bildirim tokenları: token geçersizleşene, kullanıcı kapatana veya hesap silinene kadar.","","","","","","legal_copy","","legal","inventory.legal.a978029704a6","extracted","not_started","not_required","not_started","false"
"legacy.legal.onay.abonelik.destek.hesap.silme.ve.uyusma.da7cb7e2","legal","legal","P0","Legal/Gizlilik-Politikasi.md","116","Onay, abonelik, destek, hesap silme ve uyuşmazlık kayıtları: hukuki ispat ve yasal süreler boyunca.","","","","","","legal_copy","","legal","inventory.legal.da7cb7e25904","extracted","not_started","not_required","not_started","false"
"legacy.legal.silme.talepleri.uygulan.rken.yasal.yukumlu.72fd8701","legal","legal","P0","Legal/Gizlilik-Politikasi.md","118","Silme talepleri uygulanırken yasal yükümlülükler, güvenlik kayıtları, uyuşmazlıklar ve","","","","","","legal_copy","","legal","inventory.legal.72fd87014388","extracted","not_started","not_started","not_started","true"
"legacy.legal.teknik.yedekleme.sureleri.sakl.kalabilir.176719e3","legal","legal","P0","Legal/Gizlilik-Politikasi.md","119","teknik yedekleme süreleri saklı kalabilir.","","","","","","legal_copy","","legal","inventory.legal.176719e34d9d","extracted","not_started","not_required","not_started","false"
"legacy.legal.8.hesap.silme.81073537","legal","legal","P0","Legal/Gizlilik-Politikasi.md","121","8. Hesap Silme","","","","","","legal_copy","","legal","inventory.legal.8107353779fe","extracted","not_started","not_required","not_started","false"
"legacy.legal.hesap.silme.islemi.uygulama.icinde.profil..4db1cca6","legal","legal","P0","Legal/Gizlilik-Politikasi.md","123","Hesap silme işlemi uygulama içinde Profil > Hesabımı sil / Delete Account yolundan","","","","","","legal_copy","","legal","inventory.legal.4db1cca69d40","extracted","not_started","not_required","not_started","false"
"legacy.legal.baslat.l.r.ve.tamamlan.r.e.posta.destek.ka.9fcfdfda","legal","legal","P0","Legal/Gizlilik-Politikasi.md","124","başlatılır ve tamamlanır. E-posta, destek kanalı veya web sitesi hesap silme için zorunlu","","","","","","legal_copy","","legal","inventory.legal.9fcfdfdae6ad","extracted","not_started","not_required","not_started","false"
"legacy.legal.degildir.5b537de4","legal","legal","P0","Legal/Gizlilik-Politikasi.md","125","değildir.","","","","","","legal_copy","","legal","inventory.legal.5b537de4b558","extracted","not_started","not_required","not_started","false"
"legacy.legal.hesap.silme.onayland.g.nda.hesap.kayd.ve.h.5cc9865f","legal","legal","P0","Legal/Gizlilik-Politikasi.md","127","Hesap silme onaylandığında hesap kaydı ve hesaba bağlı uygulama verileri kalıcı olarak","","","","","","legal_copy","","legal","inventory.legal.5cc9865f5aa7","extracted","not_started","not_required","not_started","false"
"legacy.legal.silinir.yasal.saklama.yukumlulukleri.uyusm.f75a531d","legal","legal","P0","Legal/Gizlilik-Politikasi.md","128","silinir. Yasal saklama yükümlülükleri, uyuşmazlıklar, güvenlik kayıtları ve teknik","","","","","","legal_copy","","legal","inventory.legal.f75a531d2023","extracted","not_started","not_started","not_started","true"
"legacy.legal.yedekleme.sureleri.sakl.kalabilir.a65e1417","legal","legal","P0","Legal/Gizlilik-Politikasi.md","129","yedekleme süreleri saklı kalabilir.","","","","","","legal_copy","","legal","inventory.legal.a65e14175cc9","extracted","not_started","not_required","not_started","false"
"legacy.legal.aktif.app.store.abonelikleri.apple.id.abon.3e3b3b28","legal","legal","P0","Legal/Gizlilik-Politikasi.md","131","Aktif App Store abonelikleri Apple ID abonelik ayarlarından yönetilir. Hesabın","","","","","","legal_copy","","legal","inventory.legal.3e3b3b28d507","extracted","not_started","not_required","not_started","false"
"legacy.legal.silinmesi.apple.taraf.ndan.yonetilen.aktif.af7ebe42","legal","legal","P0","Legal/Gizlilik-Politikasi.md","132","silinmesi, Apple tarafından yönetilen aktif aboneliği otomatik olarak iptal","","","","","","legal_copy","","legal","inventory.legal.af7ebe421126","extracted","not_started","not_required","not_started","false"
"legacy.legal.9.paylas.m.ve.aktar.m.170398fe","legal","legal","P0","Legal/Gizlilik-Politikasi.md","135","9. Paylaşım ve aktarım","","","","","","legal_copy","","legal","inventory.legal.170398fe9fd2","extracted","not_started","not_required","not_started","false"
"legacy.legal.veriler.yaln.zca.hizmetin.sunulmas.guvenli.27a361ea","legal","legal","P0","Legal/Gizlilik-Politikasi.md","137","Veriler; yalnızca hizmetin sunulması, güvenlik, destek, ödeme/abonelik doğrulama,","","","","","","legal_copy","","legal","inventory.legal.27a361eab9d0","extracted","not_started","not_started","not_started","true"
"legacy.legal.hukuki.yukumluluk.veya.kullan.c.n.n.talima.4b1d95cd","legal","legal","P0","Legal/Gizlilik-Politikasi.md","138","hukuki yükümlülük veya kullanıcının talimatıyla rapor paylaşımı için gerekli taraflarla","","","","","","legal_copy","","legal","inventory.legal.4b1d95cdae9f","extracted","not_started","not_required","not_started","false"
"legacy.legal.paylas.labilir.riskdetected.kisisel.verile.92b6a5e3","legal","legal","P0","Legal/Gizlilik-Politikasi.md","139","paylaşılabilir. RiskDetected kişisel verileri veri brokerlarına satmaz.","","","","","","legal_copy","","legal","inventory.legal.92b6a5e37e91","extracted","not_started","not_required","not_started","false"
"legacy.legal.uygulamada.reklam.takibi.idfa.temelli.taki.17a648e9","legal","legal","P0","Legal/Gizlilik-Politikasi.md","141","Uygulamada reklam takibi, IDFA temelli takip veya farklı şirketlerin uygulama/web","","","","","","legal_copy","","legal","inventory.legal.17a648e91ddf","extracted","not_started","not_required","not_started","false"
"legacy.legal.siteleri.aras.nda.kullan.c.y.takip.etme.am.677fce05","legal","legal","P0","Legal/Gizlilik-Politikasi.md","142","siteleri arasında kullanıcıyı takip etme amacı yoktur. Böyle bir özellik eklenirse Apple","","","","","","legal_copy","","legal","inventory.legal.677fce05cfd3","extracted","not_started","not_required","not_started","false"
"legacy.legal.app.tracking.transparency.ve.ilgili.mevzua.8d2bd51a","legal","legal","P0","Legal/Gizlilik-Politikasi.md","143","App Tracking Transparency ve ilgili mevzuat uyarınca ayrıca izin alınır.","","","","","","legal_copy","","legal","inventory.legal.8d2bd51aa417","extracted","not_started","not_started","not_started","true"
"legacy.legal.10.bildirim.tercihleri.d3991917","legal","legal","P0","Legal/Gizlilik-Politikasi.md","145","10. Bildirim tercihleri","","","","","","legal_copy","","legal","inventory.legal.d3991917a0e9","extracted","not_started","not_required","not_started","false"
"legacy.legal.bildirimler.analiz.tamamland.rapor.haz.r.h.0f15fb43","legal","legal","P0","Legal/Gizlilik-Politikasi.md","147","Bildirimler; analiz tamamlandı, rapor hazır, hesap/güvenlik, haftalık/aylık mesleki özet","","","","","","legal_copy","","legal","inventory.legal.0f15fb43fa4e","extracted","not_started","not_started","not_started","true"
"legacy.legal.ve.rozet.unvan.gibi.turlere.ayr.labilir.ku.f3f1d60e","legal","legal","P0","Legal/Gizlilik-Politikasi.md","148","ve rozet/ünvan gibi türlere ayrılabilir. Kullanıcı iOS ayarlarından ve uygulama içinden","","","","","","legal_copy","","legal","inventory.legal.f3f1d60ea0d0","extracted","not_started","not_required","not_started","false"
"legacy.legal.bildirimleri.kapatabilir.kilit.ekran.nda.h.df6347a3","legal","legal","P0","Legal/Gizlilik-Politikasi.md","149","bildirimleri kapatabilir. Kilit ekranında hassas rapor/analiz detayı yerine genel içerik","","","","","","legal_copy","","legal","inventory.legal.df6347a39e37","extracted","not_started","not_required","not_started","false"
"legacy.legal.gosterilmesi.hedeflenir.b962e902","legal","legal","P0","Legal/Gizlilik-Politikasi.md","150","gösterilmesi hedeflenir.","","","","","","legal_copy","","legal","inventory.legal.b962e9027b8d","extracted","not_started","not_required","not_started","false"
"legacy.legal.11.kullan.c.haklar.ve.kontroller.9502532d","legal","legal","P0","Legal/Gizlilik-Politikasi.md","152","11. Kullanıcı hakları ve kontroller","","","","","","legal_copy","","legal","inventory.legal.9502532dab47","extracted","not_started","not_required","not_started","false"
"legacy.legal.kullan.c.lar.c97360a1","legal","legal","P0","Legal/Gizlilik-Politikasi.md","154","Kullanıcılar:","","","","","","legal_copy","","legal","inventory.legal.c97360a1adfd","extracted","not_started","not_required","not_started","false"
"legacy.legal.kamera.fotograf.ve.bildirim.izinlerini.ios.fbc41bb6","legal","legal","P0","Legal/Gizlilik-Politikasi.md","156","Kamera, fotoğraf ve bildirim izinlerini iOS ayarlarından yönetebilir.","","","","","","legal_copy","","legal","inventory.legal.fbc41bb69f93","extracted","not_started","not_required","not_started","false"
"legacy.legal.analiz.rapor.firma.ve.avatar.verilerini.uy.244c152a","legal","legal","P0","Legal/Gizlilik-Politikasi.md","157","Analiz, rapor, firma ve avatar verilerini uygulama içinden silebilir veya güncelleyebilir.","","","","","","legal_copy","","legal","inventory.legal.244c152a65e5","extracted","not_started","not_required","not_started","false"
"legacy.legal.veri.d.sa.aktarma.islemini.uygulama.icinde.1ac7ea30","legal","legal","P0","Legal/Gizlilik-Politikasi.md","158","Veri dışa aktarma işlemini uygulama içinden başlatabilir.","","","","","","legal_copy","","legal","inventory.legal.1ac7ea3096fe","extracted","not_started","not_required","not_started","false"
"legacy.legal.hesap.silme.islemini.uygulama.icinde.profi.d94464b1","legal","legal","P0","Legal/Gizlilik-Politikasi.md","159","Hesap silme işlemini uygulama içinde Profil > Hesabımı sil / Delete Account yolundan başlatabilir ve tamamlayabilir.","","","","","","legal_copy","","legal","inventory.legal.d94464b10077","extracted","not_started","not_required","not_started","false"
"legacy.legal.kvkk.kapsam.ndaki.haklar.n.kullanabilir.9c6861ad","legal","legal","P0","Legal/Gizlilik-Politikasi.md","160","KVKK kapsamındaki haklarını kullanabilir.","","","","","","legal_copy","","legal","inventory.legal.9c6861ad433a","extracted","not_started","not_required","not_started","false"
"legacy.legal.ac.k.r.zaya.dayal.islemlerde.r.zas.n.geri..f5bfeabb","legal","legal","P0","Legal/Gizlilik-Politikasi.md","161","Açık rızaya dayalı işlemlerde rızasını geri çekebilir.","","","","","","legal_copy","","legal","inventory.legal.f5bfeabbfa42","extracted","not_started","not_required","not_started","false"
"legacy.legal.hesap.silme.icin.e.posta.destek.kanal.veya.8e24f54e","legal","legal","P0","Legal/Gizlilik-Politikasi.md","163","Hesap silme için e-posta, destek kanalı veya web sitesi zorunlu değildir. Genel","","","","","","legal_copy","","legal","inventory.legal.8e24f54ef5b0","extracted","not_started","not_required","not_started","false"
"legacy.legal.gizlilik.kvkk.veri.erisimi.r.za.geri.cekme.daa36355","legal","legal","P0","Legal/Gizlilik-Politikasi.md","164","gizlilik, KVKK, veri erişimi, rıza geri çekme ve destek talepleri için","","","","","","legal_copy","","legal","inventory.legal.daa36355fe1c","extracted","not_started","not_required","not_started","false"
"legacy.legal.info.riskdetected.com.adresi.veya.profil.dbfb344d","legal","legal","P0","Legal/Gizlilik-Politikasi.md","165","info@riskdetected.com adresi veya Profil >","","","","","","legal_copy","","legal","inventory.legal.dbfb344df882","extracted","not_started","not_required","not_started","false"
"legacy.legal.destek.kullan.labilir.1150207c","legal","legal","P0","Legal/Gizlilik-Politikasi.md","166","Destek kullanılabilir.","","","","","","legal_copy","","legal","inventory.legal.1150207cbf74","extracted","not_started","not_required","not_started","false"
"legacy.legal.12.guvenlik.7a9e6c87","legal","legal","P0","Legal/Gizlilik-Politikasi.md","168","12. Güvenlik","","","","","","legal_copy","","legal","inventory.legal.7a9e6c878045","extracted","not_started","not_started","not_started","true"
"legacy.legal.riskdetected.erisim.kontrolleri.supabase.r.4a1d1139","legal","legal","P0","Legal/Gizlilik-Politikasi.md","170","RiskDetected; erişim kontrolleri, Supabase RLS politikaları, özel storage bucket'ları,","","","","","","legal_copy","","legal","inventory.legal.4a1d11393b2f","extracted","not_started","not_required","not_started","false"
"legacy.legal.dosya.boyutu.tur.s.n.rlar.guvenli.rpc.edge.ef072184","legal","legal","P0","Legal/Gizlilik-Politikasi.md","171","dosya boyutu/tür sınırları, güvenli RPC/Edge Function kullanımı, log redaksiyonu, veri","","","","","","legal_copy","","legal","inventory.legal.ef072184f466","extracted","not_started","not_started","not_started","true"
"legacy.legal.minimizasyonu.ve.saklama.imha.mekanizmalar.dd68b42d","legal","legal","P0","Legal/Gizlilik-Politikasi.md","172","minimizasyonu ve saklama/imha mekanizmaları gibi teknik ve idari önlemler uygular.","","","","","","legal_copy","","legal","inventory.legal.dd68b42d840a","extracted","not_started","not_required","not_started","false"
"legacy.legal.internet.ve.bulut.altyap.s.mutlak.guvenlik.0c47e9ae","legal","legal","P0","Legal/Gizlilik-Politikasi.md","173","İnternet ve bulut altyapısı mutlak güvenlik garantisi vermez.","","","","","","legal_copy","","legal","inventory.legal.0c47e9ae53af","extracted","not_started","not_started","not_started","true"
"legacy.legal.13.cocuklar.da20c1ad","legal","legal","P0","Legal/Gizlilik-Politikasi.md","175","13. Çocuklar","","","","","","legal_copy","","legal","inventory.legal.da20c1ad1d70","extracted","not_started","not_required","not_started","false"
"legacy.legal.riskdetected.cocuklara.yonelik.degildir.co.86a72af8","legal","legal","P0","Legal/Gizlilik-Politikasi.md","177","RiskDetected çocuklara yönelik değildir. Çocuk görüntüsü veya çocuklara ait veri içeren","","","","","","legal_copy","","legal","inventory.legal.86a72af80238","extracted","not_started","not_required","not_started","false"
"legacy.legal.icerikler.yaln.zca.hukuka.uygun.bilgilendi.f438b022","legal","legal","P0","Legal/Gizlilik-Politikasi.md","178","içerikler yalnızca hukuka uygun bilgilendirme ve izin süreçleri tamamlanmışsa","","","","","","legal_copy","","legal","inventory.legal.f438b022cdce","extracted","not_started","not_required","not_started","false"
"legacy.legal.yuklenmelidir.05483ce6","legal","legal","P0","Legal/Gizlilik-Politikasi.md","179","yüklenmelidir.","","","","","","legal_copy","","legal","inventory.legal.05483ce6c400","extracted","not_started","not_required","not_started","false"
"legacy.legal.14.cerezler.151e5b0b","legal","legal","P0","Legal/Gizlilik-Politikasi.md","181","14. Çerezler","","","","","","legal_copy","","legal","inventory.legal.151e5b0b380e","extracted","not_started","not_required","not_started","false"
"legacy.legal.mobil.uygulaman.n.temel.kullan.m.web.taray.192383f6","legal","legal","P0","Legal/Gizlilik-Politikasi.md","183","Mobil uygulamanın temel kullanımı web tarayıcı çerezi gerektirmez. Web sitesi,","","","","","","legal_copy","","legal","inventory.legal.192383f68441","extracted","not_started","not_required","not_started","false"
"legacy.legal.odeme.abonelik.yonlendirmeleri.veya.destek.f7978994","legal","legal","P0","Legal/Gizlilik-Politikasi.md","184","ödeme/abonelik yönlendirmeleri veya destek bağlantıları çerez, yerel depolama veya","","","","","","legal_copy","","legal","inventory.legal.f7978994413a","extracted","not_started","not_required","not_started","false"
"legacy.legal.benzeri.teknolojiler.kullanabilir.web.orta.7e12624f","legal","legal","P0","Legal/Gizlilik-Politikasi.md","185","benzeri teknolojiler kullanabilir. Web ortamındaki çerez kullanımı ayrıca web sitesindeki","","","","","","legal_copy","","legal","inventory.legal.7e12624f05af","extracted","not_started","not_required","not_started","false"
"legacy.legal.cerez.bilgilendirmesinde.ac.klan.r.48675396","legal","legal","P0","Legal/Gizlilik-Politikasi.md","186","çerez bilgilendirmesinde açıklanır.","","","","","","legal_copy","","legal","inventory.legal.48675396f687","extracted","not_started","not_required","not_started","false"
"legacy.legal.15.degisiklikler.64c724d4","legal","legal","P0","Legal/Gizlilik-Politikasi.md","188","15. Değişiklikler","","","","","","legal_copy","","legal","inventory.legal.64c724d4137f","extracted","not_started","not_required","not_started","false"
"legacy.legal.bu.politika.urun.ozellikleri.apple.kuralla.17cb1b6f","legal","legal","P0","Legal/Gizlilik-Politikasi.md","190","Bu Politika; ürün özellikleri, Apple kuralları, teknik altyapı veya mevzuat","","","","","","legal_copy","","legal","inventory.legal.17cb1b6f92b4","extracted","not_started","not_started","not_started","true"
"legacy.legal.degisiklikleri.nedeniyle.guncellenebilir.o.f8f62094","legal","legal","P0","Legal/Gizlilik-Politikasi.md","191","değişiklikleri nedeniyle güncellenebilir. Önemli değişikliklerde uygulama içi bildirim","","","","","","legal_copy","","legal","inventory.legal.f8f620943e29","extracted","not_started","not_required","not_started","false"
"legacy.legal.veya.yeniden.onay.mekanizmas.kullan.labili.6d045270","legal","legal","P0","Legal/Gizlilik-Politikasi.md","192","veya yeniden onay mekanizması kullanılabilir.","","","","","","legal_copy","","legal","inventory.legal.6d0452708521","extracted","not_started","not_required","not_started","false"
"legacy.legal.16.iletisim.4114229e","legal","legal","P0","Legal/Gizlilik-Politikasi.md","194","16. İletişim","","","","","","legal_copy","","legal","inventory.legal.4114229ef802","extracted","not_started","not_required","not_started","false"
"legacy.legal.e.posta.info.riskdetected.com.72fd2941","legal","legal","P0","Legal/Gizlilik-Politikasi.md","196","E-posta: info@riskdetected.com","","","","","","legal_copy","","legal","inventory.legal.72fd294135d4","extracted","not_started","not_required","not_started","false"
"legacy.legal.adres.eskisehir.25e907d5","legal","legal","P0","Legal/Gizlilik-Politikasi.md","197","Adres: Eskişehir","","","","","","legal_copy","","legal","inventory.legal.25e907d50bee","extracted","not_started","not_required","not_started","false"
"legacy.legal.web.sitesi.https.riskdetected.com.e5ebd03d","legal","legal","P0","Legal/Gizlilik-Politikasi.md","198","Web sitesi: https://riskdetected.com","","","","","","legal_copy","","legal","inventory.legal.e5ebd03deb75","extracted","not_started","not_required","not_started","false"
"legacy.legal.uygulama.ici.destek.profil.destek.c063e526","legal","legal","P0","Legal/Gizlilik-Politikasi.md","199","Uygulama içi destek: Profil > Destek","","","","","","legal_copy","","legal","inventory.legal.c063e52670b8","extracted","not_started","not_required","not_started","false"
"legacy.legal.hesap.silme.destek.veya.iletisim.talebi.ol.5fe31858","legal","legal","P0","Legal/Gizlilik-Politikasi.md","201","Hesap silme, destek veya iletişim talebi olarak yürütülmez. Hesabınızı ve hesabınıza","","","","","","legal_copy","","legal","inventory.legal.5fe318585a56","extracted","not_started","not_required","not_started","false"
"legacy.legal.bagl.uygulama.verilerini.silmek.icin.uygul.b314ca4b","legal","legal","P0","Legal/Gizlilik-Politikasi.md","202","bağlı uygulama verilerini silmek için uygulama içinde Profil > Hesabımı sil / Delete","","","","","","legal_copy","","legal","inventory.legal.b314ca4be337","extracted","not_started","not_required","not_started","false"
"legacy.legal.account.yolunu.kullanabilirsiniz.e.posta.d.473225bc","legal","legal","P0","Legal/Gizlilik-Politikasi.md","203","Account yolunu kullanabilirsiniz. E-posta, destek kanalı veya web sitesi hesap silme","","","","","","legal_copy","","legal","inventory.legal.473225bc7864","extracted","not_started","not_required","not_started","false"
"legacy.legal.icin.zorunlu.degildir.1792e739","legal","legal","P0","Legal/Gizlilik-Politikasi.md","204","için zorunlu değildir.","","","","","","legal_copy","","legal","inventory.legal.1792e739e919","extracted","not_started","not_required","not_started","false"
"legacy.legal.riskdetected.kullan.m.kosullar.17f96b72","legal","legal","P0","Legal/Kullanim-Kosullari.md","1","RiskDetected Kullanım Koşulları","","","","","","legal_copy","","legal","inventory.legal.17f96b72482f","extracted","not_started","not_required","not_started","false"
"legacy.legal.yururluk.tarihi.8.temmuz.2026.9674a8fa","legal","legal","P0","Legal/Kullanim-Kosullari.md","3","Yürürlük tarihi: 8 Temmuz 2026","","","","","","legal_copy","","legal","inventory.legal.9674a8fa34d8","extracted","not_started","not_required","not_started","false"
"legacy.legal.belge.surumu.terms.2026.07.08.fe0c8803","legal","legal","P0","Legal/Kullanim-Kosullari.md","4","Belge sürümü: terms-2026-07-08","","","","","","legal_copy","","legal","inventory.legal.fe0c88030ecc","extracted","not_started","not_required","not_started","false"
"legacy.legal.bu.kullan.m.kosullar.kosullar.riskdetected.998059a7","legal","legal","P0","Legal/Kullanim-Kosullari.md","6","Bu Kullanım Koşulları (""Koşullar""), RiskDetected mobil uygulaması, analiz, rapor, firma,","","","","","","legal_copy","","legal","inventory.legal.998059a7685a","extracted","not_started","not_required","not_started","false"
"legacy.legal.abonelik.mesleki.ilerleme.ve.destek.hizmet.04e4d92e","legal","legal","P0","Legal/Kullanim-Kosullari.md","7","abonelik, mesleki ilerleme ve destek hizmetlerini (""Hizmet"") kullanımınızı düzenler.","","","","","","legal_copy","","legal","inventory.legal.04e4d92e410e","extracted","not_started","not_required","not_started","false"
"legacy.legal.uygulamaya.uye.olarak.giris.yaparak.fotogr.f539f511","legal","legal","P0","Legal/Kullanim-Kosullari.md","8","Uygulamaya üye olarak, giriş yaparak, fotoğraf yükleyerek, analiz başlatarak veya","","","","","","legal_copy","","legal","inventory.legal.f539f5119782","extracted","not_started","not_required","not_started","false"
"legacy.legal.hizmeti.kullanarak.bu.kosullar.kabul.etmis.1e00a89d","legal","legal","P0","Legal/Kullanim-Kosullari.md","9","Hizmeti kullanarak bu Koşulları kabul etmiş olursunuz.","","","","","","legal_copy","","legal","inventory.legal.1e00a89daa26","extracted","not_started","not_required","not_started","false"
"legacy.legal.hizmet.saglay.c.7febff6c","legal","legal","P0","Legal/Kullanim-Kosullari.md","11","Hizmet sağlayıcı:","","","","","","legal_copy","","legal","inventory.legal.7febff6cad4b","extracted","not_started","not_required","not_started","false"
"legacy.legal.mersis.vkn.tckn.21832867210.2ab3a93c","legal","legal","P0","Legal/Kullanim-Kosullari.md","14","MERSİS/VKN/TCKN: 21832867210","","","","","","legal_copy","","legal","inventory.legal.2ab3a93c9c61","extracted","not_started","not_required","not_started","false"
"legacy.legal.e.posta.destek.info.riskdetected.com.c335541a","legal","legal","P0","Legal/Kullanim-Kosullari.md","16","E-posta/Destek: info@riskdetected.com","","","","","","legal_copy","","legal","inventory.legal.c335541ab787","extracted","not_started","not_required","not_started","false"
"legacy.legal.1.hizmetin.amac.249cf1c0","legal","legal","P0","Legal/Kullanim-Kosullari.md","19","1. Hizmetin amacı","","","","","","legal_copy","","legal","inventory.legal.249cf1c075d8","extracted","not_started","not_required","not_started","false"
"legacy.legal.riskdetected.fotograf.uzerinden.yapay.zeka.3feeedef","legal","legal","P0","Legal/Kullanim-Kosullari.md","21","RiskDetected, fotoğraf üzerinden yapay zeka destekli iş güvenliği risk/bulgu analizi,","","","","","","legal_copy","","legal","inventory.legal.3feeedefc361","extracted","not_started","not_started","not_started","true"
"legacy.legal.onerilen.onlem.rapor.risk.tablosu.firma.ta.30266e62","legal","legal","P0","Legal/Kullanim-Kosullari.md","22","önerilen önlem, rapor, risk tablosu, firma takibi ve mesleki ilerleme özellikleri","","","","","","legal_copy","","legal","inventory.legal.30266e6221a6","extracted","not_started","not_started","not_started","true"
"legacy.legal.yeni.analizler.fotograf.yukleme.veya.kamer.35b750d7","legal","legal","P0","Legal/Kullanim-Kosullari.md","25","Yeni analizler fotoğraf yükleme veya kamera ile çekim üzerinden başlatılır. Önceki","","","","","","legal_copy","","legal","inventory.legal.35b750d7eacf","extracted","not_started","not_required","not_started","false"
"legacy.legal.surumlerde.olusturulmus.metin.girdileri.ya.7d6c414f","legal","legal","P0","Legal/Kullanim-Kosullari.md","26","sürümlerde oluşturulmuş metin girdileri, yalnızca geçmiş kayıt, veri dışa aktarma,","","","","","","legal_copy","","legal","inventory.legal.7d6c414f3479","extracted","not_started","not_required","not_started","false"
"legacy.legal.hesap.silme.ve.hukuki.saklama.surecleri.ka.c7b16881","legal","legal","P0","Legal/Kullanim-Kosullari.md","27","hesap silme ve hukuki saklama süreçleri kapsamında işlenebilir.","","","","","","legal_copy","","legal","inventory.legal.c7b16881231a","extracted","not_started","not_required","not_started","false"
"legacy.legal.resmi.denetim.bilirkisi.incelemesi.muhendi.12ea5f8c","legal","legal","P0","Legal/Kullanim-Kosullari.md","31","Resmi denetim, bilirkişi incelemesi, mühendislik uygunluk raporu, hukuki görüş, sağlık değerlendirmesi veya mevzuata kesin uygunluk onayı vermez.","","","","","","legal_copy","","legal","inventory.legal.12ea5f8cb219","extracted","not_started","not_required","not_started","false"
"legacy.legal.is.guvenligi.uzman.isyeri.hekimi.muhendis..b1d1e108","legal","legal","P0","Legal/Kullanim-Kosullari.md","32","İş güvenliği uzmanı, işyeri hekimi, mühendis, avukat, denetçi veya yetkili idare yerine geçmez.","","","","","","legal_copy","","legal","inventory.legal.b1d1e10838be","extracted","not_started","not_started","not_started","true"
"legacy.legal.acil.hayati.veya.yuksek.riskli.durumlarda..bd60d7f6","legal","legal","P0","Legal/Kullanim-Kosullari.md","33","Acil, hayati veya yüksek riskli durumlarda tek başına kullanılmamalıdır.","","","","","","legal_copy","","legal","inventory.legal.bd60d7f664bc","extracted","not_started","not_required","not_started","false"
"legacy.legal.nihai.degerlendirme.sahadaki.gercek.kosull.b547f128","legal","legal","P0","Legal/Kullanim-Kosullari.md","35","Nihai değerlendirme, sahadaki gerçek koşulları gören yetkili ve ehil kişiler tarafından yapılmalıdır.","","","","","","legal_copy","","legal","inventory.legal.b547f128f5d2","extracted","not_started","not_required","not_started","false"
"legacy.legal.2.hesap.ve.kullan.c.sorumlulugu.06d686a4","legal","legal","P0","Legal/Kullanim-Kosullari.md","37","2. Hesap ve kullanıcı sorumluluğu","","","","","","legal_copy","","legal","inventory.legal.06d686a4494a","extracted","not_started","not_required","not_started","false"
"legacy.legal.hesap.bilgilerinizin.dogru.guncel.ve.size..6005dbbd","legal","legal","P0","Legal/Kullanim-Kosullari.md","39","Hesap bilgilerinizin doğru, güncel ve size ait olması gerekir. Hesabınız altında yapılan","","","","","","legal_copy","","legal","inventory.legal.6005dbbdc88c","extracted","not_started","not_required","not_started","false"
"legacy.legal.islemlerden.siz.sorumlusunuz.baskas.n.n.he.bc8c8cac","legal","legal","P0","Legal/Kullanim-Kosullari.md","40","işlemlerden siz sorumlusunuz. Başkasının hesabını kullanamaz, hesabınızı izinsiz","","","","","","legal_copy","","legal","inventory.legal.bc8c8cacacd4","extracted","not_started","not_required","not_started","false"
"legacy.legal.kulland.ramaz.veya.yan.lt.c.kimlik.iletisi.d7f630bc","legal","legal","P0","Legal/Kullanim-Kosullari.md","41","kullandıramaz veya yanıltıcı kimlik/iletişim bilgisi paylaşamazsınız.","","","","","","legal_copy","","legal","inventory.legal.d7f630bce736","extracted","not_started","not_required","not_started","false"
"legacy.legal.3.icerik.yukleme.kurallar.66cfeb52","legal","legal","P0","Legal/Kullanim-Kosullari.md","43","3. İçerik yükleme kuralları","","","","","","legal_copy","","legal","inventory.legal.66cfeb52d66d","extracted","not_started","not_required","not_started","false"
"legacy.legal.yaln.zca.yukleme.isleme.analiz.ettirme.ve..9e181c44","legal","legal","P0","Legal/Kullanim-Kosullari.md","45","Yalnızca yükleme, işleme, analiz ettirme ve raporlama hakkına sahip olduğunuz içerikleri","","","","","","legal_copy","","legal","inventory.legal.9e181c44fa3b","extracted","not_started","not_required","not_started","false"
"legacy.legal.gonderebilirsiniz.fotograf.firma.logo.rapo.05f3deb2","legal","legal","P0","Legal/Kullanim-Kosullari.md","46","gönderebilirsiniz. Fotoğraf/firma/logo/rapor verilerinde çalışan, ziyaretçi,","","","","","","legal_copy","","legal","inventory.legal.05f3deb2f62a","extracted","not_started","not_required","not_started","false"
"legacy.legal.firma.marka.tesis.plaka.ticari.s.r.ozel.mu.01531c8b","legal","legal","P0","Legal/Kullanim-Kosullari.md","47","firma, marka, tesis, plaka, ticari sır, özel mülk veya özel nitelikli veri bulunabilir.","","","","","","legal_copy","","legal","inventory.legal.01531c8bedc3","extracted","not_started","not_required","not_started","false"
"legacy.legal.kullan.c.olarak.sunlar.kabul.edersiniz.924a5aa8","legal","legal","P0","Legal/Kullanim-Kosullari.md","49","Kullanıcı olarak şunları kabul edersiniz:","","","","","","legal_copy","","legal","inventory.legal.924a5aa839d0","extracted","not_started","not_required","not_started","false"
"legacy.legal.gerekli.bilgilendirme.izin.ac.k.r.za.isver.01ed07b5","legal","legal","P0","Legal/Kullanim-Kosullari.md","51","Gerekli bilgilendirme, izin, açık rıza, işveren/tesis onayı ve sözleşmesel yetkiler size aittir.","","","","","","legal_copy","","legal","inventory.legal.01ed07b56029","extracted","not_started","not_required","not_started","false"
"legacy.legal.gizli.bilgi.ticari.s.r.guvenlik.ac.s.ndan..b0f4e6f7","legal","legal","P0","Legal/Kullanim-Kosullari.md","52","Gizli bilgi, ticari sır, güvenlik açısından hassas alan, çocuk görüntüsü veya özel nitelikli kişisel veriyi hukuka aykırı şekilde yükleyemezsiniz.","","","","","","legal_copy","","legal","inventory.legal.b0f4e6f7ea8a","extracted","not_started","not_started","not_started","true"
"legacy.legal.ai.c.kt.s.n.kesin.uzman.raporu.resmi.delil.46027bda","legal","legal","P0","Legal/Kullanim-Kosullari.md","53","AI çıktısını kesin uzman raporu, resmi delil, hukuki güvence veya mevzuata uygunluk belgesi gibi sunamazsınız.","","","","","","legal_copy","","legal","inventory.legal.46027bda864a","extracted","not_started","not_required","not_started","false"
"legacy.legal.yuz.logo.veya.mekan.goruntusunun.analiz.ed.5b488311","legal","legal","P0","Legal/Kullanim-Kosullari.md","54","Yüz, logo veya mekan görüntüsünün analiz edilmesi o kişi, marka, şirket veya mekan hakkında doğrulanmış kusur isnadı anlamına gelmez.","","","","","","legal_copy","","legal","inventory.legal.5b488311309f","extracted","not_started","not_required","not_started","false"
"legacy.legal.4.yapay.zeka.c.kt.lar.64e4a8a7","legal","legal","P0","Legal/Kullanim-Kosullari.md","56","4. Yapay zeka çıktıları","","","","","","legal_copy","","legal","inventory.legal.64e4a8a7abb5","extracted","not_started","not_required","not_started","false"
"legacy.legal.ai.c.kt.lar.eksik.hatal.baglamdan.kopuk.gu.068e1f84","legal","legal","P0","Legal/Kullanim-Kosullari.md","58","AI çıktıları eksik, hatalı, bağlamdan kopuk, güncel olmayan veya sahadaki gerçek riski","","","","","","legal_copy","","legal","inventory.legal.068e1f8450aa","extracted","not_started","not_required","not_started","false"
"legacy.legal.tam.yans.tmayan.sonuclar.icerebilir.fotogr.2cbc6b05","legal","legal","P0","Legal/Kullanim-Kosullari.md","59","tam yansıtmayan sonuçlar içerebilir. Fotoğraf açısı, ışık, çözünürlük, kadraj, kapalı","","","","","","legal_copy","","legal","inventory.legal.2cbc6b05b5f2","extracted","not_started","not_required","not_started","false"
"legacy.legal.alanlar.eksik.gorsel.baglam.ve.model.s.n.r.56cb96b1","legal","legal","P0","Legal/Kullanim-Kosullari.md","60","alanlar, eksik görsel bağlam ve model sınırlamaları sonucu etkileyebilir.","","","","","","legal_copy","","legal","inventory.legal.56cb96b1803d","extracted","not_started","not_required","not_started","false"
"legacy.legal.kullan.c.sunlar.kabul.eder.32dedd31","legal","legal","P0","Legal/Kullanim-Kosullari.md","62","Kullanıcı şunları kabul eder:","","","","","","legal_copy","","legal","inventory.legal.32dedd318484","extracted","not_started","not_required","not_started","false"
"legacy.legal.ai.c.kt.lar.oneri.ve.karar.destek.niteligi.d3f4fe05","legal","legal","P0","Legal/Kullanim-Kosullari.md","64","AI çıktıları öneri ve karar destek niteliğindedir.","","","","","","legal_copy","","legal","inventory.legal.d3f4fe0582b2","extracted","not_started","not_required","not_started","false"
"legacy.legal.yuksek.riskli.veya.acil.durumlarda.yerinde.afde02e4","legal","legal","P0","Legal/Kullanim-Kosullari.md","65","Yüksek riskli veya acil durumlarda yerinde inceleme, uzman değerlendirmesi ve ilgili mevzuatın gerektirdiği resmi süreçler uygulanmalıdır.","","","","","","legal_copy","","legal","inventory.legal.afde02e499e2","extracted","not_started","not_started","not_started","true"
"legacy.legal.onerilen.onlemler.uygulanmadan.once.yetkil.b99f2cf2","legal","legal","P0","Legal/Kullanim-Kosullari.md","66","Önerilen önlemler uygulanmadan önce yetkili iş güvenliği uzmanı, mühendis, işyeri hekimi, avukat veya ilgili profesyonel tarafından kontrol edilmelidir.","","","","","","legal_copy","","legal","inventory.legal.b99f2cf2c0f8","extracted","not_started","not_started","not_started","true"
"legacy.legal.5.raporlar.risk.tablolar.ve.firma.bilgiler.efd8da95","legal","legal","P0","Legal/Kullanim-Kosullari.md","68","5. Raporlar, risk tabloları ve firma bilgileri","","","","","","legal_copy","","legal","inventory.legal.efd8da95e821","extracted","not_started","not_started","not_started","true"
"legacy.legal.uygulama.standart.rapor.risk.analizi.tablo.feeb4c45","legal","legal","P0","Legal/Kullanim-Kosullari.md","70","Uygulama standart rapor, risk analizi tablosu, PDF ve Excel çıktıları oluşturabilir.","","","","","","legal_copy","","legal","inventory.legal.feeb4c45408f","extracted","not_started","not_started","not_started","true"
"legacy.legal.raporlar.kullan.c.n.n.saglad.g.icerik.ve.a.8fc7a739","legal","legal","P0","Legal/Kullanim-Kosullari.md","71","Raporlar kullanıcının sağladığı içerik ve AI çıktıları temel alınarak hazırlanır.","","","","","","legal_copy","","legal","inventory.legal.8fc7a7398ad8","extracted","not_started","not_required","not_started","false"
"legacy.legal.raporlar.n.dogrulugu.sahaya.uygunlugu.payl.67bb5658","legal","legal","P0","Legal/Kullanim-Kosullari.md","72","Raporların doğruluğu, sahaya uygunluğu, paylaşılabilirliği ve kurum içi/resmi süreçlerde","","","","","","legal_copy","","legal","inventory.legal.67bb565824a2","extracted","not_started","not_required","not_started","false"
"legacy.legal.kullan.labilirligi.kullan.c.taraf.ndan.kon.21cfe429","legal","legal","P0","Legal/Kullanim-Kosullari.md","73","kullanılabilirliği kullanıcı tarafından kontrol edilmelidir.","","","","","","legal_copy","","legal","inventory.legal.21cfe42900ce","extracted","not_started","not_required","not_started","false"
"legacy.legal.firma.ad.logo.adres.ilgili.kisi.departman..83a2178f","legal","legal","P0","Legal/Kullanim-Kosullari.md","75","Firma adı, logo, adres, ilgili kişi, departman veya tehlike sınıfı gibi alanları","","","","","","legal_copy","","legal","inventory.legal.83a2178f210a","extracted","not_started","not_started","not_started","true"
"legacy.legal.girmeniz.halinde.bu.bilgiler.rapor.ve.arsi.ea9baa88","legal","legal","P0","Legal/Kullanim-Kosullari.md","76","girmeniz halinde bu bilgiler rapor ve arşivlerde kullanılabilir. Üçüncü kişilere veya","","","","","","legal_copy","","legal","inventory.legal.ea9baa88e0c4","extracted","not_started","not_required","not_started","false"
"legacy.legal.kurumlara.ait.bilgilerin.kullan.m.icin.ger.56de8047","legal","legal","P0","Legal/Kullanim-Kosullari.md","77","kurumlara ait bilgilerin kullanımı için gerekli yetki ve izin kullanıcının","","","","","","legal_copy","","legal","inventory.legal.56de8047dd5e","extracted","not_started","not_required","not_started","false"
"legacy.legal.sorumlulugundad.r.bb162ad4","legal","legal","P0","Legal/Kullanim-Kosullari.md","78","sorumluluğundadır.","","","","","","legal_copy","","legal","inventory.legal.bb162ad409f0","extracted","not_started","not_required","not_started","false"
"legacy.legal.6.free.plus.pro.ve.deneme.haklar.3e1bb404","legal","legal","P0","Legal/Kullanim-Kosullari.md","80","6. Free, Plus, Pro ve deneme hakları","","","","","","legal_copy","","legal","inventory.legal.3e1bb404c455","extracted","not_started","not_required","not_started","false"
"legacy.legal.riskdetected.ucretsiz.ve.ucretli.ozellikle.4c4c4220","legal","legal","P0","Legal/Kullanim-Kosullari.md","82","RiskDetected ücretsiz ve ücretli özellikler sunabilir.","","","","","","legal_copy","","legal","inventory.legal.4c4c42201a5a","extracted","not_started","not_required","not_started","false"
"legacy.legal.free.kullan.c.lar.icin.gunluk.standart.ana.2039272b","legal","legal","P0","Legal/Kullanim-Kosullari.md","84","Free kullanıcılar için günlük standart analiz hakkı ve sınırlı standart rapor hakkı tanımlanabilir.","","","","","","legal_copy","","legal","inventory.legal.2039272b0563","extracted","not_started","not_required","not_started","false"
"legacy.legal.free.kullan.c.ya.urunu.denemesi.icin.tek.s.bb3a3ee7","legal","legal","P0","Legal/Kullanim-Kosullari.md","85","Free kullanıcıya ürünü denemesi için tek seferlik risk analizi tablosu hakkı verilebilir.","","","","","","legal_copy","","legal","inventory.legal.bb3a3ee7d0b7","extracted","not_started","not_started","not_started","true"
"legacy.legal.plus.pro.planlar.gunluk.analiz.kotas.detay.1eeb01c5","legal","legal","P0","Legal/Kullanim-Kosullari.md","86","Plus/Pro planlar; günlük analiz kotası, detaylı analiz, firma takibi, PDF/XLSX, risk tablosu, logo/firma çıktıları, saklama süresi veya benzeri ek özellikler sunabilir.","","","","","","legal_copy","","legal","inventory.legal.1eeb01c514bd","extracted","not_started","not_started","not_started","true"
"legacy.legal.mesleki.ilerleme.mdp.rozet.ve.unvanlar.uyg.4c2dab5f","legal","legal","P0","Legal/Kullanim-Kosullari.md","87","Mesleki ilerleme, MDP, rozet ve ünvanlar uygulama içi motivasyon göstergesidir; resmi sertifika, yetki, kıdem veya mesleki unvan değildir.","","","","","","legal_copy","","legal","inventory.legal.4c2dab5f5644","extracted","not_started","not_required","not_started","false"
"legacy.legal.kotalar.deneme.haklar.ve.ozellik.kapsam.ko.2b93290e","legal","legal","P0","Legal/Kullanim-Kosullari.md","89","Kotalar, deneme hakları ve özellik kapsamı kötüye kullanım, teknik gereklilik, App","","","","","","legal_copy","","legal","inventory.legal.2b93290e34b3","extracted","not_started","not_required","not_started","false"
"legacy.legal.store.kurallar.veya.urun.plan.na.gore.degi.a1b56a41","legal","legal","P0","Legal/Kullanim-Kosullari.md","90","Store kuralları veya ürün planına göre değiştirilebilir. Önemli değişikliklerde","","","","","","legal_copy","","legal","inventory.legal.a1b56a41d8a2","extracted","not_started","not_required","not_started","false"
"legacy.legal.kullan.c.bilgilendirilir.e382f177","legal","legal","P0","Legal/Kullanim-Kosullari.md","91","kullanıcı bilgilendirilir.","","","","","","legal_copy","","legal","inventory.legal.e382f1776783","extracted","not_started","not_required","not_started","false"
"legacy.legal.7.abonelikler.ve.apple.cbfcadfe","legal","legal","P0","Legal/Kullanim-Kosullari.md","93","7. Abonelikler ve Apple","","","","","","legal_copy","","legal","inventory.legal.cbfcadfe58a1","extracted","not_started","not_required","not_started","false"
"legacy.legal.ucretli.ozellikler.apple.app.store.uzerind.b2704671","legal","legal","P0","Legal/Kullanim-Kosullari.md","95","Ücretli özellikler Apple App Store üzerinden uygulama içi satın alma veya abonelik","","","","","","legal_copy","","legal","inventory.legal.b2704671a666","extracted","not_started","not_required","not_started","false"
"legacy.legal.olarak.sunulabilir.odeme.yenileme.iptal.ia.c4b2af2d","legal","legal","P0","Legal/Kullanim-Kosullari.md","96","olarak sunulabilir. Ödeme, yenileme, iptal, iade ve abonelik yönetimi Apple'ın","","","","","","legal_copy","","legal","inventory.legal.c4b2af2db1ae","extracted","not_started","not_required","not_started","false"
"legacy.legal.kosullar.na.tabidir.apple.bu.kosullar.n.ta.4a4a5482","legal","legal","P0","Legal/Kullanim-Kosullari.md","97","koşullarına tabidir. Apple, bu Koşulların tarafı değildir; Hizmetin içeriğinden ve","","","","","","legal_copy","","legal","inventory.legal.4a4a5482f575","extracted","not_started","not_required","not_started","false"
"legacy.legal.kullan.c.destek.sureclerinden.riskdetected.feb48f3c","legal","legal","P0","Legal/Kullanim-Kosullari.md","98","kullanıcı destek süreçlerinden RiskDetected sorumludur.","","","","","","legal_copy","","legal","inventory.legal.feb48f3c13ba","extracted","not_started","not_required","not_started","false"
"legacy.legal.abonelik.ekranlar.nda.gosterilen.fiyat.sur.9b5aac28","legal","legal","P0","Legal/Kullanim-Kosullari.md","100","Abonelik ekranlarında gösterilen fiyat, süre, ücretsiz deneme, yenileme ve iptal","","","","","","legal_copy","","legal","inventory.legal.9b5aac28c0e5","extracted","not_started","not_required","not_started","false"
"legacy.legal.bilgileri.esas.al.n.r.aboneligi.iptal.etme.9ab5a684","legal","legal","P0","Legal/Kullanim-Kosullari.md","101","bilgileri esas alınır. Aboneliği iptal etmek, yenilemeyi durdurmak veya aboneliği","","","","","","legal_copy","","legal","inventory.legal.9ab5a684c19f","extracted","not_started","not_required","not_started","false"
"legacy.legal.yonetmek.icin.apple.id.abonelik.ayarlar.ku.f3cc4dff","legal","legal","P0","Legal/Kullanim-Kosullari.md","102","yönetmek için Apple ID abonelik ayarları kullanılmalıdır. Hesabın RiskDetected","","","","","","legal_copy","","legal","inventory.legal.f3cc4dff256d","extracted","not_started","not_required","not_started","false"
"legacy.legal.uygulamas.ndan.silinmesi.apple.taraf.ndan..3ad73864","legal","legal","P0","Legal/Kullanim-Kosullari.md","103","uygulamasından silinmesi, Apple tarafından yönetilen aktif abonelikleri otomatik olarak","","","","","","legal_copy","","legal","inventory.legal.3ad73864f68b","extracted","not_started","not_required","not_started","false"
"legacy.legal.iptal.etmeyebilir.4fbdd160","legal","legal","P0","Legal/Kullanim-Kosullari.md","104","iptal etmeyebilir.","","","","","","legal_copy","","legal","inventory.legal.4fbdd1605a0f","extracted","not_started","not_required","not_started","false"
"legacy.legal.kullan.c.izin.verirse.analiz.tamamland.rap.b328834a","legal","legal","P0","Legal/Kullanim-Kosullari.md","108","Kullanıcı izin verirse analiz tamamlandı, rapor hazır, hesap durumu, haftalık/aylık","","","","","","legal_copy","","legal","inventory.legal.b328834a070c","extracted","not_started","not_required","not_started","false"
"legacy.legal.mesleki.ozet.rozet.veya.unvan.bildirimleri.ac682605","legal","legal","P0","Legal/Kullanim-Kosullari.md","109","mesleki özet, rozet veya ünvan bildirimleri gönderilebilir. Bildirimler garanti","","","","","","legal_copy","","legal","inventory.legal.ac682605f88c","extracted","not_started","not_required","not_started","false"
"legacy.legal.edilmez.ag.cihaz.ayar.veya.apns.kaynakl.ge.f925741a","legal","legal","P0","Legal/Kullanim-Kosullari.md","110","edilmez; ağ, cihaz ayarı veya APNs kaynaklı gecikme/başarısızlık olabilir.","","","","","","legal_copy","","legal","inventory.legal.f925741aaa17","extracted","not_started","not_required","not_started","false"
"legacy.legal.9.fikri.mulkiyet.860802bb","legal","legal","P0","Legal/Kullanim-Kosullari.md","112","9. Fikri mülkiyet","","","","","","legal_copy","","legal","inventory.legal.860802bbb7cf","extracted","not_started","not_required","not_started","false"
"legacy.legal.riskdetected.ad.logosu.tasar.m.yaz.l.m.ara.23e00203","legal","legal","P0","Legal/Kullanim-Kosullari.md","114","RiskDetected adı, logosu, tasarımı, yazılımı, arayüzü, metinleri, rapor şablonları,","","","","","","legal_copy","","legal","inventory.legal.23e002031ab9","extracted","not_started","not_required","not_started","false"
"legacy.legal.veri.yap.lar.ve.hizmetin.diger.unsurlar.il.b4430915","legal","legal","P0","Legal/Kullanim-Kosullari.md","115","veri yapıları ve Hizmetin diğer unsurları ilgili hak sahiplerine aittir. İzinsiz","","","","","","legal_copy","","legal","inventory.legal.b4430915ae24","extracted","not_started","not_required","not_started","false"
"legacy.legal.kopyalanamaz.cogalt.lamaz.tersine.muhendis.2f2c1f79","legal","legal","P0","Legal/Kullanim-Kosullari.md","116","kopyalanamaz, çoğaltılamaz, tersine mühendisliğe tabi tutulamaz veya satılamaz.","","","","","","legal_copy","","legal","inventory.legal.2f2c1f792ee4","extracted","not_started","not_required","not_started","false"
"legacy.legal.kullan.c.yukledigi.iceriklerin.mulkiyetini.78a36d3d","legal","legal","P0","Legal/Kullanim-Kosullari.md","118","Kullanıcı yüklediği içeriklerin mülkiyetini elinde tutar. Hizmeti sunabilmemiz için","","","","","","legal_copy","","legal","inventory.legal.78a36d3d5d70","extracted","not_started","not_required","not_started","false"
"legacy.legal.kullan.c.yukledigi.icerikleri.analiz.etmek.3036c72b","legal","legal","P0","Legal/Kullanim-Kosullari.md","119","kullanıcı, yüklediği içerikleri analiz etmek, saklamak, raporlamak, teknik olarak","","","","","","legal_copy","","legal","inventory.legal.3036c72bf27c","extracted","not_started","not_required","not_started","false"
"legacy.legal.islemek.guvenligi.saglamak.ve.destek.talep.c31b4167","legal","legal","P0","Legal/Kullanim-Kosullari.md","120","işlemek, güvenliği sağlamak ve destek taleplerini çözmek amacıyla RiskDetected'e","","","","","","legal_copy","","legal","inventory.legal.c31b416783a0","extracted","not_started","not_started","not_started","true"
"legacy.legal.s.n.rl.hizmet.amacl.kullan.m.hakk.verir.6406539c","legal","legal","P0","Legal/Kullanim-Kosullari.md","121","sınırlı, hizmet amaçlı kullanım hakkı verir.","","","","","","legal_copy","","legal","inventory.legal.6406539c1e43","extracted","not_started","not_required","not_started","false"
"legacy.legal.10.yasak.kullan.mlar.d673e08f","legal","legal","P0","Legal/Kullanim-Kosullari.md","123","10. Yasak kullanımlar","","","","","","legal_copy","","legal","inventory.legal.d673e08f84dd","extracted","not_started","not_required","not_started","false"
"legacy.legal.hizmeti.asag.daki.amaclarla.kullanamazs.n..dface8c4","legal","legal","P0","Legal/Kullanim-Kosullari.md","125","Hizmeti aşağıdaki amaçlarla kullanamazsınız:","","","","","","legal_copy","","legal","inventory.legal.dface8c4364a","extracted","not_started","not_required","not_started","false"
"legacy.legal.hukuka.ayk.r.gozetim.takip.yuz.tan.ma.kiml.8fa0b47a","legal","legal","P0","Legal/Kullanim-Kosullari.md","127","Hukuka aykırı gözetim, takip, yüz tanıma, kimlik tespiti veya kişi fişleme.","","","","","","legal_copy","","legal","inventory.legal.8fa0b47ace68","extracted","not_started","not_required","not_started","false"
"legacy.legal.cal.san.musteri.ziyaretci.veya.ucuncu.kisi.2611eb8d","legal","legal","P0","Legal/Kullanim-Kosullari.md","128","Çalışan, müşteri, ziyaretçi veya üçüncü kişileri mevzuata aykırı izleme.","","","","","","legal_copy","","legal","inventory.legal.2611eb8d040f","extracted","not_started","not_required","not_started","false"
"legacy.legal.rakip.firma.musteri.isveren.veya.tesis.hak.8ee0c7d2","legal","legal","P0","Legal/Kullanim-Kosullari.md","129","Rakip firma, müşteri, işveren veya tesis hakkında izinsiz bilgi toplama.","","","","","","legal_copy","","legal","inventory.legal.8ee0c7d21706","extracted","not_started","not_required","not_started","false"
"legacy.legal.ticari.s.r.gizli.bilgi.veya.guvenlik.ac.g..d1faf40c","legal","legal","P0","Legal/Kullanim-Kosullari.md","130","Ticari sır, gizli bilgi veya güvenlik açığını izinsiz işleme.","","","","","","legal_copy","","legal","inventory.legal.d1faf40c80ea","extracted","not_started","not_started","not_started","true"
"legacy.legal.ai.c.kt.s.n.kesin.uzman.raporu.gibi.goster.8c90e219","legal","legal","P0","Legal/Kullanim-Kosullari.md","131","AI çıktısını kesin uzman raporu gibi göstermek.","","","","","","legal_copy","","legal","inventory.legal.8c90e21970d6","extracted","not_started","not_required","not_started","false"
"legacy.legal.kota.abonelik.paywall.guvenlik.veya.rls.me.5b6dde2b","legal","legal","P0","Legal/Kullanim-Kosullari.md","132","Kota, abonelik, paywall, güvenlik veya RLS mekanizmalarını aşmaya çalışmak.","","","","","","legal_copy","","legal","inventory.legal.5b6dde2b08ed","extracted","not_started","not_started","not_started","true"
"legacy.legal.zararl.yaz.l.m.spam.otomatik.kotuye.kullan.77818fb9","legal","legal","P0","Legal/Kullanim-Kosullari.md","133","Zararlı yazılım, spam, otomatik kötüye kullanım veya hizmeti aşırı yükleme.","","","","","","legal_copy","","legal","inventory.legal.77818fb91e45","extracted","not_started","not_required","not_started","false"
"legacy.legal.11.veri.koruma.0e22c79e","legal","legal","P0","Legal/Kullanim-Kosullari.md","135","11. Veri koruma","","","","","","legal_copy","","legal","inventory.legal.0e22c79ed580","extracted","not_started","not_required","not_started","false"
"legacy.legal.kisisel.verilerin.islenmesine.iliskin.ayr..8a541921","legal","legal","P0","Legal/Kullanim-Kosullari.md","137","Kişisel verilerin işlenmesine ilişkin ayrıntılar Gizlilik Politikası, KVKK Aydınlatma","","","","","","legal_copy","","legal","inventory.legal.8a5419211371","extracted","not_started","not_required","not_started","false"
"legacy.legal.metni.ve.ac.k.r.za.beyan.nda.ac.klan.r.bu..5ea04f84","legal","legal","P0","Legal/Kullanim-Kosullari.md","138","Metni ve Açık Rıza Beyanı'nda açıklanır. Bu metinleri uygulama içinden veya web","","","","","","legal_copy","","legal","inventory.legal.5ea04f847194","extracted","not_started","not_required","not_started","false"
"legacy.legal.baglant.lar.ndan.okuyabilirsiniz.96a36982","legal","legal","P0","Legal/Kullanim-Kosullari.md","139","bağlantılarından okuyabilirsiniz.","","","","","","legal_copy","","legal","inventory.legal.96a36982e4be","extracted","not_started","not_required","not_started","false"
"legacy.legal.12.hizmet.degisiklikleri.ve.erisim.6686d28c","legal","legal","P0","Legal/Kullanim-Kosullari.md","141","12. Hizmet değişiklikleri ve erişim","","","","","","legal_copy","","legal","inventory.legal.6686d28caa47","extracted","not_started","not_required","not_started","false"
"legacy.legal.riskdetected.hizmeti.gelistirebilir.degist.0a6b600c","legal","legal","P0","Legal/Kullanim-Kosullari.md","143","RiskDetected Hizmeti geliştirebilir, değiştirebilir, bazı özellikleri kaldırabilir,","","","","","","legal_copy","","legal","inventory.legal.0a6b600c2474","extracted","not_started","not_required","not_started","false"
"legacy.legal.bak.m.nedeniyle.gecici.olarak.durdurabilir.ff335cb8","legal","legal","P0","Legal/Kullanim-Kosullari.md","144","bakım nedeniyle geçici olarak durdurabilir veya güvenlik/uyumluluk gerekçesiyle","","","","","","legal_copy","","legal","inventory.legal.ff335cb8deb8","extracted","not_started","not_started","not_started","true"
"legacy.legal.erisimi.s.n.rlayabilir.9450d186","legal","legal","P0","Legal/Kullanim-Kosullari.md","145","erişimi sınırlayabilir.","","","","","","legal_copy","","legal","inventory.legal.9450d186b82f","extracted","not_started","not_required","not_started","false"
"legacy.legal.13.hesap.silme.ve.icerik.kald.rma.b6af1248","legal","legal","P0","Legal/Kullanim-Kosullari.md","147","13. Hesap silme ve içerik kaldırma","","","","","","legal_copy","","legal","inventory.legal.b6af12489bfb","extracted","not_started","not_required","not_started","false"
"legacy.legal.kullan.c.analiz.rapor.firma.ve.avatar.gibi.aeb16e26","legal","legal","P0","Legal/Kullanim-Kosullari.md","149","Kullanıcı analiz, rapor, firma ve avatar gibi içeriklerini uygulama içindeki ilgili","","","","","","legal_copy","","legal","inventory.legal.aeb16e268042","extracted","not_started","not_required","not_started","false"
"legacy.legal.ekranlardan.silebilir.veya.guncelleyebilir.61a36da4","legal","legal","P0","Legal/Kullanim-Kosullari.md","150","ekranlardan silebilir veya güncelleyebilir.","","","","","","legal_copy","","legal","inventory.legal.61a36da44fe4","extracted","not_started","not_required","not_started","false"
"legacy.legal.hesap.silme.islemi.uygulama.icinde.profil..c126491e","legal","legal","P0","Legal/Kullanim-Kosullari.md","152","Hesap silme işlemi uygulama içinde Profil > Hesabımı sil / Delete Account yolundan","","","","","","legal_copy","","legal","inventory.legal.c126491e6375","extracted","not_started","not_required","not_started","false"
"legacy.legal.baslat.l.r.ve.tamamlan.r.e.posta.destek.ka.69faf519","legal","legal","P0","Legal/Kullanim-Kosullari.md","153","başlatılır ve tamamlanır. E-posta, destek kanalı veya web sitesi hesap silme için zorunlu","","","","","","legal_copy","","legal","inventory.legal.69faf5198e38","extracted","not_started","not_required","not_started","false"
"legacy.legal.degildir.b5f798a0","legal","legal","P0","Legal/Kullanim-Kosullari.md","154","değildir.","","","","","","legal_copy","","legal","inventory.legal.b5f798a02ad6","extracted","not_started","not_required","not_started","false"
"legacy.legal.hesap.silme.onayland.g.nda.hesap.kayd.ve.h.0e05aec8","legal","legal","P0","Legal/Kullanim-Kosullari.md","156","Hesap silme onaylandığında hesap kaydı ve hesaba bağlı uygulama verileri kalıcı olarak","","","","","","legal_copy","","legal","inventory.legal.0e05aec85f1d","extracted","not_started","not_required","not_started","false"
"legacy.legal.silinir.yasal.saklama.yukumlulukleri.uyusm.357fdaf9","legal","legal","P0","Legal/Kullanim-Kosullari.md","157","silinir. Yasal saklama yükümlülükleri, uyuşmazlıklar, güvenlik kayıtları ve teknik","","","","","","legal_copy","","legal","inventory.legal.357fdaf9e051","extracted","not_started","not_started","not_started","true"
"legacy.legal.yedekleme.sureleri.sakl.kalabilir.082b645b","legal","legal","P0","Legal/Kullanim-Kosullari.md","158","yedekleme süreleri saklı kalabilir.","","","","","","legal_copy","","legal","inventory.legal.082b645be020","extracted","not_started","not_required","not_started","false"
"legacy.legal.aktif.app.store.abonelikleri.apple.id.abon.aa085d7b","legal","legal","P0","Legal/Kullanim-Kosullari.md","160","Aktif App Store abonelikleri Apple ID abonelik ayarlarından yönetilir. Hesabın","","","","","","legal_copy","","legal","inventory.legal.aa085d7b2e89","extracted","not_started","not_required","not_started","false"
"legacy.legal.silinmesi.apple.taraf.ndan.yonetilen.aktif.d3ac11e9","legal","legal","P0","Legal/Kullanim-Kosullari.md","161","silinmesi, Apple tarafından yönetilen aktif aboneliği otomatik olarak iptal","","","","","","legal_copy","","legal","inventory.legal.d3ac11e9e6e6","extracted","not_started","not_required","not_started","false"
"legacy.legal.14.ucuncu.taraf.hizmetleri.4e85b985","legal","legal","P0","Legal/Kullanim-Kosullari.md","164","14. Üçüncü taraf hizmetleri","","","","","","legal_copy","","legal","inventory.legal.4e85b9855f94","extracted","not_started","not_required","not_started","false"
"legacy.legal.hizmet.supabase.ai.saglay.c.lar.revenuecat.ceb7e924","legal","legal","P0","Legal/Kullanim-Kosullari.md","166","Hizmet; Supabase, AI sağlayıcıları, RevenueCat, Apple App Store, Apple/Google giriş","","","","","","legal_copy","","legal","inventory.legal.ceb7e9245d9e","extracted","not_started","not_required","not_started","false"
"legacy.legal.servisleri.apns.ve.destek.guvenlik.altyap..08b2782a","legal","legal","P0","Legal/Kullanim-Kosullari.md","167","servisleri, APNs ve destek/güvenlik altyapıları gibi üçüncü taraflardan yararlanabilir.","","","","","","legal_copy","","legal","inventory.legal.08b2782a3f86","extracted","not_started","not_started","not_started","true"
"legacy.legal.bu.taraflar.yaln.zca.hizmetin.sunulmas.ici.3effc66f","legal","legal","P0","Legal/Kullanim-Kosullari.md","168","Bu taraflar yalnızca Hizmetin sunulması için gerekli ölçüde veri işleyebilir.","","","","","","legal_copy","","legal","inventory.legal.3effc66f0cd4","extracted","not_started","not_required","not_started","false"
"legacy.legal.15.sorumluluk.s.n.r.dfd0ffed","legal","legal","P0","Legal/Kullanim-Kosullari.md","170","15. Sorumluluk sınırı","","","","","","legal_copy","","legal","inventory.legal.dfd0ffed4994","extracted","not_started","not_required","not_started","false"
"legacy.legal.emredici.hukuk.kurallar.sakl.kalmak.uzere..5418898f","legal","legal","P0","Legal/Kullanim-Kosullari.md","172","Emredici hukuk kuralları saklı kalmak üzere RiskDetected; Hizmetin kullanımından","","","","","","legal_copy","","legal","inventory.legal.5418898f3e34","extracted","not_started","not_required","not_started","false"
"legacy.legal.dogabilecek.dolayl.zararlar.kar.kayb.itiba.3f1b4114","legal","legal","P0","Legal/Kullanim-Kosullari.md","173","doğabilecek dolaylı zararlar, kar kaybı, itibar kaybı, üretim kaybı, veri kaybı,","","","","","","legal_copy","","legal","inventory.legal.3f1b411457d7","extracted","not_started","not_required","not_started","false"
"legacy.legal.yanl.s.karar.ucuncu.kisi.talepleri.veya.sa.ec3ab9cf","legal","legal","P0","Legal/Kullanim-Kosullari.md","174","yanlış karar, üçüncü kişi talepleri veya saha uygulama sonuçlarından sorumlu değildir.","","","","","","legal_copy","","legal","inventory.legal.ec3ab9cf3f30","extracted","not_started","not_required","not_started","false"
"legacy.legal.16.kosullar.n.degismesi.67cc2e73","legal","legal","P0","Legal/Kullanim-Kosullari.md","176","16. Koşulların değişmesi","","","","","","legal_copy","","legal","inventory.legal.67cc2e73e834","extracted","not_started","not_required","not_started","false"
"legacy.legal.bu.kosullar.mevzuat.apple.kurallar.teknik..6aecd366","legal","legal","P0","Legal/Kullanim-Kosullari.md","178","Bu Koşullar mevzuat, Apple kuralları, teknik gereksinimler veya Hizmet değişiklikleri","","","","","","legal_copy","","legal","inventory.legal.6aecd366acab","extracted","not_started","not_started","not_started","true"
"legacy.legal.nedeniyle.guncellenebilir.onemli.degisikli.a5e630f2","legal","legal","P0","Legal/Kullanim-Kosullari.md","179","nedeniyle güncellenebilir. Önemli değişikliklerde kullanıcıdan yeniden onay alınabilir","","","","","","legal_copy","","legal","inventory.legal.a5e630f29ab1","extracted","not_started","not_required","not_started","false"
"legacy.legal.veya.uygulama.icinde.bildirim.gosterilebil.aa192a4a","legal","legal","P0","Legal/Kullanim-Kosullari.md","180","veya uygulama içinde bildirim gösterilebilir.","","","","","","legal_copy","","legal","inventory.legal.aa192a4a1a45","extracted","not_started","not_required","not_started","false"
"legacy.legal.17.uygulanacak.hukuk.5f0231a5","legal","legal","P0","Legal/Kullanim-Kosullari.md","182","17. Uygulanacak hukuk","","","","","","legal_copy","","legal","inventory.legal.5f0231a560bf","extracted","not_started","not_required","not_started","false"
"legacy.legal.bu.kosullar.turkiye.cumhuriyeti.hukukuna.t.6bdaf294","legal","legal","P0","Legal/Kullanim-Kosullari.md","184","Bu Koşullar Türkiye Cumhuriyeti hukukuna tabidir. Tüketici sıfatına sahip kullanıcıların","","","","","","legal_copy","","legal","inventory.legal.6bdaf2949346","extracted","not_started","not_required","not_started","false"
"legacy.legal.emredici.haklar.sakl.d.r.uyusmazl.klarda.y.7d2511c7","legal","legal","P0","Legal/Kullanim-Kosullari.md","185","emredici hakları saklıdır. Uyuşmazlıklarda yürürlükteki mevzuat uyarınca yetkili","","","","","","legal_copy","","legal","inventory.legal.7d2511c7c5b4","extracted","not_started","not_started","not_started","true"
"legacy.legal.tuketici.hakem.heyetleri.tuketici.mahkemel.39057659","legal","legal","P0","Legal/Kullanim-Kosullari.md","186","tüketici hakem heyetleri, tüketici mahkemeleri veya genel yetkili mahkemeler görevli","","","","","","legal_copy","","legal","inventory.legal.39057659cec6","extracted","not_started","not_required","not_started","false"
"legacy.legal.18.iletisim.06862de2","legal","legal","P0","Legal/Kullanim-Kosullari.md","189","18. İletişim","","","","","","legal_copy","","legal","inventory.legal.06862de2de79","extracted","not_started","not_required","not_started","false"
"legacy.legal.e.posta.info.riskdetected.com.2a92e5f1","legal","legal","P0","Legal/Kullanim-Kosullari.md","191","E-posta: info@riskdetected.com","","","","","","legal_copy","","legal","inventory.legal.2a92e5f13203","extracted","not_started","not_required","not_started","false"
"legacy.legal.adres.eskisehir.1127410a","legal","legal","P0","Legal/Kullanim-Kosullari.md","192","Adres: Eskişehir","","","","","","legal_copy","","legal","inventory.legal.1127410a7bb7","extracted","not_started","not_required","not_started","false"
"legacy.legal.web.sitesi.https.riskdetected.com.4b70e30a","legal","legal","P0","Legal/Kullanim-Kosullari.md","193","Web sitesi: https://riskdetected.com","","","","","","legal_copy","","legal","inventory.legal.4b70e30a5e02","extracted","not_started","not_required","not_started","false"
"legacy.legal.uygulama.ici.destek.profil.destek.3b646349","legal","legal","P0","Legal/Kullanim-Kosullari.md","194","Uygulama içi destek: Profil > Destek","","","","","","legal_copy","","legal","inventory.legal.3b646349c4b2","extracted","not_started","not_required","not_started","false"
"legacy.legal.hesap.silme.destek.veya.iletisim.talebi.ol.8924d4b3","legal","legal","P0","Legal/Kullanim-Kosullari.md","196","Hesap silme, destek veya iletişim talebi olarak yürütülmez. Hesabınızı ve hesabınıza","","","","","","legal_copy","","legal","inventory.legal.8924d4b3e6bc","extracted","not_started","not_required","not_started","false"
"legacy.legal.bagl.uygulama.verilerini.silmek.icin.uygul.18225134","legal","legal","P0","Legal/Kullanim-Kosullari.md","197","bağlı uygulama verilerini silmek için uygulama içinde Profil > Hesabımı sil / Delete","","","","","","legal_copy","","legal","inventory.legal.18225134370a","extracted","not_started","not_required","not_started","false"
"legacy.legal.account.yolunu.kullanabilirsiniz.e.posta.d.90dc1525","legal","legal","P0","Legal/Kullanim-Kosullari.md","198","Account yolunu kullanabilirsiniz. E-posta, destek kanalı veya web sitesi hesap silme","","","","","","legal_copy","","legal","inventory.legal.90dc15255604","extracted","not_started","not_required","not_started","false"
"legacy.legal.icin.zorunlu.degildir.8a0f8996","legal","legal","P0","Legal/Kullanim-Kosullari.md","199","için zorunlu değildir.","","","","","","legal_copy","","legal","inventory.legal.8a0f8996810a","extracted","not_started","not_required","not_started","false"
"legacy.legal.riskdetected.kvkk.ayd.nlatma.metni.f36955ff","legal","legal","P0","Legal/KVKK-Aydinlatma-ve-Acik-Riza-Metni.md","1","RiskDetected KVKK Aydınlatma Metni","","","","","","legal_copy","","legal","inventory.legal.f36955ffe0c0","extracted","not_started","not_required","not_started","false"
"legacy.legal.yururluk.tarihi.8.temmuz.2026.e83138ca","legal","legal","P0","Legal/KVKK-Aydinlatma-ve-Acik-Riza-Metni.md","3","Yürürlük tarihi: 8 Temmuz 2026","","","","","","legal_copy","","legal","inventory.legal.e83138cade19","extracted","not_started","not_required","not_started","false"
"legacy.legal.belge.surumu.kvkk.2026.07.08.55469d5d","legal","legal","P0","Legal/KVKK-Aydinlatma-ve-Acik-Riza-Metni.md","4","Belge sürümü: kvkk-2026-07-08","","","","","","legal_copy","","legal","inventory.legal.55469d5d3ccb","extracted","not_started","not_required","not_started","false"
"legacy.legal.bu.metin.6698.say.l.kisisel.verilerin.koru.42b39e77","legal","legal","P0","Legal/KVKK-Aydinlatma-ve-Acik-Riza-Metni.md","6","Bu metin, 6698 sayılı Kişisel Verilerin Korunması Kanunu (""KVKK"") kapsamında","","","","","","legal_copy","","legal","inventory.legal.42b39e7709ab","extracted","not_started","not_required","not_started","false"
"legacy.legal.riskdetected.mobil.uygulamas.ve.baglant.l..908482ee","legal","legal","P0","Legal/KVKK-Aydinlatma-ve-Acik-Riza-Metni.md","7","RiskDetected mobil uygulaması ve bağlantılı hizmetlerde kişisel verilerin nasıl","","","","","","legal_copy","","legal","inventory.legal.908482eecf52","extracted","not_started","not_required","not_started","false"
"legacy.legal.islendigini.ac.klar.ac.k.r.zaya.dayal.isle.0628951c","legal","legal","P0","Legal/KVKK-Aydinlatma-ve-Acik-Riza-Metni.md","8","işlendiğini açıklar. Açık rızaya dayalı işlemler ayrıca ""Açık Rıza Beyanı"" içinde","","","","","","legal_copy","","legal","inventory.legal.0628951c5369","extracted","not_started","not_required","not_started","false"
"legacy.legal.veri.sorumlusu.ve.iletisim.bilgileri.6a42ad67","legal","legal","P0","Legal/KVKK-Aydinlatma-ve-Acik-Riza-Metni.md","11","Veri sorumlusu ve iletişim bilgileri:","","","","","","legal_copy","","legal","inventory.legal.6a42ad67698e","extracted","not_started","not_required","not_started","false"
"legacy.legal.veri.sorumlusu.riskdetected.67f2aec4","legal","legal","P0","Legal/KVKK-Aydinlatma-ve-Acik-Riza-Metni.md","13","Veri sorumlusu: Riskdetected","","","","","","legal_copy","","legal","inventory.legal.67f2aec46e1c","extracted","not_started","not_required","not_started","false"
"legacy.legal.mersis.vkn.tckn.21832867210.6d4a37f1","legal","legal","P0","Legal/KVKK-Aydinlatma-ve-Acik-Riza-Metni.md","14","MERSİS/VKN/TCKN: 21832867210","","","","","","legal_copy","","legal","inventory.legal.6d4a37f1d7d2","extracted","not_started","not_required","not_started","false"
"legacy.legal.verbis.durumu.degerlendirme.asamas.nda.0f10f7ff","legal","legal","P0","Legal/KVKK-Aydinlatma-ve-Acik-Riza-Metni.md","18","VERBİS durumu: Değerlendirme aşamasında","","","","","","legal_copy","","legal","inventory.legal.0f10f7fffe36","extracted","not_started","not_required","not_started","false"
"legacy.legal.riskdetected.fotograf.uzerinden.is.sagl.g..8b83d3ac","legal","legal","P0","Legal/KVKK-Aydinlatma-ve-Acik-Riza-Metni.md","22","RiskDetected; fotoğraf üzerinden iş sağlığı ve güvenliği odaklı yapay zeka analizi,","","","","","","legal_copy","","legal","inventory.legal.8b83d3ac233d","extracted","not_started","not_started","not_started","true"
"legacy.legal.risk.bulgu.uretimi.raporlama.firma.takibi..6ab736fb","legal","legal","P0","Legal/KVKK-Aydinlatma-ve-Acik-Riza-Metni.md","23","risk/bulgu üretimi, raporlama, firma takibi, mesleki ilerleme ve abonelik yönetimi","","","","","","legal_copy","","legal","inventory.legal.6ab736fbdd5a","extracted","not_started","not_started","not_started","true"
"legacy.legal.sunar.uygulama.resmi.denetim.hukuki.uygunl.d6acce3a","legal","legal","P0","Legal/KVKK-Aydinlatma-ve-Acik-Riza-Metni.md","24","sunar. Uygulama resmi denetim, hukuki uygunluk garantisi veya iş güvenliği uzmanı","","","","","","legal_copy","","legal","inventory.legal.d6acce3a090e","extracted","not_started","not_started","not_started","true"
"legacy.legal.yerine.gecen.bir.karar.mekanizmas.degildir.64be3e69","legal","legal","P0","Legal/KVKK-Aydinlatma-ve-Acik-Riza-Metni.md","25","yerine geçen bir karar mekanizması değildir.","","","","","","legal_copy","","legal","inventory.legal.64be3e69a014","extracted","not_started","not_required","not_started","false"
"legacy.legal.yeni.analizler.fotograf.yukleme.veya.kamer.2651a171","legal","legal","P0","Legal/KVKK-Aydinlatma-ve-Acik-Riza-Metni.md","27","Yeni analizler fotoğraf yükleme veya kamera ile çekim üzerinden başlatılır. Önceki","","","","","","legal_copy","","legal","inventory.legal.2651a17161c9","extracted","not_started","not_required","not_started","false"
"legacy.legal.surumlerde.olusturulmus.metin.girdileri.ya.2adde0d1","legal","legal","P0","Legal/KVKK-Aydinlatma-ve-Acik-Riza-Metni.md","28","sürümlerde oluşturulmuş metin girdileri, yalnızca geçmiş analiz kaydı, veri dışa","","","","","","legal_copy","","legal","inventory.legal.2adde0d1e767","extracted","not_started","not_required","not_started","false"
"legacy.legal.aktarma.hesap.silme.ve.hukuki.saklama.sure.6c9ba04b","legal","legal","P0","Legal/KVKK-Aydinlatma-ve-Acik-Riza-Metni.md","29","aktarma, hesap silme ve hukuki saklama süreçleri kapsamında işlenebilir.","","","","","","legal_copy","","legal","inventory.legal.6c9ba04bbc9d","extracted","not_started","not_required","not_started","false"
"legacy.legal.2.islenen.kisisel.veriler.af0aa4c8","legal","legal","P0","Legal/KVKK-Aydinlatma-ve-Acik-Riza-Metni.md","31","2. İşlenen kişisel veriler","","","","","","legal_copy","","legal","inventory.legal.af0aa4c8aabc","extracted","not_started","not_required","not_started","false"
"legacy.legal.riskdetected.kapsam.nda.asag.daki.veri.kat.51286253","legal","legal","P0","Legal/KVKK-Aydinlatma-ve-Acik-Riza-Metni.md","33","RiskDetected kapsamında aşağıdaki veri kategorileri işlenebilir:","","","","","","legal_copy","","legal","inventory.legal.51286253b625","extracted","not_started","not_required","not_started","false"
"legacy.legal.hesap.ve.kimlik.verileri.kullan.c.id.ad.so.954720d1","legal","legal","P0","Legal/KVKK-Aydinlatma-ve-Acik-Riza-Metni.md","35","Hesap ve kimlik verileri: kullanıcı ID, ad-soyad, profil adı, avatar, giriş yöntemi, hesap durumu.","","","","","","legal_copy","","legal","inventory.legal.954720d12fc3","extracted","not_started","not_required","not_started","false"
"legacy.legal.iletisim.verileri.e.posta.destek.mesajlar..52fbe491","legal","legal","P0","Legal/KVKK-Aydinlatma-ve-Acik-Riza-Metni.md","36","İletişim verileri: e-posta, destek mesajları, isteğe bağlı telefon veya firma iletişim bilgileri.","","","","","","legal_copy","","legal","inventory.legal.52fbe4910d03","extracted","not_started","not_required","not_started","false"
"legacy.legal.onboarding.ve.mesleki.baglam.verileri.uzma.db6facb2","legal","legal","P0","Legal/KVKK-Aydinlatma-ve-Acik-Riza-Metni.md","37","Onboarding ve mesleki bağlam verileri: uzmanlık sınıfı, tehlike sınıfı, sektörler, çalışma alanı, analiz sıklığı, kullanım amacı ve benzeri yanıtlar.","","","","","","legal_copy","","legal","inventory.legal.db6facb29505","extracted","not_started","not_started","not_started","true"
"legacy.legal.analiz.verileri.fotograflar.onceki.surumle.8643591b","legal","legal","P0","Legal/KVKK-Aydinlatma-ve-Acik-Riza-Metni.md","38","Analiz verileri: fotoğraflar, önceki sürümlerde oluşturulmuş metin girdileri, seçilen canvas/analiz odağı, analiz modu, AI çıktıları, bulgular, risk seviyeleri, kök neden, önerilen aksiyon, referans bilgileri, skorlar ve analiz durumu.","","","","","","legal_copy","","legal","inventory.legal.8643591b951e","extracted","not_started","not_started","not_started","true"
"legacy.legal.gorsel.icerik.verileri.cal.san.ziyaretci.g.f5a12f1e","legal","legal","P0","Legal/KVKK-Aydinlatma-ve-Acik-Riza-Metni.md","39","Görsel içerik verileri: çalışan/ziyaretçi görüntüsü, yüz, iş kıyafeti, KKD, ekipman, makine, tabela, logo, plaka, tesis, fabrika, maden, inşaat alanı veya görselde bulunan diğer bilgiler.","","","","","","legal_copy","","legal","inventory.legal.f5a12f1e10c3","extracted","not_started","not_required","not_started","false"
"legacy.legal.rapor.verileri.pdf.xlsx.c.kt.lar.rapor.bas.79b5f0b4","legal","legal","P0","Legal/KVKK-Aydinlatma-ve-Acik-Riza-Metni.md","40","Rapor verileri: PDF/XLSX çıktıları, rapor başlığı, rapor türü, risk tablosu, firma bilgisi, firma logosu, hazırlayan bilgisi, belge numarası ve paylaşım/indirme kayıtları.","","","","","","legal_copy","","legal","inventory.legal.79b5f0b41e3f","extracted","not_started","not_started","not_started","true"
"legacy.legal.firma.yonetimi.verileri.firma.ad.tehlike.s.1968b702","legal","legal","P0","Legal/KVKK-Aydinlatma-ve-Acik-Riza-Metni.md","41","Firma yönetimi verileri: firma adı, tehlike sınıfı, logo, adres, ilgili kişi, departman, varsayılan sorumlu, termin günü, arşiv durumu.","","","","","","legal_copy","","legal","inventory.legal.1968b702f209","extracted","not_started","not_started","not_started","true"
"legacy.legal.abonelik.ve.kota.verileri.free.plus.pro.pl.005f7fef","legal","legal","P0","Legal/KVKK-Aydinlatma-ve-Acik-Riza-Metni.md","42","Abonelik ve kota verileri: Free/Plus/Pro plan durumu, hak/kota kullanımı, RevenueCat/App Store ürün ve işlem bilgileri, deneme hakkı ve yenileme/iptal olayları. Kart bilgileri RiskDetected tarafından saklanmaz.","","","","","","legal_copy","","legal","inventory.legal.005f7fef33be","extracted","not_started","not_required","not_started","false"
"legacy.legal.mesleki.ilerleme.verileri.mdp.puan.uygulam.e546c3d5","legal","legal","P0","Legal/KVKK-Aydinlatma-ve-Acik-Riza-Metni.md","43","Mesleki ilerleme verileri: MDP puanı, uygulama içi ünvan, rozet, yetkinlik alanları, bulgu sınıflandırmaları, haftalık takip, aktif gün, başarı mesajları ve ilgili istatistikler.","","","","","","legal_copy","","legal","inventory.legal.e546c3d57fe0","extracted","not_started","not_required","not_started","false"
"legacy.legal.bildirim.verileri.apns.cihaz.token.bildiri.4c78bda6","legal","legal","P0","Legal/KVKK-Aydinlatma-ve-Acik-Riza-Metni.md","44","Bildirim verileri: APNs cihaz tokenı, bildirim tercihleri, gönderim durumu, hata kayıtları ve bildirim olayları.","","","","","","legal_copy","","legal","inventory.legal.4c78bda66c9a","extracted","not_started","not_required","not_started","false"
"legacy.legal.teknik.ve.islem.guvenligi.verileri.ip.adre.3a49edf0","legal","legal","P0","Legal/KVKK-Aydinlatma-ve-Acik-Riza-Metni.md","45","Teknik ve işlem güvenliği verileri: IP adresi, cihaz/uygulama bilgisi, oturum kayıtları, destek ID, request ID, hata kodları, performans, model/provider, token sayısı, fallback ve AI kullanım logları.","","","","","","legal_copy","","legal","inventory.legal.3a49edf004a7","extracted","not_started","not_started","not_started","true"
"legacy.legal.hukuki.islem.verileri.kvkk.sozlesme.onay.k.f2e43723","legal","legal","P0","Legal/KVKK-Aydinlatma-ve-Acik-Riza-Metni.md","46","Hukuki işlem verileri: KVKK/sözleşme/onay kayıtları, başvuru, uyuşmazlık, hesap silme ve veri imha kayıtları.","","","","","","legal_copy","","legal","inventory.legal.f2e43723d537","extracted","not_started","not_required","not_started","false"
"legacy.legal.fotograflar.ozel.nitelikli.kisisel.veri.ic.282fdf93","legal","legal","P0","Legal/KVKK-Aydinlatma-ve-Acik-Riza-Metni.md","48","Fotoğraflar özel nitelikli kişisel veri içerebilir. Örneğin sağlık durumu, yaralanma,","","","","","","legal_copy","","legal","inventory.legal.282fdf93234f","extracted","not_started","not_required","not_started","false"
"legacy.legal.engellilik.dini.siyasi.sendikal.semboller..0d5392b6","legal","legal","P0","Legal/KVKK-Aydinlatma-ve-Acik-Riza-Metni.md","49","engellilik, dini/siyasi/sendikal semboller, çocuk görüntüsü veya benzeri hassas bilgiler","","","","","","legal_copy","","legal","inventory.legal.0d5392b6ad1b","extracted","not_started","not_required","not_started","false"
"legacy.legal.gorunebilir.riskdetected.bu.verileri.ozell.5ebcab5d","legal","legal","P0","Legal/KVKK-Aydinlatma-ve-Acik-Riza-Metni.md","50","görünebilir. RiskDetected bu verileri özellikle talep etmez; ancak kullanıcı tarafından","","","","","","legal_copy","","legal","inventory.legal.5ebcab5dacd3","extracted","not_started","not_required","not_started","false"
"legacy.legal.yuklenen.icerikte.bulunursa.analiz.ve.rapo.1e32f61d","legal","legal","P0","Legal/KVKK-Aydinlatma-ve-Acik-Riza-Metni.md","51","yüklenen içerikte bulunursa analiz ve raporlama amacıyla sınırlı şekilde işlenebilir.","","","","","","legal_copy","","legal","inventory.legal.1e32f61d5679","extracted","not_started","not_required","not_started","false"
"legacy.legal.riskdetected.yuz.tan.ma.biyometrik.kimlik..5e29cb75","legal","legal","P0","Legal/KVKK-Aydinlatma-ve-Acik-Riza-Metni.md","53","RiskDetected yüz tanıma, biyometrik kimlik doğrulama veya kişiyi benzersiz şekilde","","","","","","legal_copy","","legal","inventory.legal.5e29cb75ad66","extracted","not_started","not_required","not_started","false"
"legacy.legal.teshis.etme.amac.yla.hizmet.sunmaz.bd3551fa","legal","legal","P0","Legal/KVKK-Aydinlatma-ve-Acik-Riza-Metni.md","54","teşhis etme amacıyla hizmet sunmaz.","","","","","","legal_copy","","legal","inventory.legal.bd3551faf590","extracted","not_started","not_required","not_started","false"
"legacy.legal.3.isleme.amaclar.0f5890f6","legal","legal","P0","Legal/KVKK-Aydinlatma-ve-Acik-Riza-Metni.md","56","3. İşleme amaçları","","","","","","legal_copy","","legal","inventory.legal.0f5890f6cb29","extracted","not_started","not_required","not_started","false"
"legacy.legal.kisisel.veriler.su.amaclarla.islenir.26a3703f","legal","legal","P0","Legal/KVKK-Aydinlatma-ve-Acik-Riza-Metni.md","58","Kişisel veriler şu amaçlarla işlenir:","","","","","","legal_copy","","legal","inventory.legal.26a3703f7bb0","extracted","not_started","not_required","not_started","false"
"legacy.legal.hesap.olusturmak.oturum.guvenligini.saglam.355aed33","legal","legal","P0","Legal/KVKK-Aydinlatma-ve-Acik-Riza-Metni.md","60","Hesap oluşturmak, oturum güvenliğini sağlamak ve kullanıcıyı tanımak.","","","","","","legal_copy","","legal","inventory.legal.355aed333bd3","extracted","not_started","not_started","not_started","true"
"legacy.legal.fotograf.uzerinden.ai.destekli.risk.tehlik.5b7b62d2","legal","legal","P0","Legal/KVKK-Aydinlatma-ve-Acik-Riza-Metni.md","61","Fotoğraf üzerinden AI destekli risk, tehlike, önlem ve rapor çıktısı üretmek.","","","","","","legal_copy","","legal","inventory.legal.5b7b62d21b3e","extracted","not_started","not_started","not_started","true"
"legacy.legal.analizleri.bulgular.firma.bilgilerini.pdf..b39f5bd7","legal","legal","P0","Legal/KVKK-Aydinlatma-ve-Acik-Riza-Metni.md","62","Analizleri, bulguları, firma bilgilerini, PDF/XLSX raporlarını ve arşivleri kullanıcı hesabına bağlamak.","","","","","","legal_copy","","legal","inventory.legal.b39f5bd7e9eb","extracted","not_started","not_required","not_started","false"
"legacy.legal.free.plus.pro.kota.abonelik.deneme.hakk.ve.4b7bb21f","legal","legal","P0","Legal/KVKK-Aydinlatma-ve-Acik-Riza-Metni.md","63","Free/Plus/Pro kota, abonelik, deneme hakkı ve özellik erişimini yönetmek.","","","","","","legal_copy","","legal","inventory.legal.4b7bb21fdab3","extracted","not_started","not_required","not_started","false"
"legacy.legal.profil.avatar.firma.logosu.rapor.sablonu.v.14dadb8c","legal","legal","P0","Legal/KVKK-Aydinlatma-ve-Acik-Riza-Metni.md","64","Profil avatarı, firma logosu, rapor şablonu ve rapor firması gibi isteğe bağlı içerikleri göstermek.","","","","","","legal_copy","","legal","inventory.legal.14dadb8c47e8","extracted","not_started","not_required","not_started","false"
"legacy.legal.mesleki.ilerleme.modulunde.mdp.unvan.rozet.5c25edfe","legal","legal","P0","Legal/KVKK-Aydinlatma-ve-Acik-Riza-Metni.md","65","Mesleki ilerleme modülünde MDP, ünvan, rozet, yetkinlik haritası, haftalık takip ve başarı mesajlarını hesaplamak.","","","","","","legal_copy","","legal","inventory.legal.5c25edfef0da","extracted","not_started","not_required","not_started","false"
"legacy.legal.bildirim.tercihlerini.yonetmek.ve.analiz.r.7a880b99","legal","legal","P0","Legal/KVKK-Aydinlatma-ve-Acik-Riza-Metni.md","66","Bildirim tercihlerini yönetmek ve analiz/rapor/hesap/progress bildirimleri göndermek.","","","","","","legal_copy","","legal","inventory.legal.7a880b99becb","extracted","not_started","not_required","not_started","false"
"legacy.legal.hata.giderme.guvenlik.kotuye.kullan.m.onle.6643c43d","legal","legal","P0","Legal/KVKK-Aydinlatma-ve-Acik-Riza-Metni.md","67","Hata giderme, güvenlik, kötüye kullanım önleme, servis sürekliliği, maliyet kontrolü ve kalite izleme yapmak.","","","","","","legal_copy","","legal","inventory.legal.6643c43ddb37","extracted","not_started","not_started","not_started","true"
"legacy.legal.destek.veri.erisimi.veri.silme.uygulama.ic.c9145198","legal","legal","P0","Legal/KVKK-Aydinlatma-ve-Acik-Riza-Metni.md","68","Destek, veri erişimi, veri silme, uygulama içi hesap silme işlemi ve hukuki talepleri karşılamak.","","","","","","legal_copy","","legal","inventory.legal.c9145198ee21","extracted","not_started","not_required","not_started","false"
"legacy.legal.hukuki.yukumlulukleri.denetim.ve.uyusmazl..8e25fc8d","legal","legal","P0","Legal/KVKK-Aydinlatma-ve-Acik-Riza-Metni.md","69","Hukuki yükümlülükleri, denetim ve uyuşmazlık süreçlerini yürütmek.","","","","","","legal_copy","","legal","inventory.legal.8e25fc8d74fc","extracted","not_started","not_required","not_started","false"
"legacy.legal.kullan.c.icerikleri.ac.k.izin.olmadan.rekl.7ac3a576","legal","legal","P0","Legal/KVKK-Aydinlatma-ve-Acik-Riza-Metni.md","71","Kullanıcı içerikleri açık izin olmadan reklamda, kamuya açık tanıtımda veya üçüncü","","","","","","legal_copy","","legal","inventory.legal.7ac3a576a66a","extracted","not_started","not_required","not_started","false"
"legacy.legal.kisilere.bag.ms.z.profil.c.karma.amac.yla..84a040db","legal","legal","P0","Legal/KVKK-Aydinlatma-ve-Acik-Riza-Metni.md","72","kişilere bağımsız profil çıkarma amacıyla kullanılmaz.","","","","","","legal_copy","","legal","inventory.legal.84a040dbcbf2","extracted","not_started","not_required","not_started","false"
"legacy.legal.4.hukuki.sebepler.6241a5b9","legal","legal","P0","Legal/KVKK-Aydinlatma-ve-Acik-Riza-Metni.md","74","4. Hukuki sebepler","","","","","","legal_copy","","legal","inventory.legal.6241a5b9de69","extracted","not_started","not_required","not_started","false"
"legacy.legal.kisisel.veriler.kvkk.n.n.5.maddesi.kapsam..d9a66a9a","legal","legal","P0","Legal/KVKK-Aydinlatma-ve-Acik-Riza-Metni.md","76","Kişisel veriler KVKK'nın 5. maddesi kapsamında aşağıdaki hukuki sebeplerle işlenebilir:","","","","","","legal_copy","","legal","inventory.legal.d9a66a9a2bf7","extracted","not_started","not_required","not_started","false"
"legacy.legal.sozlesmenin.kurulmas.veya.ifas.uyelik.anal.b31fc648","legal","legal","P0","Legal/KVKK-Aydinlatma-ve-Acik-Riza-Metni.md","78","Sözleşmenin kurulması veya ifası: üyelik, analiz, rapor, abonelik ve destek hizmetlerinin sunulması.","","","","","","legal_copy","","legal","inventory.legal.b31fc648118e","extracted","not_started","not_required","not_started","false"
"legacy.legal.hukuki.yukumluluk.mevzuat.resmi.kurum.tale.1f0ec6c9","legal","legal","P0","Legal/KVKK-Aydinlatma-ve-Acik-Riza-Metni.md","79","Hukuki yükümlülük: mevzuat, resmi kurum talepleri, muhasebe/abonelik kayıtları ve denetim yükümlülükleri.","","","","","","legal_copy","","legal","inventory.legal.1f0ec6c9e06c","extracted","not_started","not_started","not_started","true"
"legacy.legal.bir.hakk.n.tesisi.kullan.lmas.veya.korunma.d56232ff","legal","legal","P0","Legal/KVKK-Aydinlatma-ve-Acik-Riza-Metni.md","80","Bir hakkın tesisi, kullanılması veya korunması: uyuşmazlık, destek, güvenlik, ispat ve savunma süreçleri.","","","","","","legal_copy","","legal","inventory.legal.d56232ff82a7","extracted","not_started","not_started","not_started","true"
"legacy.legal.mesru.menfaat.guvenlik.hata.giderme.kotuye.0f3b791e","legal","legal","P0","Legal/KVKK-Aydinlatma-ve-Acik-Riza-Metni.md","81","Meşru menfaat: güvenlik, hata giderme, kötüye kullanım önleme, servis kalitesi, maliyet ve performans takibi.","","","","","","legal_copy","","legal","inventory.legal.0f3b791e8e3b","extracted","not_started","not_started","not_started","true"
"legacy.legal.ac.k.r.za.ozel.nitelikli.veri.icerebilecek.8eab8fd8","legal","legal","P0","Legal/KVKK-Aydinlatma-ve-Acik-Riza-Metni.md","82","Açık rıza: özel nitelikli veri içerebilecek görsellerin analizi, yurt dışı aktarımın açık rızaya dayandığı haller, zorunlu olmayan pazarlama iletişimi ve benzeri faaliyetler.","","","","","","legal_copy","","legal","inventory.legal.8eab8fd8b8ad","extracted","not_started","not_required","not_started","false"
"legacy.legal.5.toplama.yontemi.9479b060","legal","legal","P0","Legal/KVKK-Aydinlatma-ve-Acik-Riza-Metni.md","84","5. Toplama yöntemi","","","","","","legal_copy","","legal","inventory.legal.9479b060c03f","extracted","not_started","not_required","not_started","false"
"legacy.legal.veriler.uygulamaya.kay.t.giris.onboarding..0a180e79","legal","legal","P0","Legal/KVKK-Aydinlatma-ve-Acik-Riza-Metni.md","86","Veriler; uygulamaya kayıt/giriş, onboarding, fotoğraf çekme veya galeriden seçme,","","","","","","legal_copy","","legal","inventory.legal.0a180e79177f","extracted","not_started","not_required","not_started","false"
"legacy.legal.analiz.baslatma.canvas.rapor.firma.secimi..c193bd28","legal","legal","P0","Legal/KVKK-Aydinlatma-ve-Acik-Riza-Metni.md","87","analiz başlatma, canvas/rapor/firma seçimi, rapor oluşturma/indirme, profil fotoğrafı","","","","","","legal_copy","","legal","inventory.legal.c193bd28c596","extracted","not_started","not_required","not_started","false"
"legacy.legal.veya.firma.logosu.yukleme.bildirim.izni.ve.a1572f2a","legal","legal","P0","Legal/KVKK-Aydinlatma-ve-Acik-Riza-Metni.md","88","veya firma logosu yükleme, bildirim izni verme, abonelik satın alma, destek talebi ve","","","","","","legal_copy","","legal","inventory.legal.a1572f2ad692","extracted","not_started","not_required","not_started","false"
"legacy.legal.uygulama.ici.teknik.loglar.yoluyla.otomati.55cf29fc","legal","legal","P0","Legal/KVKK-Aydinlatma-ve-Acik-Riza-Metni.md","89","uygulama içi teknik loglar yoluyla otomatik veya kısmen otomatik olarak elektronik","","","","","","legal_copy","","legal","inventory.legal.55cf29fc658d","extracted","not_started","not_required","not_started","false"
"legacy.legal.ortamda.toplan.r.55251bd5","legal","legal","P0","Legal/KVKK-Aydinlatma-ve-Acik-Riza-Metni.md","90","ortamda toplanır.","","","","","","legal_copy","","legal","inventory.legal.55251bd51065","extracted","not_started","not_required","not_started","false"
"legacy.legal.6.aktar.m.yap.lan.taraflar.30496eb3","legal","legal","P0","Legal/KVKK-Aydinlatma-ve-Acik-Riza-Metni.md","92","6. Aktarım yapılan taraflar","","","","","","legal_copy","","legal","inventory.legal.30496eb30b47","extracted","not_started","not_required","not_started","false"
"legacy.legal.kisisel.veriler.amacla.s.n.rl.ve.gerekli.o.a3cbddae","legal","legal","P0","Legal/KVKK-Aydinlatma-ve-Acik-Riza-Metni.md","94","Kişisel veriler amaçla sınırlı ve gerekli ölçüde aşağıdaki alıcı gruplarına aktarılabilir:","","","","","","legal_copy","","legal","inventory.legal.a3cbddae14db","extracted","not_started","not_required","not_started","false"
"legacy.legal.supabase.kimlik.dogrulama.veri.taban.dosya.eca29a74","legal","legal","P0","Legal/KVKK-Aydinlatma-ve-Acik-Riza-Metni.md","96","Supabase: kimlik doğrulama, veri tabanı, dosya saklama, edge functions ve teknik altyapı.","","","","","","legal_copy","","legal","inventory.legal.eca29a7489cc","extracted","not_started","not_required","not_started","false"
"legacy.legal.google.gemini.google.ai.ve.gerektiginde.gr.de3b7e7b","legal","legal","P0","Legal/KVKK-Aydinlatma-ve-Acik-Riza-Metni.md","97","Google Gemini/Google AI ve gerektiğinde Groq: AI analiz yanıtı üretimi ve süreklilik/fallback.","","","","","","legal_copy","","legal","inventory.legal.de3b7e7be424","extracted","not_started","not_required","not_started","false"
"legacy.legal.apple.app.store.ve.revenuecat.abonelik.sat.93d90244","legal","legal","P0","Legal/KVKK-Aydinlatma-ve-Acik-Riza-Metni.md","98","Apple App Store ve RevenueCat: abonelik, satın alma, deneme, entitlement ve ödeme doğrulama.","","","","","","legal_copy","","legal","inventory.legal.93d90244b865","extracted","not_started","not_required","not_started","false"
"legacy.legal.apple.push.notification.service.apns.bildi.e37e5dd5","legal","legal","P0","Legal/KVKK-Aydinlatma-ve-Acik-Riza-Metni.md","99","Apple Push Notification service (APNs): bildirim gönderimi.","","","","","","legal_copy","","legal","inventory.legal.e37e5dd5ccf6","extracted","not_started","not_required","not_started","false"
"legacy.legal.google.sign.in.ve.apple.sign.in.tercih.edi.5802c1e5","legal","legal","P0","Legal/KVKK-Aydinlatma-ve-Acik-Riza-Metni.md","100","Google Sign-In ve Apple Sign-In: tercih edilen giriş yöntemi kullanıldığında kimlik doğrulama.","","","","","","legal_copy","","legal","inventory.legal.5802c1e52c3c","extracted","not_started","not_required","not_started","false"
"legacy.legal.teknik.destek.guvenlik.hukuki.ve.mali.dan..43dffefc","legal","legal","P0","Legal/KVKK-Aydinlatma-ve-Acik-Riza-Metni.md","101","Teknik destek, güvenlik, hukuki ve mali danışmanlar.","","","","","","legal_copy","","legal","inventory.legal.43dffefcf38f","extracted","not_started","not_started","not_started","true"
"legacy.legal.yetkili.kamu.kurumlar.mahkemeler.ve.duzenl.d01c4953","legal","legal","P0","Legal/KVKK-Aydinlatma-ve-Acik-Riza-Metni.md","102","Yetkili kamu kurumları, mahkemeler ve düzenleyici otoriteler.","","","","","","legal_copy","","legal","inventory.legal.d01c49534306","extracted","not_started","not_required","not_started","false"
"legacy.legal.kullan.c.n.n.talimat.yla.rapor.veya.analiz.2913c6be","legal","legal","P0","Legal/KVKK-Aydinlatma-ve-Acik-Riza-Metni.md","103","Kullanıcının talimatıyla rapor veya analiz paylaşılan üçüncü kişiler.","","","","","","legal_copy","","legal","inventory.legal.2913c6be7a0d","extracted","not_started","not_required","not_started","false"
"legacy.legal.7.yurt.d.s.na.aktar.m.a6884ef4","legal","legal","P0","Legal/KVKK-Aydinlatma-ve-Acik-Riza-Metni.md","105","7. Yurt dışına aktarım","","","","","","legal_copy","","legal","inventory.legal.a6884ef4b412","extracted","not_started","not_required","not_started","false"
"legacy.legal.ai.saglay.c.lar.bulut.altyap.s.dosya.sakla.592752a2","legal","legal","P0","Legal/KVKK-Aydinlatma-ve-Acik-Riza-Metni.md","107","AI sağlayıcıları, bulut altyapısı, dosya saklama, abonelik doğrulama, kimlik doğrulama,","","","","","","legal_copy","","legal","inventory.legal.592752a2769d","extracted","not_started","not_required","not_started","false"
"legacy.legal.bildirim.teknik.destek.ve.hata.giderme.sur.07bc5ba1","legal","legal","P0","Legal/KVKK-Aydinlatma-ve-Acik-Riza-Metni.md","108","bildirim, teknik destek ve hata giderme süreçlerinde kişisel veriler Türkiye dışında","","","","","","legal_copy","","legal","inventory.legal.07bc5ba1d0da","extracted","not_started","not_required","not_started","false"
"legacy.legal.bulunan.hizmet.saglay.c.lar.na.aktar.labil.4e1d3e65","legal","legal","P0","Legal/KVKK-Aydinlatma-ve-Acik-Riza-Metni.md","109","bulunan hizmet sağlayıcılarına aktarılabilir veya bu sağlayıcılar tarafından yurt","","","","","","legal_copy","","legal","inventory.legal.4e1d3e6549df","extracted","not_started","not_required","not_started","false"
"legacy.legal.d.s.nda.islenebilir.a21a5596","legal","legal","P0","Legal/KVKK-Aydinlatma-ve-Acik-Riza-Metni.md","110","dışında işlenebilir.","","","","","","legal_copy","","legal","inventory.legal.a21a5596613f","extracted","not_started","not_required","not_started","false"
"legacy.legal.yurt.d.s.na.aktar.m.kvkk.n.n.9.maddesindek.a658b2c5","legal","legal","P0","Legal/KVKK-Aydinlatma-ve-Acik-Riza-Metni.md","112","Yurt dışına aktarım KVKK'nın 9. maddesindeki mekanizmalar, uygun güvenceler, standart","","","","","","legal_copy","","legal","inventory.legal.a658b2c57d68","extracted","not_started","not_required","not_started","false"
"legacy.legal.sozlesmeler.istisnalar.veya.gerekli.oldugu.efa807d7","legal","legal","P0","Legal/KVKK-Aydinlatma-ve-Acik-Riza-Metni.md","113","sözleşmeler, istisnalar veya gerekli olduğu hallerde açık rıza kapsamında yürütülür.","","","","","","legal_copy","","legal","inventory.legal.efa807d74d14","extracted","not_started","not_required","not_started","false"
"legacy.legal.kullan.c.ac.k.r.zaya.dayal.aktar.m.diledig.ff02d46f","legal","legal","P0","Legal/KVKK-Aydinlatma-ve-Acik-Riza-Metni.md","114","Kullanıcı, açık rızaya dayalı aktarımı dilediği zaman geri çekebilir; bu durumda bazı","","","","","","legal_copy","","legal","inventory.legal.ff02d46ff7a7","extracted","not_started","not_required","not_started","false"
"legacy.legal.analiz.veya.rapor.ozellikleri.teknik.olara.bb10b76e","legal","legal","P0","Legal/KVKK-Aydinlatma-ve-Acik-Riza-Metni.md","115","analiz veya rapor özellikleri teknik olarak sunulamayabilir.","","","","","","legal_copy","","legal","inventory.legal.bb10b76ee525","extracted","not_started","not_required","not_started","false"
"legacy.legal.8.saklama.ve.imha.76dc9a98","legal","legal","P0","Legal/KVKK-Aydinlatma-ve-Acik-Riza-Metni.md","117","8. Saklama ve imha","","","","","","legal_copy","","legal","inventory.legal.76dc9a98c1bd","extracted","not_started","not_required","not_started","false"
"legacy.legal.guncel.saklama.ilkeleri.739760dd","legal","legal","P0","Legal/KVKK-Aydinlatma-ve-Acik-Riza-Metni.md","119","Güncel saklama ilkeleri:","","","","","","legal_copy","","legal","inventory.legal.739760ddb98d","extracted","not_started","not_required","not_started","false"
"legacy.legal.free.analiz.fotograflar.7.gun.f08e0735","legal","legal","P0","Legal/KVKK-Aydinlatma-ve-Acik-Riza-Metni.md","121","Free analiz fotoğrafları: 7 gün.","","","","","","legal_copy","","legal","inventory.legal.f08e07359560","extracted","not_started","not_required","not_started","false"
"legacy.legal.plus.analiz.fotograflar.30.gun.54ea982a","legal","legal","P0","Legal/KVKK-Aydinlatma-ve-Acik-Riza-Metni.md","122","Plus analiz fotoğrafları: 30 gün.","","","","","","legal_copy","","legal","inventory.legal.54ea982a16e6","extracted","not_started","not_required","not_started","false"
"legacy.legal.pro.analiz.fotograflar.kullan.c.hesab.akti.adfeb26c","legal","legal","P0","Legal/KVKK-Aydinlatma-ve-Acik-Riza-Metni.md","123","Pro analiz fotoğrafları: kullanıcı hesabı aktif olduğu sürece veya kullanıcı silene kadar; teknik/imha süreçleri saklıdır.","","","","","","legal_copy","","legal","inventory.legal.adfeb26c9551","extracted","not_started","not_required","not_started","false"
"legacy.legal.ham.ai.yan.tlar.ve.ai.denetim.kay.tlar.30..3498798a","legal","legal","P0","Legal/KVKK-Aydinlatma-ve-Acik-Riza-Metni.md","124","Ham AI yanıtları ve AI denetim kayıtları: 30 gün.","","","","","","legal_copy","","legal","inventory.legal.3498798ac220","extracted","not_started","not_required","not_started","false"
"legacy.legal.analiz.sonuclar.bulgular.mdp.progress.kay..a672e61c","legal","legal","P0","Legal/KVKK-Aydinlatma-ve-Acik-Riza-Metni.md","125","Analiz sonuçları, bulgular, MDP/progress kayıtları ve raporlar: kullanıcı silene, hesap silinene veya işleme amacı sona erene kadar.","","","","","","legal_copy","","legal","inventory.legal.a672e61c687a","extracted","not_started","not_required","not_started","false"
"legacy.legal.profil.avatar.firma.logosu.ve.firma.kay.tl.0c9e670c","legal","legal","P0","Legal/KVKK-Aydinlatma-ve-Acik-Riza-Metni.md","126","Profil avatarı, firma logosu ve firma kayıtları: kullanıcı silene, arşivleyene veya hesap silinene kadar.","","","","","","legal_copy","","legal","inventory.legal.0c9e670ce93b","extracted","not_started","not_required","not_started","false"
"legacy.legal.bildirim.tokenlar.ve.tercihleri.kullan.c.b.9deb000c","legal","legal","P0","Legal/KVKK-Aydinlatma-ve-Acik-Riza-Metni.md","127","Bildirim tokenları ve tercihleri: kullanıcı bildirimleri kapatana, çıkış yapana, hesap silinene veya token geçersizleşene kadar.","","","","","","legal_copy","","legal","inventory.legal.9deb000c5d87","extracted","not_started","not_required","not_started","false"
"legacy.legal.abonelik.ve.islem.kay.tlar.hukuki.mali.ve..b533b8a2","legal","legal","P0","Legal/KVKK-Aydinlatma-ve-Acik-Riza-Metni.md","128","Abonelik ve işlem kayıtları: hukuki, mali ve App Store uyuşmazlık süreleri boyunca.","","","","","","legal_copy","","legal","inventory.legal.b533b8a2a8f1","extracted","not_started","not_required","not_started","false"
"legacy.legal.onay.sozlesme.kabul.kay.tlar.ispat.ve.dene.222cd9b8","legal","legal","P0","Legal/KVKK-Aydinlatma-ve-Acik-Riza-Metni.md","129","Onay/sözleşme kabul kayıtları: ispat ve denetim için gerekli süre boyunca.","","","","","","legal_copy","","legal","inventory.legal.222cd9b89107","extracted","not_started","not_required","not_started","false"
"legacy.legal.destek.basvuru.ve.hesap.silme.kay.tlar.tal.be6cc917","legal","legal","P0","Legal/KVKK-Aydinlatma-ve-Acik-Riza-Metni.md","130","Destek, başvuru ve hesap silme kayıtları: talebin niteliğine göre yasal zamanaşımı ve ispat süreleri boyunca.","","","","","","legal_copy","","legal","inventory.legal.be6cc917a58d","extracted","not_started","not_required","not_started","false"
"legacy.legal.sure.doldugunda.veya.kullan.c.silme.talebi.54a562bf","legal","legal","P0","Legal/KVKK-Aydinlatma-ve-Acik-Riza-Metni.md","132","Süre dolduğunda veya kullanıcı silme talebi verdiğinde veriler silinir, yok edilir veya","","","","","","legal_copy","","legal","inventory.legal.54a562bf9997","extracted","not_started","not_required","not_started","false"
"legacy.legal.anonim.hale.getirilir.teknik.yedekler.ve.g.060b99e1","legal","legal","P0","Legal/KVKK-Aydinlatma-ve-Acik-Riza-Metni.md","133","anonim hale getirilir. Teknik yedekler ve güvenlik logları makul sürelerle kalabilir.","","","","","","legal_copy","","legal","inventory.legal.060b99e1cfe1","extracted","not_started","not_started","not_started","true"
"legacy.legal.hesap.silme.islemi.uygulama.icinde.profil..585d09d4","legal","legal","P0","Legal/KVKK-Aydinlatma-ve-Acik-Riza-Metni.md","135","Hesap silme işlemi uygulama içinde Profil > Hesabımı sil / Delete Account yolundan","","","","","","legal_copy","","legal","inventory.legal.585d09d4b531","extracted","not_started","not_required","not_started","false"
"legacy.legal.baslat.l.r.ve.tamamlan.r.e.posta.destek.ka.12011cf1","legal","legal","P0","Legal/KVKK-Aydinlatma-ve-Acik-Riza-Metni.md","136","başlatılır ve tamamlanır. E-posta, destek kanalı veya web sitesi hesap silme için zorunlu","","","","","","legal_copy","","legal","inventory.legal.12011cf1cb04","extracted","not_started","not_required","not_started","false"
"legacy.legal.degildir.aktif.app.store.abonelikleri.appl.19611a91","legal","legal","P0","Legal/KVKK-Aydinlatma-ve-Acik-Riza-Metni.md","137","değildir. Aktif App Store abonelikleri Apple ID abonelik ayarlarından yönetilir.","","","","","","legal_copy","","legal","inventory.legal.19611a911cdf","extracted","not_started","not_required","not_started","false"
"legacy.legal.9.kullan.c.lar.n.ucuncu.kisi.verileri.bak..418c64eb","legal","legal","P0","Legal/KVKK-Aydinlatma-ve-Acik-Riza-Metni.md","139","9. Kullanıcıların üçüncü kişi verileri bakımından sorumluluğu","","","","","","legal_copy","","legal","inventory.legal.418c64eb05d7","extracted","not_started","not_required","not_started","false"
"legacy.legal.yuklenen.fotograf.metin.firma.bilgisi.logo.716b27e7","legal","legal","P0","Legal/KVKK-Aydinlatma-ve-Acik-Riza-Metni.md","141","Yüklenen fotoğraf, metin, firma bilgisi, logo veya raporlarda çalışan, müşteri,","","","","","","legal_copy","","legal","inventory.legal.716b27e7a8be","extracted","not_started","not_required","not_started","false"
"legacy.legal.ziyaretci.isveren.tesis.sahibi.ya.da.baska.a57eee2b","legal","legal","P0","Legal/KVKK-Aydinlatma-ve-Acik-Riza-Metni.md","142","ziyaretçi, işveren, tesis sahibi ya da başka üçüncü kişilere ait kişisel veri, ticari","","","","","","legal_copy","","legal","inventory.legal.a57eee2bcb42","extracted","not_started","not_required","not_started","false"
"legacy.legal.s.r.veya.gizli.bilgi.bulunabilir.bu.verile.b5de1425","legal","legal","P0","Legal/KVKK-Aydinlatma-ve-Acik-Riza-Metni.md","143","sır veya gizli bilgi bulunabilir. Bu verileri yüklemeden önce gerekli bilgilendirme,","","","","","","legal_copy","","legal","inventory.legal.b5de1425375c","extracted","not_started","not_required","not_started","false"
"legacy.legal.izin.ac.k.r.za.isveren.tesis.onay.ve.mevzu.f328b865","legal","legal","P0","Legal/KVKK-Aydinlatma-ve-Acik-Riza-Metni.md","144","izin, açık rıza, işveren/tesis onayı ve mevzuat yükümlülüklerini yerine getirmek","","","","","","legal_copy","","legal","inventory.legal.f328b86569e0","extracted","not_started","not_started","not_started","true"
"legacy.legal.kullan.c.n.n.sorumlulugundad.r.db85693e","legal","legal","P0","Legal/KVKK-Aydinlatma-ve-Acik-Riza-Metni.md","145","kullanıcının sorumluluğundadır.","","","","","","legal_copy","","legal","inventory.legal.db85693ed9ad","extracted","not_started","not_required","not_started","false"
"legacy.legal.10.kvkk.madde.11.kapsam.ndaki.haklar.ec86f339","legal","legal","P0","Legal/KVKK-Aydinlatma-ve-Acik-Riza-Metni.md","147","10. KVKK madde 11 kapsamındaki haklar","","","","","","legal_copy","","legal","inventory.legal.ec86f3398f14","extracted","not_started","not_required","not_started","false"
"legacy.legal.kvkk.n.n.11.maddesi.uyar.nca.kisisel.veril.f2b2ee79","legal","legal","P0","Legal/KVKK-Aydinlatma-ve-Acik-Riza-Metni.md","149","KVKK'nın 11. maddesi uyarınca kişisel verilerinizin işlenip işlenmediğini öğrenme,","","","","","","legal_copy","","legal","inventory.legal.f2b2ee79a013","extracted","not_started","not_required","not_started","false"
"legacy.legal.bilgi.talep.etme.amaca.uygun.kullan.l.p.ku.5674890c","legal","legal","P0","Legal/KVKK-Aydinlatma-ve-Acik-Riza-Metni.md","150","bilgi talep etme, amaca uygun kullanılıp kullanılmadığını öğrenme, aktarıldığı tarafları","","","","","","legal_copy","","legal","inventory.legal.5674890c06e5","extracted","not_started","not_required","not_started","false"
"legacy.legal.bilme.duzeltme.silme.yok.etme.aktar.lan.uc.7f77ad17","legal","legal","P0","Legal/KVKK-Aydinlatma-ve-Acik-Riza-Metni.md","151","bilme, düzeltme, silme/yok etme, aktarılan üçüncü kişilere bildirilmesini isteme,","","","","","","legal_copy","","legal","inventory.legal.7f77ad173703","extracted","not_started","not_required","not_started","false"
"legacy.legal.otomatik.sistemlerle.aleyhinize.sonuc.c.km.91cf4272","legal","legal","P0","Legal/KVKK-Aydinlatma-ve-Acik-Riza-Metni.md","152","otomatik sistemlerle aleyhinize sonuç çıkmasına itiraz etme ve kanuna aykırı işleme","","","","","","legal_copy","","legal","inventory.legal.91cf42728c1e","extracted","not_started","not_required","not_started","false"
"legacy.legal.nedeniyle.zarar.n.giderilmesini.talep.etme.3d3dcb8a","legal","legal","P0","Legal/KVKK-Aydinlatma-ve-Acik-Riza-Metni.md","153","nedeniyle zararın giderilmesini talep etme haklarına sahipsiniz.","","","","","","legal_copy","","legal","inventory.legal.3d3dcb8a0fcc","extracted","not_started","not_required","not_started","false"
"legacy.legal.kvkk.kapsam.ndaki.basvuru.bilgi.duzeltme.i.2c798a52","legal","legal","P0","Legal/KVKK-Aydinlatma-ve-Acik-Riza-Metni.md","155","KVKK kapsamındaki başvuru, bilgi, düzeltme, itiraz, rıza geri çekme, veri erişimi ve","","","","","","legal_copy","","legal","inventory.legal.2c798a52bcc2","extracted","not_started","not_required","not_started","false"
"legacy.legal.hukuki.taleplerinizi.info.riskdetected.com.3f95ab22","legal","legal","P0","Legal/KVKK-Aydinlatma-ve-Acik-Riza-Metni.md","156","hukuki taleplerinizi info@riskdetected.com","","","","","","legal_copy","","legal","inventory.legal.3f95ab226f94","extracted","not_started","not_required","not_started","false"
"legacy.legal.adresine.veya.eskisehir.adresine.iletebili.2c4bd517","legal","legal","P0","Legal/KVKK-Aydinlatma-ve-Acik-Riza-Metni.md","157","adresine veya Eskişehir adresine iletebilirsiniz. Uygulama içinde genel destek ve KVKK","","","","","","legal_copy","","legal","inventory.legal.2c4bd517ac29","extracted","not_started","not_required","not_started","false"
"legacy.legal.basvurular.icin.profil.destek.kanal.da.kul.63161635","legal","legal","P0","Legal/KVKK-Aydinlatma-ve-Acik-Riza-Metni.md","158","başvuruları için Profil > Destek kanalı da kullanılabilir.","","","","","","legal_copy","","legal","inventory.legal.631616356f42","extracted","not_started","not_required","not_started","false"
"legacy.legal.hesap.silme.islemi.bu.destek.basvurular.nd.e5aab27b","legal","legal","P0","Legal/KVKK-Aydinlatma-ve-Acik-Riza-Metni.md","160","Hesap silme işlemi bu destek başvurularından ayrı olarak uygulama içinde Profil >","","","","","","legal_copy","","legal","inventory.legal.e5aab27bcfc7","extracted","not_started","not_required","not_started","false"
"legacy.legal.hesab.m.sil.delete.account.yolundan.baslat.593d3b9d","legal","legal","P0","Legal/KVKK-Aydinlatma-ve-Acik-Riza-Metni.md","161","Hesabımı sil / Delete Account yolundan başlatılır ve tamamlanır. E-posta, destek kanalı","","","","","","legal_copy","","legal","inventory.legal.593d3b9da43d","extracted","not_started","not_required","not_started","false"
"legacy.legal.veya.web.sitesi.hesap.silme.icin.zorunlu.d.133e44ef","legal","legal","P0","Legal/KVKK-Aydinlatma-ve-Acik-Riza-Metni.md","162","veya web sitesi hesap silme için zorunlu değildir.","","","","","","legal_copy","","legal","inventory.legal.133e44ef4574","extracted","not_started","not_required","not_started","false"
"legacy.legal.11.otomatik.islem.ve.ai.karar.destegi.257fd656","legal","legal","P0","Legal/KVKK-Aydinlatma-ve-Acik-Riza-Metni.md","164","11. Otomatik işlem ve AI karar desteği","","","","","","legal_copy","","legal","inventory.legal.257fd656ac02","extracted","not_started","not_required","not_started","false"
"legacy.legal.ai.analizleri.otomatik.sistemlerle.uretili.0fb8673a","legal","legal","P0","Legal/KVKK-Aydinlatma-ve-Acik-Riza-Metni.md","166","AI analizleri otomatik sistemlerle üretilir; ancak çıktı karar destek niteliğindedir.","","","","","","legal_copy","","legal","inventory.legal.0fb8673abcca","extracted","not_started","not_required","not_started","false"
"legacy.legal.riskdetected.resmi.uygunluk.karar.hukuki.g.0b619a0c","legal","legal","P0","Legal/KVKK-Aydinlatma-ve-Acik-Riza-Metni.md","167","RiskDetected resmi uygunluk kararı, hukuki güvence, işveren/çalışan hakkında kesin","","","","","","legal_copy","","legal","inventory.legal.0b619a0c3077","extracted","not_started","not_required","not_started","false"
"legacy.legal.kusur.tespiti.veya.baglay.c.uzman.gorusu.v.dcd489d6","legal","legal","P0","Legal/KVKK-Aydinlatma-ve-Acik-Riza-Metni.md","168","kusur tespiti veya bağlayıcı uzman görüşü vermez. Nihai değerlendirme ve saha","","","","","","legal_copy","","legal","inventory.legal.dcd489d640d8","extracted","not_started","not_required","not_started","false"
"legacy.legal.uygulamas.kullan.c.n.n.ve.yetkili.profesyo.33c23be2","legal","legal","P0","Legal/KVKK-Aydinlatma-ve-Acik-Riza-Metni.md","169","uygulaması kullanıcının ve yetkili profesyonellerin sorumluluğundadır.","","","","","","legal_copy","","legal","inventory.legal.33c23be280cf","extracted","not_started","not_required","not_started","false"
"legacy.legal.12.r.zan.n.geri.cekilmesi.4570a1eb","legal","legal","P0","Legal/KVKK-Aydinlatma-ve-Acik-Riza-Metni.md","171","12. Rızanın geri çekilmesi","","","","","","legal_copy","","legal","inventory.legal.4570a1eb9898","extracted","not_started","not_required","not_started","false"
"legacy.legal.ac.k.r.zaya.dayal.islemlerde.r.zan.z.diled.d0910049","legal","legal","P0","Legal/KVKK-Aydinlatma-ve-Acik-Riza-Metni.md","173","Açık rızaya dayalı işlemlerde rızanızı dilediğiniz zaman","","","","","","legal_copy","","legal","inventory.legal.d0910049d2df","extracted","not_started","not_required","not_started","false"
"legacy.legal.info.riskdetected.com.uzerinden.veya.uygul.daaacf0e","legal","legal","P0","Legal/KVKK-Aydinlatma-ve-Acik-Riza-Metni.md","174","info@riskdetected.com üzerinden veya uygulama","","","","","","legal_copy","","legal","inventory.legal.daaacf0e1919","extracted","not_started","not_required","not_started","false"
"legacy.legal.ici.destek.ayar.kanallar.yla.geri.cekebili.70bdb79a","legal","legal","P0","Legal/KVKK-Aydinlatma-ve-Acik-Riza-Metni.md","175","içi destek/ayar kanallarıyla geri çekebilirsiniz. Rızanın geri çekilmesi, geri","","","","","","legal_copy","","legal","inventory.legal.70bdb79a283c","extracted","not_started","not_required","not_started","false"
"legacy.legal.cekmeden.onceki.hukuka.uygun.islemleri.etk.63302800","legal","legal","P0","Legal/KVKK-Aydinlatma-ve-Acik-Riza-Metni.md","176","çekmeden önceki hukuka uygun işlemleri etkilemez.","","","","","","legal_copy","","legal","inventory.legal.63302800d5de","extracted","not_started","not_required","not_started","false"
"legacy.legal.r.za.geri.cekme.islemi.hesap.silme.islemin.8985c829","legal","legal","P0","Legal/KVKK-Aydinlatma-ve-Acik-Riza-Metni.md","178","Rıza geri çekme işlemi hesap silme işleminden ayrıdır. Hesabınızı ve hesabınıza bağlı","","","","","","legal_copy","","legal","inventory.legal.8985c8296290","extracted","not_started","not_required","not_started","false"
"legacy.legal.uygulama.verilerini.silmek.isterseniz.uygu.913d8ffe","legal","legal","P0","Legal/KVKK-Aydinlatma-ve-Acik-Riza-Metni.md","179","uygulama verilerini silmek isterseniz, uygulama içinde Profil > Hesabımı sil / Delete","","","","","","legal_copy","","legal","inventory.legal.913d8ffedd92","extracted","not_started","not_required","not_started","false"
"legacy.legal.account.yolunu.kullanabilirsiniz.bu.islem..3c4640b1","legal","legal","P0","Legal/KVKK-Aydinlatma-ve-Acik-Riza-Metni.md","180","Account yolunu kullanabilirsiniz. Bu işlem için e-posta, destek kanalı veya web sitesi","","","","","","legal_copy","","legal","inventory.legal.3c4640b1f7fd","extracted","not_started","not_required","not_started","false"
"legacy.legal.zorunlu.degildir.b15e75d6","legal","legal","P0","Legal/KVKK-Aydinlatma-ve-Acik-Riza-Metni.md","181","zorunlu değildir.","","","","","","legal_copy","","legal","inventory.legal.b15e75d67b13","extracted","not_started","not_required","not_started","false"
"legacy.legal.13.iletisim.6ea74bc1","legal","legal","P0","Legal/KVKK-Aydinlatma-ve-Acik-Riza-Metni.md","183","13. İletişim","","","","","","legal_copy","","legal","inventory.legal.6ea74bc10d5a","extracted","not_started","not_required","not_started","false"
"legacy.legal.kvkk.gizlilik.veri.erisimi.r.za.geri.cekme.c1ed3931","legal","legal","P0","Legal/KVKK-Aydinlatma-ve-Acik-Riza-Metni.md","185","KVKK, gizlilik, veri erişimi, rıza geri çekme ve güvenlik talepleri için:","","","","","","legal_copy","","legal","inventory.legal.c1ed39316c85","extracted","not_started","not_started","not_started","true"
"legacy.legal.e.posta.kep.info.riskdetected.com.3873b830","legal","legal","P0","Legal/KVKK-Aydinlatma-ve-Acik-Riza-Metni.md","187","E-posta/KEP: info@riskdetected.com","","","","","","legal_copy","","legal","inventory.legal.3873b830194a","extracted","not_started","not_required","not_started","false"
"legacy.legal.adres.eskisehir.cd41e16a","legal","legal","P0","Legal/KVKK-Aydinlatma-ve-Acik-Riza-Metni.md","188","Adres: Eskişehir","","","","","","legal_copy","","legal","inventory.legal.cd41e16aac88","extracted","not_started","not_required","not_started","false"
"legacy.legal.web.sitesi.https.riskdetected.com.a9bd2cc1","legal","legal","P0","Legal/KVKK-Aydinlatma-ve-Acik-Riza-Metni.md","189","Web sitesi: https://riskdetected.com","","","","","","legal_copy","","legal","inventory.legal.a9bd2cc1eda2","extracted","not_started","not_required","not_started","false"
"legacy.legal.uygulama.ici.destek.ve.kvkk.basvuru.kanal..8d1822aa","legal","legal","P0","Legal/KVKK-Aydinlatma-ve-Acik-Riza-Metni.md","190","Uygulama içi destek ve KVKK başvuru kanalı: Profil > Destek","","","","","","legal_copy","","legal","inventory.legal.8d1822aa344e","extracted","not_started","not_required","not_started","false"
"legacy.legal.hesap.silme.bu.iletisim.kanallar.uzerinden.71c16616","legal","legal","P0","Legal/KVKK-Aydinlatma-ve-Acik-Riza-Metni.md","192","Hesap silme, bu iletişim kanalları üzerinden yürütülen bir destek talebi değildir.","","","","","","legal_copy","","legal","inventory.legal.71c16616852e","extracted","not_started","not_required","not_started","false"
"legacy.legal.hesab.n.z.ve.hesab.n.za.bagl.uygulama.veri.22240723","legal","legal","P0","Legal/KVKK-Aydinlatma-ve-Acik-Riza-Metni.md","193","Hesabınızı ve hesabınıza bağlı uygulama verilerini silmek için uygulama içinde","","","","","","legal_copy","","legal","inventory.legal.22240723986e","extracted","not_started","not_required","not_started","false"
"legacy.legal.profil.hesab.m.sil.delete.account.yolunu.k.09d6ab5d","legal","legal","P0","Legal/KVKK-Aydinlatma-ve-Acik-Riza-Metni.md","194","Profil > Hesabımı sil / Delete Account yolunu kullanabilirsiniz. E-posta, destek","","","","","","legal_copy","","legal","inventory.legal.09d6ab5d55b5","extracted","not_started","not_required","not_started","false"
"legacy.legal.kanal.veya.web.sitesi.hesap.silme.icin.zor.8ae7b597","legal","legal","P0","Legal/KVKK-Aydinlatma-ve-Acik-Riza-Metni.md","195","kanalı veya web sitesi hesap silme için zorunlu değildir.","","","","","","legal_copy","","legal","inventory.legal.8ae7b5970993","extracted","not_started","not_required","not_started","false"
"legacy.backend.riskdetected.e.posta.dogrulama.kodu.a6cc4184","backend","backend","P0","supabase/functions/_shared/auth-email-localization.ts","50","RiskDetected e-posta doğrulama kodu","","","","","","backend_user_copy","","backend","inventory.backend.a6cc4184e3f5","extracted","not_started","not_required","not_started","false"
"legacy.backend.e.posta.dogrulama.kodun.d204c822","backend","backend","P0","supabase/functions/_shared/auth-email-localization.ts","51","E-posta doğrulama kodun","","","","","","backend_user_copy","","backend","inventory.backend.d204c822eeba","extracted","not_started","not_required","not_started","false"
"legacy.backend.riskdetected.hesab.n.dogrulamak.icin.bu.ko.9d638e2f","backend","backend","P0","supabase/functions/_shared/auth-email-localization.ts","53","RiskDetected hesabını doğrulamak için bu kodu uygulamaya gir.","","","","","","backend_user_copy","","backend","inventory.backend.9d638e2f41a4","extracted","not_started","not_required","not_started","false"
"legacy.backend.riskdetected.giris.kodu.59bf907c","backend","backend","P0","supabase/functions/_shared/auth-email-localization.ts","64","RiskDetected giriş kodu","","","","","","backend_user_copy","","backend","inventory.backend.59bf907c0697","extracted","not_started","not_required","not_started","false"
"legacy.backend.giris.kodun.ea7d93d4","backend","backend","P0","supabase/functions/_shared/auth-email-localization.ts","65","Giriş kodun","","","","","","backend_user_copy","","backend","inventory.backend.ea7d93d4402d","extracted","not_started","not_required","not_started","false"
"legacy.backend.riskdetected.hesab.na.giris.yapmak.icin.bu.125166d1","backend","backend","P0","supabase/functions/_shared/auth-email-localization.ts","67","RiskDetected hesabına giriş yapmak için bu kodu uygulamaya gir.","","","","","","backend_user_copy","","backend","inventory.backend.125166d1f42b","extracted","not_started","not_required","not_started","false"
"legacy.backend.hesap.kurtarma.islemini.tamamlamak.icin.bu.edae8e3b","backend","backend","P0","supabase/functions/_shared/auth-email-localization.ts","73","Hesap kurtarma işlemini tamamlamak için bu kodu kullan.","","","","","","backend_user_copy","","backend","inventory.backend.edae8e3ba94d","extracted","not_started","not_required","not_started","false"
"legacy.backend.riskdetected.e.posta.degisikligi.kodu.5b03b064","backend","backend","P0","supabase/functions/_shared/auth-email-localization.ts","77","RiskDetected e-posta değişikliği kodu","","","","","","backend_user_copy","","backend","inventory.backend.5b03b0649a57","extracted","not_started","not_required","not_started","false"
"legacy.backend.e.posta.degisikligi.kodun.771ecd96","backend","backend","P0","supabase/functions/_shared/auth-email-localization.ts","78","E-posta değişikliği kodun","","","","","","backend_user_copy","","backend","inventory.backend.771ecd965683","extracted","not_started","not_required","not_started","false"
"legacy.backend.e.posta.degisikligini.onaylamak.icin.bu.ko.b309b080","backend","backend","P0","supabase/functions/_shared/auth-email-localization.ts","79","E-posta değişikliğini onaylamak için bu kodu kullan.","","","","","","backend_user_copy","","backend","inventory.backend.b309b080a85a","extracted","not_started","not_required","not_started","false"
"legacy.backend.bu.degisikligi.sen.istemediysen.destek.eki.028738a8","backend","backend","P0","supabase/functions/_shared/auth-email-localization.ts","80","Bu değişikliği sen istemediysen destek ekibimize ulaş.","","","","","","backend_user_copy","","backend","inventory.backend.028738a84392","extracted","not_started","not_required","not_started","false"
"legacy.backend.riskdetected.guvenlik.dogrulama.kodu.415e9f42","backend","backend","P0","supabase/functions/_shared/auth-email-localization.ts","83","RiskDetected güvenlik doğrulama kodu","","","","","","backend_user_copy","","backend","inventory.backend.415e9f42bb88","extracted","not_started","not_started","not_started","true"
"legacy.backend.guvenlik.dogrulama.kodun.5e735da8","backend","backend","P0","supabase/functions/_shared/auth-email-localization.ts","84","Güvenlik doğrulama kodun","","","","","","backend_user_copy","","backend","inventory.backend.5e735da84f4e","extracted","not_started","not_started","not_started","true"
"legacy.backend.hassas.islemi.tamamlamak.icin.bu.kodu.kull.33f2c813","backend","backend","P0","supabase/functions/_shared/auth-email-localization.ts","85","Hassas işlemi tamamlamak için bu kodu kullan.","","","","","","backend_user_copy","","backend","inventory.backend.33f2c813e3a2","extracted","not_started","not_required","not_started","false"
"legacy.backend.bu.islemi.sen.baslatmad.ysan.bu.e.postay.y.1dd3dab8","backend","backend","P0","supabase/functions/_shared/auth-email-localization.ts","86","Bu işlemi sen başlatmadıysan bu e-postayı yok sayabilirsin.","","","","","","backend_user_copy","","backend","inventory.backend.1dd3dab870c4","extracted","not_started","not_required","not_started","false"
"legacy.backend.riskdetected.davetini.kabul.etmek.icin.bu..b5942551","backend","backend","P0","supabase/functions/_shared/auth-email-localization.ts","91","RiskDetected davetini kabul etmek için bu kodu kullan.","","","","","","backend_user_copy","","backend","inventory.backend.b5942551692b","extracted","not_started","not_required","not_started","false"
"legacy.backend.bu.daveti.beklemiyorsan.bu.e.postay.yok.sa.2ca5b9d0","backend","backend","P0","supabase/functions/_shared/auth-email-localization.ts","92","Bu daveti beklemiyorsan bu e-postayı yok sayabilirsin.","","","","","","backend_user_copy","","backend","inventory.backend.2ca5b9d0ec74","extracted","not_started","not_required","not_started","false"
"legacy.backend.riskdetected.sifren.degistirildi.064dd768","backend","backend","P0","supabase/functions/_shared/auth-email-localization.ts","95","RiskDetected şifren değiştirildi","","","","","","backend_user_copy","","backend","inventory.backend.064dd768ab13","extracted","not_started","not_required","not_started","false"
"legacy.backend.sifren.degistirildi.07e68286","backend","backend","P0","supabase/functions/_shared/auth-email-localization.ts","96","Şifren değiştirildi","","","","","","backend_user_copy","","backend","inventory.backend.07e68286647b","extracted","not_started","not_required","not_started","false"
"legacy.backend.riskdetected.hesab.n.n.sifresi.basar.yla.d.5eafb751","backend","backend","P0","supabase/functions/_shared/auth-email-localization.ts","97","RiskDetected hesabının şifresi başarıyla değiştirildi.","","","","","","backend_user_copy","","backend","inventory.backend.5eafb7510bfd","extracted","not_started","not_required","not_started","false"
"legacy.backend.riskdetected.e.posta.adresin.degistirildi.b4430d24","backend","backend","P0","supabase/functions/_shared/auth-email-localization.ts","102","RiskDetected e-posta adresin değiştirildi","","","","","","backend_user_copy","","backend","inventory.backend.b4430d24fdb5","extracted","not_started","not_required","not_started","false"
"legacy.backend.e.posta.adresin.degistirildi.587f97d4","backend","backend","P0","supabase/functions/_shared/auth-email-localization.ts","103","E-posta adresin değiştirildi","","","","","","backend_user_copy","","backend","inventory.backend.587f97d4f25c","extracted","not_started","not_required","not_started","false"
"legacy.backend.riskdetected.hesab.na.bagl.e.posta.adresi..00a79762","backend","backend","P0","supabase/functions/_shared/auth-email-localization.ts","105","RiskDetected hesabına bağlı e-posta adresi başarıyla değiştirildi.","","","","","","backend_user_copy","","backend","inventory.backend.00a79762b200","extracted","not_started","not_required","not_started","false"
"legacy.backend.riskdetected.telefon.numaran.degistirildi.04a79598","backend","backend","P0","supabase/functions/_shared/auth-email-localization.ts","110","RiskDetected telefon numaran değiştirildi","","","","","","backend_user_copy","","backend","inventory.backend.04a79598c663","extracted","not_started","not_required","not_started","false"
"legacy.backend.telefon.numaran.degistirildi.55993bc9","backend","backend","P0","supabase/functions/_shared/auth-email-localization.ts","111","Telefon numaran değiştirildi","","","","","","backend_user_copy","","backend","inventory.backend.55993bc9d4b1","extracted","not_started","not_required","not_started","false"
"legacy.backend.riskdetected.hesab.na.bagl.telefon.numaras.b3ca8a5a","backend","backend","P0","supabase/functions/_shared/auth-email-localization.ts","113","RiskDetected hesabına bağlı telefon numarası başarıyla değiştirildi.","","","","","","backend_user_copy","","backend","inventory.backend.b3ca8a5a7c58","extracted","not_started","not_required","not_started","false"
"legacy.backend.bu.degisikligi.sen.yapmad.ysan.hemen.deste.a78a404b","backend","backend","P0","supabase/functions/_shared/auth-email-localization.ts","115","Bu değişikliği sen yapmadıysan hemen destek ekibimizle iletişime geç.","","","","","","backend_user_copy","","backend","inventory.backend.a78a404b77ed","extracted","not_started","not_required","not_started","false"
"legacy.backend.riskdetected.hesab.na.yeni.giris.yontemi.b.66048c71","backend","backend","P0","supabase/functions/_shared/auth-email-localization.ts","118","RiskDetected hesabına yeni giriş yöntemi bağlandı","","","","","","backend_user_copy","","backend","inventory.backend.66048c71f504","extracted","not_started","not_required","not_started","false"
"legacy.backend.yeni.giris.yontemi.bagland.5cfe15f4","backend","backend","P0","supabase/functions/_shared/auth-email-localization.ts","119","Yeni giriş yöntemi bağlandı","","","","","","backend_user_copy","","backend","inventory.backend.5cfe15f4b6a7","extracted","not_started","not_required","not_started","false"
"legacy.backend.riskdetected.hesab.na.yeni.bir.kimlik.sagl.64cdc61b","backend","backend","P0","supabase/functions/_shared/auth-email-localization.ts","121","RiskDetected hesabına yeni bir kimlik sağlayıcısı başarıyla bağlandı.","","","","","","backend_user_copy","","backend","inventory.backend.64cdc61b9401","extracted","not_started","not_required","not_started","false"
"legacy.backend.riskdetected.hesab.ndan.bir.giris.yontemi..5057d96d","backend","backend","P0","supabase/functions/_shared/auth-email-localization.ts","125","RiskDetected hesabından bir giriş yöntemi kaldırıldı","","","","","","backend_user_copy","","backend","inventory.backend.5057d96d54ed","extracted","not_started","not_required","not_started","false"
"legacy.backend.giris.yontemi.kald.r.ld.1f2267a5","backend","backend","P0","supabase/functions/_shared/auth-email-localization.ts","126","Giriş yöntemi kaldırıldı","","","","","","backend_user_copy","","backend","inventory.backend.1f2267a5d8fb","extracted","not_started","not_required","not_started","false"
"legacy.backend.riskdetected.hesab.na.bagl.bir.kimlik.sagl.852a6745","backend","backend","P0","supabase/functions/_shared/auth-email-localization.ts","128","RiskDetected hesabına bağlı bir kimlik sağlayıcısı kaldırıldı.","","","","","","backend_user_copy","","backend","inventory.backend.852a6745d95e","extracted","not_started","not_required","not_started","false"
"legacy.backend.riskdetected.hesab.nda.cok.faktorlu.dogrul.900ce0c4","backend","backend","P0","supabase/functions/_shared/auth-email-localization.ts","132","RiskDetected hesabında çok faktörlü doğrulama etkinleştirildi","","","","","","backend_user_copy","","backend","inventory.backend.900ce0c441da","extracted","not_started","not_required","not_started","false"
"legacy.backend.cok.faktorlu.dogrulama.etkinlestirildi.29a74915","backend","backend","P0","supabase/functions/_shared/auth-email-localization.ts","133","Çok faktörlü doğrulama etkinleştirildi","","","","","","backend_user_copy","","backend","inventory.backend.29a74915327a","extracted","not_started","not_required","not_started","false"
"legacy.backend.riskdetected.hesab.na.yeni.bir.cok.faktorl.ea3c1780","backend","backend","P0","supabase/functions/_shared/auth-email-localization.ts","135","RiskDetected hesabına yeni bir çok faktörlü doğrulama yöntemi eklendi.","","","","","","backend_user_copy","","backend","inventory.backend.ea3c17802a4a","extracted","not_started","not_required","not_started","false"
"legacy.backend.riskdetected.hesab.ndan.cok.faktorlu.dogru.c92e34f8","backend","backend","P0","supabase/functions/_shared/auth-email-localization.ts","139","RiskDetected hesabından çok faktörlü doğrulama kaldırıldı","","","","","","backend_user_copy","","backend","inventory.backend.c92e34f8c773","extracted","not_started","not_required","not_started","false"
"legacy.backend.cok.faktorlu.dogrulama.kald.r.ld.76e7ad67","backend","backend","P0","supabase/functions/_shared/auth-email-localization.ts","140","Çok faktörlü doğrulama kaldırıldı","","","","","","backend_user_copy","","backend","inventory.backend.76e7ad67b7e5","extracted","not_started","not_required","not_started","false"
"legacy.backend.riskdetected.hesab.na.bagl.bir.cok.faktorl.447fa4bb","backend","backend","P0","supabase/functions/_shared/auth-email-localization.ts","142","RiskDetected hesabına bağlı bir çok faktörlü doğrulama yöntemi kaldırıldı.","","","","","","backend_user_copy","","backend","inventory.backend.447fa4bbcc7a","extracted","not_started","not_required","not_started","false"
"legacy.backend.bu.islemi.sen.yapmad.ysan.hemen.destek.eki.5160b754","backend","backend","P0","supabase/functions/_shared/auth-email-localization.ts","143","Bu işlemi sen yapmadıysan hemen destek ekibimizle iletişime geç.","","","","","","backend_user_copy","","backend","inventory.backend.5160b754dffd","extracted","not_started","not_required","not_started","false"
"legacy.backend.tehlike.s.n.f.1cb55abc","backend","backend","P0","supabase/functions/_shared/report-localization.ts","165","tehlike sınıfı","","","","","","backend_user_copy","","backend","inventory.backend.1cb55abc0796","extracted","not_started","not_started","not_started","true"
"legacy.notification_email.analiz.haz.r.607126a4","notification_email","notification","P1","supabase/functions/_shared/transactional-notification-localization.ts","34","Analiz hazır","","","","","","backend_user_copy","","lifecycle","inventory.notification.607126a43df2","extracted","not_started","not_required","not_started","false"
"legacy.notification_email.risk.analizin.haz.r.sonuclar.n.simdi.incel.a4d4b269","notification_email","notification","P1","supabase/functions/_shared/transactional-notification-localization.ts","35","Risk analizin hazır. Sonuçlarını şimdi inceleyebilirsin.","","","","","","backend_user_copy","","lifecycle","inventory.notification.a4d4b26937f5","extracted","not_started","not_started","not_started","true"
"legacy.notification_email.rapor.haz.r.209937df","notification_email","notification","P1","supabase/functions/_shared/transactional-notification-localization.ts","38","Rapor hazır","","","","","","backend_user_copy","","lifecycle","inventory.notification.209937dfadc3","extracted","not_started","not_required","not_started","false"
"legacy.notification_email.risk.raporun.olusturuldu.raporlar.bolumund.9f600fb4","notification_email","notification","P1","supabase/functions/_shared/transactional-notification-localization.ts","39","Risk raporun oluşturuldu. Raporlar bölümünden inceleyebilirsin.","","","","","","backend_user_copy","","lifecycle","inventory.notification.9f600fb42abf","extracted","not_started","not_started","not_started","true"
"legacy.notification_email.detayl.analiz.denemen.yak.nda.sona.eriyor.df72d608","notification_email","notification","P1","supabase/functions/_shared/transactional-notification-localization.ts","42","Detaylı analiz denemen yakında sona eriyor","","","","","","backend_user_copy","","lifecycle","inventory.notification.df72d6085ef2","extracted","not_started","not_required","not_started","false"
"legacy.notification_email.plus.deneme.surenin.bitmesine.2.gun.kald.4a31dfa8","notification_email","notification","P1","supabase/functions/_shared/transactional-notification-localization.ts","43","Plus deneme sürenin bitmesine 2 gün kaldı.","","","","","","backend_user_copy","","lifecycle","inventory.notification.4a31dfa84da6","extracted","not_started","not_required","not_started","false"
"legacy.notification_email.haftal.k.ilerleme.ozetin.haz.r.f472a404","notification_email","notification","P1","supabase/functions/_shared/transactional-notification-localization.ts","46","Haftalık ilerleme özetin hazır","","","","","","backend_user_copy","","lifecycle","inventory.notification.f472a404052f","extracted","not_started","not_required","not_started","false"
"legacy.notification_email.bu.haftaki.mesleki.ilerlemeni.simdi.incele.3fded8d0","notification_email","notification","P1","supabase/functions/_shared/transactional-notification-localization.ts","47","Bu haftaki mesleki ilerlemeni şimdi inceleyebilirsin.","","","","","","backend_user_copy","","lifecycle","inventory.notification.3fded8d0f6a5","extracted","not_started","not_required","not_started","false"
"legacy.notification_email.ayl.k.ilerleme.ozetin.haz.r.c22752ff","notification_email","notification","P1","supabase/functions/_shared/transactional-notification-localization.ts","50","Aylık ilerleme özetin hazır","","","","","","backend_user_copy","","lifecycle","inventory.notification.c22752ff7b42","extracted","not_started","not_required","not_started","false"
"legacy.notification_email.bu.ayki.mesleki.ilerlemeni.simdi.inceleyeb.cd6cdad1","notification_email","notification","P1","supabase/functions/_shared/transactional-notification-localization.ts","51","Bu ayki mesleki ilerlemeni şimdi inceleyebilirsin.","","","","","","backend_user_copy","","lifecycle","inventory.notification.cd6cdad10f71","extracted","not_started","not_required","not_started","false"
"legacy.notification_email.yeni.bir.ilerleme.ad.m.na.ulast.n.c84a9945","notification_email","notification","P1","supabase/functions/_shared/transactional-notification-localization.ts","54","Yeni bir ilerleme adımına ulaştın","","","","","","backend_user_copy","","lifecycle","inventory.notification.c84a99454a68","extracted","not_started","not_required","not_started","false"
"legacy.notification_email.mesleki.ilerleme.ayr.nt.lar.n.profilinden..2a344f10","notification_email","notification","P1","supabase/functions/_shared/transactional-notification-localization.ts","55","Mesleki ilerleme ayrıntılarını profilinden inceleyebilirsin.","","","","","","backend_user_copy","","lifecycle","inventory.notification.2a344f10e383","extracted","not_started","not_required","not_started","false"
"legacy.notification_email.uyelik.iptali.al.nd.7bc78b92","notification_email","notification","P1","supabase/functions/_shared/transactional-notification-localization.ts","58","Üyelik iptali alındı","","","","","","backend_user_copy","","lifecycle","inventory.notification.7bc78b92f0e7","extracted","not_started","not_required","not_started","false"
"legacy.notification_email.plan.n.donem.sonuna.kadar.aktif.kalmaya.de.9099777f","notification_email","notification","P1","supabase/functions/_shared/transactional-notification-localization.ts","59","Planın dönem sonuna kadar aktif kalmaya devam edecek.","","","","","","backend_user_copy","","lifecycle","inventory.notification.9099777fce12","extracted","not_started","not_required","not_started","false"
"legacy.notification_email.uyelik.suren.doldu.f5146692","notification_email","notification","P1","supabase/functions/_shared/transactional-notification-localization.ts","62","Üyelik süren doldu","","","","","","backend_user_copy","","lifecycle","inventory.notification.f5146692c205","extracted","not_started","not_required","not_started","false"
"legacy.notification_email.riskdetected.hesab.n.ucretsiz.plana.geciri.96ef2ac7","notification_email","notification","P1","supabase/functions/_shared/transactional-notification-localization.ts","63","RiskDetected hesabın ücretsiz plana geçirildi.","","","","","","backend_user_copy","","lifecycle","inventory.notification.96ef2ac7e9be","extracted","not_started","not_required","not_started","false"
"legacy.notification_email.odeme.kontrolu.gerekiyor.fd0e8713","notification_email","notification","P1","supabase/functions/_shared/transactional-notification-localization.ts","66","Ödeme kontrolü gerekiyor","","","","","","backend_user_copy","","lifecycle","inventory.notification.fd0e8713323a","extracted","not_started","not_required","not_started","false"
"legacy.notification_email.uyeliginin.devam.etmesi.icin.app.store.ode.c9e88d0a","notification_email","notification","P1","supabase/functions/_shared/transactional-notification-localization.ts","68","Üyeliğinin devam etmesi için App Store ödeme bilgilerini kontrol et.","","","","","","backend_user_copy","","lifecycle","inventory.notification.c9e88d0ac05d","extracted","not_started","not_required","not_started","false"
"legacy.notification_email.uyelik.duraklat.ld.44a8d722","notification_email","notification","P1","supabase/functions/_shared/transactional-notification-localization.ts","71","Üyelik duraklatıldı","","","","","","backend_user_copy","","lifecycle","inventory.notification.44a8d722f993","extracted","not_started","not_required","not_started","false"
"legacy.notification_email.riskdetected.hesab.n.gecici.olarak.ucretsi.eee9ebdc","notification_email","notification","P1","supabase/functions/_shared/transactional-notification-localization.ts","72","RiskDetected hesabın geçici olarak ücretsiz plana alındı.","","","","","","backend_user_copy","","lifecycle","inventory.notification.eee9ebdc9b7e","extracted","not_started","not_required","not_started","false"
"legacy.notification_email.your.risk.assessment.is.ready.to.review.a377b420","notification_email","notification","P1","supabase/functions/_shared/transactional-notification-localization.ts","81","Your risk assessment is ready to review.","","","","","","backend_user_copy","","lifecycle","inventory.notification.a377b420688e","extracted","not_started","not_started","not_started","true"
"legacy.notification_email.your.risk.report.is.ready.in.the.reports.s.17e3c8f0","notification_email","notification","P1","supabase/functions/_shared/transactional-notification-localization.ts","85","Your risk report is ready in the Reports section.","","","","","","backend_user_copy","","lifecycle","inventory.notification.17e3c8f05962","extracted","not_started","not_started","not_started","true"
"legacy.backend.detayl.analiz.2.gun.sonra.kal.c.oluyor.5c231701","backend","backend","P0","supabase/functions/_shared/trial-reminder.ts","6","Detaylı Analiz 2 gün sonra kalıcı oluyor","","","","","","backend_user_copy","","backend","inventory.backend.5c231701be1d","extracted","not_started","not_required","not_started","false"
"legacy.backend.plus.y.ll.k.plan.nla.detayl.tehlike.analiz.d0bbeea6","backend","backend","P0","supabase/functions/_shared/trial-reminder.ts","8","Plus yıllık planınla detaylı tehlike analizleri ve paylaşılabilir raporların kesintisiz sürer. Vazgeçersen App Store > Abonelikler'den iptal edebilirsin.","","","","","","backend_user_copy","","backend","inventory.backend.d0bbeea6b104","extracted","not_started","not_started","not_started","true"
"legacy.backend.erisim.engeli.a86ec43d","backend","backend","P0","supabase/functions/analyze/index.ts","582","erişim engeli","","","","","","backend_user_copy","","backend","inventory.backend.a86ec43dfb9d","extracted","not_started","not_required","not_started","false"
"legacy.backend.n.alt.na.dusmesin.m5.severity.5.olmal.bu.t.df97ff11","backend","backend","P0","supabase/functions/analyze/index.ts","610","ın altına düşmesin; m5_severity = 5 olmalı. Bu Türkiye","","","","","","backend_user_copy","","backend","inventory.backend.df97ff110bb4","extracted","not_started","not_required","not_started","false"
"legacy.backend.sahada.dogrulanmal.32a8f81f","backend","backend","P0","supabase/functions/analyze/index.ts","617","sahada doğrulanmalı","","","","","","backend_user_copy","","backend","inventory.backend.32a8f81fb1ce","extracted","not_started","not_required","not_started","false"
"legacy.backend.guvenlik.onlemleri.al.nmal.dabf586f","backend","backend","P0","supabase/functions/analyze/index.ts","620","güvenlik önlemleri alınmalı","","","","","","backend_user_copy","","backend","inventory.backend.dabf586f38b6","extracted","not_started","not_started","not_started","true"
"legacy.backend.erisim.kapal.e8803ff1","backend","backend","P0","supabase/functions/analyze/index.ts","622","erişim kapalı","","","","","","backend_user_copy","","backend","inventory.backend.e8803ff1a8be","extracted","not_started","not_required","not_started","false"
"legacy.backend.onunde.malzeme.var.2637dc1e","backend","backend","P0","supabase/functions/analyze/index.ts","622","önünde malzeme var","","","","","","backend_user_copy","","backend","inventory.backend.2637dc1e83cb","extracted","not_started","not_required","not_started","false"
"legacy.backend.ulas.m.engelli.9a79d0f7","backend","backend","P0","supabase/functions/analyze/index.ts","622","ulaşım engelli","","","","","","backend_user_copy","","backend","inventory.backend.9a79d0f7e293","extracted","not_started","not_required","not_started","false"
"legacy.backend.1.kat.yuksekliginde.3958b96f","backend","backend","P0","supabase/functions/analyze/index.ts","624","1 kat yüksekliğinde","","","","","","backend_user_copy","","backend","inventory.backend.3958b96f2ce1","extracted","not_started","not_required","not_started","false"
"legacy.backend.yaklas.k.3m.16bae735","backend","backend","P0","supabase/functions/analyze/index.ts","624","yaklaşık 3m","","","","","","backend_user_copy","","backend","inventory.backend.16bae7356d1c","extracted","not_started","not_required","not_started","false"
"legacy.backend.egitim.verilmeli.e4d69728","backend","backend","P0","supabase/functions/analyze/index.ts","625","Eğitim verilmeli","","","","","","backend_user_copy","","backend","inventory.backend.e4d697285329","extracted","not_started","not_required","not_started","false"
"legacy.backend.tekrar.olmas.n.e437eacb","backend","backend","P0","supabase/functions/analyze/index.ts","632","tekrar olmasın","","","","","","backend_user_copy","","backend","inventory.backend.e437eacbe69d","extracted","not_started","not_required","not_started","false"
"legacy.backend.ac.k.kenar.dusmeyi.onleyici.korkuluk.eksik.b6d3fc46","backend","backend","P0","supabase/functions/analyze/index.ts","637","Açık kenar — düşmeyi önleyici korkuluk eksikliği","","","","","","backend_user_copy","","backend","inventory.backend.b6d3fc46b899","extracted","not_started","not_required","not_started","false"
"legacy.backend.yuksekte.cal.sma.8b06cb89","backend","backend","P0","supabase/functions/analyze/index.ts","638","Yüksekte Çalışma","","","","","","backend_user_copy","","backend","inventory.backend.8b06cb89c3b2","extracted","not_started","not_required","not_started","false"
"legacy.backend.ust.kat.n.dogu.kenar.nda.korkuluk.yok.cal..4352ee12","backend","backend","P0","supabase/functions/analyze/index.ts","639","Üst katın doğu kenarında korkuluk yok; çalışan kenara yakın malzeme taşıyor. Yaklaşık 4m yükseklikten ölümcül düşme potansiyeli.","","","","","","backend_user_copy","","backend","inventory.backend.4352ee120013","extracted","not_started","not_required","not_started","false"
"legacy.backend.ac.k.kenara.ts.en.13374.uyumlu.korkuluk.ku.cbb12377","backend","backend","P0","supabase/functions/analyze/index.ts","640","Açık kenara TS EN 13374 uyumlu korkuluk kur; kurulana kadar bölgeye erişimi durdur.","","","","","","backend_user_copy","","backend","inventory.backend.cbb12377b5cd","extracted","not_started","not_required","not_started","false"
"legacy.backend.kenar.koruma.kontrolunu.gunluk.saha.baslan.4010d3fb","backend","backend","P0","supabase/functions/analyze/index.ts","641","Kenar koruma kontrolünü günlük saha başlangıç formuna ekle ve sorumlu kişiyi belirle.","","","","","","backend_user_copy","","backend","inventory.backend.4010d3fb3159","extracted","not_started","not_required","not_started","false"
"legacy.backend.standart.saha.taramas.ana.tarama.proseduru.7405c3e6","backend","backend","P0","supabase/functions/analyze/index.ts","662","Standart saha taraması: ana tarama prosedürünü uygula.","","","","","","backend_user_copy","","backend","inventory.backend.7405c3e66c81","extracted","not_started","not_required","not_started","false"
"legacy.backend.baret.gozluk.yuz.koruma.eldiven.is.ayakkab.d443df08","backend","backend","P0","supabase/functions/analyze/index.ts","664","Baret, gözlük/yüz koruma, eldiven, iş ayakkabısı, reflektif yelek, solunum koruması, kulak koruması, emniyet kemeri ve kullanım/uygunluk eksiklerini değerlendir.","","","","","","backend_user_copy","","backend","inventory.backend.d443df0852b2","extracted","not_started","not_required","not_started","false"
"legacy.backend.koruyucular.doner.hareketli.parcalar.s.k.s.3c5ff054","backend","backend","P0","supabase/functions/analyze/index.ts","666","Koruyucular, döner/hareketli parçalar, sıkışma-ezilme-kesilme riskleri, acil durdurma, bakım-kilit/etiketleme, periyodik kontrol ve yetkisiz erişim uygunsuzluklarını analiz et.","","","","","","backend_user_copy","","backend","inventory.backend.3c5ff0547ac1","extracted","not_started","not_required","not_started","false"
"legacy.backend.uyar.yasak.zorunluluk.acil.c.k.s.yang.n.ek.e0ed08b5","backend","backend","P0","supabase/functions/analyze/index.ts","668","Uyarı, yasak, zorunluluk, acil çıkış, yangın ekipmanı, yönlendirme, zemin/alan işaretlemesi, görünürlük, konum ve eksik işaret risklerini belirt.","","","","","","backend_user_copy","","backend","inventory.backend.e0ed08b5f4b5","extracted","not_started","not_required","not_started","false"
"legacy.backend.pano.kablo.priz.topraklama.kacak.ak.m.ac.k.0fa00e0e","backend","backend","P0","supabase/functions/analyze/index.ts","670","Pano, kablo, priz, topraklama, kaçak akım, açık iletken, izolasyon, dağınık kablolama, nem/sıvı teması, yetkisiz erişim ve elektrik çarpması/yangın risklerini değerlendir.","","","","","","backend_user_copy","","backend","inventory.backend.0fa00e0ed1c8","extracted","not_started","not_required","not_started","false"
"legacy.backend.sektor.baglam.n.tahmin.et.insaat.uretim.de.edb1ab42","backend","backend","P0","supabase/functions/analyze/index.ts","672","Sektör bağlamını tahmin et; inşaat, üretim, depo/lojistik, ofis veya saha çalışmasına özgü tipik İSG risklerini görünür bulgularla ilişkilendir. Tahmin belirsizse açıkça belirt.","","","","","","backend_user_copy","","backend","inventory.backend.edb1ab420ee6","extracted","not_started","not_required","not_started","false"
"legacy.backend.yan.c.parlay.c.malzeme.s.cak.cal.sma.elekt.d5ce557b","backend","backend","P0","supabase/functions/analyze/index.ts","674","Yanıcı/parlayıcı malzeme, sıcak çalışma, elektrik kaynaklı yangın, söndürücü erişimi, yangın dolabı, acil çıkış, tahliye yolu, depolama düzeni ve yangın yükünü analiz et. Yangın ekipmanı önünde yalnızca insan varsa bunu malzeme/istif/erişim engeli sayma; erişim engeli için fiziksel nesne, depolama, araç, ekipman veya kapatılmış güzergah kanıtı ara.","","","","","","backend_user_copy","","backend","inventory.backend.d5ce557bfa13","extracted","not_started","not_required","not_started","false"
"legacy.backend.fotograftaki.ekipman.tan.mla.ve.isg.ac.s.n.10f3f926","backend","backend","P0","supabase/functions/analyze/index.ts","676","Fotoğraftaki ekipmanı tanımla ve İSG açısından değerlendir. Emin değilsen olasılıkları belirt, varsayım yapma. Kısa başlıklarla şunları ver: ekipman adı, tehlikeler, riskler, önlemler, gerekli KKD, kullanım öncesi kontroller ve durdurma kriterleri. Kritik risk varsa en başta uyar. Eksik bilgi varsa ek fotoğraf veya marka/model iste.","","","","","","backend_user_copy","","backend","inventory.backend.10f3f926a922","extracted","not_started","not_started","not_started","true"
"legacy.backend.gurultu.toz.gaz.buhar.ayd.nlatma.s.cakl.k..1cc3ea22","backend","backend","P0","supabase/functions/analyze/index.ts","678","Gürültü, toz, gaz/buhar, aydınlatma, sıcaklık, havalandırma, titreşim ve kimyasal maruziyet gibi ölçüm gerektiren başlıkları ""ölçümle doğrulanmalı"" olarak yaz.","","","","","","backend_user_copy","","backend","inventory.backend.1cc3ea226aa3","extracted","not_started","not_required","not_started","false"
"legacy.backend.patlay.c.atmosfer.gaz.buhar.toz.birikimi.y.a9a30812","backend","backend","P0","supabase/functions/analyze/index.ts","680","Patlayıcı atmosfer, gaz/buhar/toz birikimi, yanıcı depolama, basınçlı kap, statik elektrik, kıvılcım/ateşleme kaynağı, havalandırma, Ex ekipman ve patlamadan korunma dokümanı ihtiyacını değerlendir.","","","","","","backend_user_copy","","backend","inventory.backend.a9a30812a35d","extracted","not_started","not_required","not_started","false"
"legacy.backend.at.k.yonetimi.s.z.nt.dokulme.kimyasal.depo.29ce1ab6","backend","backend","P0","supabase/functions/analyze/index.ts","682","Atık yönetimi, sızıntı/dökülme, kimyasal depolama, drenaj, toprak/su kirliliği, emisyon/toz yayılımı, saha düzeni ve çevresel acil durum risklerini analiz et.","","","","","","backend_user_copy","","backend","inventory.backend.29ce1ab6aca5","extracted","not_started","not_required","not_started","false"
"legacy.backend.goruntudeki.bulgular.turkiye.isg.mevzuat.a.366ea256","backend","backend","P0","supabase/functions/analyze/index.ts","684","Görüntüdeki bulguları Türkiye İSG mevzuatı açısından eşleştir. 6331, Risk Değerlendirmesi, KKD, İş Ekipmanları, Sağlık ve Güvenlik İşaretleri, Acil Durumlar, Yapı İşleri, İş Hijyeni, Patlayıcı Ortamlar vb. başlıklarla ilişkilendir. Emin olmadığın maddeyi uydurma.","","","","","","backend_user_copy","","backend","inventory.backend.366ea2565321","extracted","not_started","not_started","not_started","true"
"legacy.backend.dusme.tehlikesi.korkuluk.iskele.merdiven.p.5005cab6","backend","backend","P0","supabase/functions/analyze/index.ts","686","Düşme tehlikesi, korkuluk, iskele, merdiven, platform, yaşam hattı, ankraj, emniyet kemeri, boşluk/kenar koruması, düşen cisim ve erişim güvenliğini analiz et.","","","","","","backend_user_copy","","backend","inventory.backend.5005cab6b30c","extracted","not_started","not_started","not_started","true"
"legacy.backend.forklift.transpalet.vinc.kamyon.arac.yaya..cd9884a1","backend","backend","P0","supabase/functions/analyze/index.ts","688","Forklift, transpalet, vinç, kamyon, araç-yaya ayrımı, kör nokta, hız, manevra alanı, yük güvenliği, geri görüş, uyarı sistemi ve çarpma/ezilme risklerini belirt.","","","","","","backend_user_copy","","backend","inventory.backend.cd9884a1dc67","extracted","not_started","not_started","not_started","true"
"legacy.backend.tum.gorunur.isg.risklerini.denetim.odakl.v.ee8ba163","backend","backend","P0","supabase/functions/analyze/index.ts","690","Tüm görünür İSG risklerini denetim odaklı ve ayrıntılı analiz et. Bulguları kritik seviyeden düşüğe sırala; her biri için kök neden, olası kaza senaryosu, acil aksiyon ve mevzuat karşılığını ver.","","","","","","backend_user_copy","","backend","inventory.backend.ee8ba1639978","extracted","not_started","not_started","not_started","true"
"legacy.backend.ekskavator.yukleyici.vinc.kaz.c.kald.r.c.v.b69dc993","backend","backend","P0","supabase/functions/analyze/index.ts","692","Ekskavatör, yükleyici, vinç, kazıcı, kaldırıcı ve saha araçlarında devrilme, ezilme, kör nokta, operatör görüşü, yük kaldırma, zemin stabilitesi, bakım/periyodik kontrol ve yetkisiz yaklaşma risklerini analiz et.","","","","","","backend_user_copy","","backend","inventory.backend.b69dc9939cd8","extracted","not_started","not_required","not_started","false"
"legacy.backend.duzeltici.onlem.6df4453b","backend","backend","P0","supabase/functions/analyze/index.ts","1523","Düzeltici Önlem","","","","","","backend_user_copy","","backend","inventory.backend.6df4453bb4dd","extracted","not_started","not_required","not_started","false"
"legacy.backend.onleyici.kontrol.3a528889","backend","backend","P0","supabase/functions/analyze/index.ts","1526","Önleyici Kontrol","","","","","","backend_user_copy","","backend","inventory.backend.3a5288892d9c","extracted","not_started","not_required","not_started","false"
"legacy.backend.uygunsuzlugu.sahada.guvenli.hale.getirecek.18061608","backend","backend","P0","supabase/functions/analyze/index.ts","1561","Uygunsuzluğu sahada güvenli hale getirecek düzeltici kontrolü uygula.","","","","","","backend_user_copy","","backend","inventory.backend.18061608a380","extracted","not_started","not_started","not_started","true"
"legacy.backend.tekrar.onlemek.icin.kontrol.sorumlusu.peri.87ea24d9","backend","backend","P0","supabase/functions/analyze/index.ts","1568","Tekrarı önlemek için kontrol sorumlusu, periyodik kontrol ve saha doğrulama kaydı tanımla.","","","","","","backend_user_copy","","backend","inventory.backend.87ea24d9a95b","extracted","not_started","not_required","not_started","false"
"legacy.backend.ai.bu.fotograf.icin.ayr.coverage.ozeti.don.44032048","backend","backend","P0","supabase/functions/analyze/index.ts","1741","AI bu fotoğraf için ayrı coverage özeti döndürmedi.","","","","","","backend_user_copy","","backend","inventory.backend.44032048b069","extracted","not_started","not_required","not_started","false"
"legacy.backend.goruntu.kalitesi.guvenilir.bulgu.uretmek.i.2acf799c","backend","backend","P0","supabase/functions/analyze/index.ts","1744","Görüntü kalitesi güvenilir bulgu üretmek için yetersiz.","","","","","","backend_user_copy","","backend","inventory.backend.2acf799c4d37","extracted","not_started","not_required","not_started","false"
"legacy.backend.aksiyonlanabilir.risk.kan.t.guvenilir.seki.40a09277","backend","backend","P0","supabase/functions/analyze/index.ts","1747","Aksiyonlanabilir risk kanıtı güvenilir şekilde doğrulanamadı.","","","","","","backend_user_copy","","backend","inventory.backend.40a09277256e","extracted","not_started","not_started","not_started","true"
"legacy.backend.bu.fotografta.targetmin.ayr.ve.duplicate.o.aba56670","backend","backend","P0","supabase/functions/analyze/index.ts","1750","Bu fotoğrafta ${targetMin} ayrı ve duplicate olmayan güvenilir risk kanıtı doğrulanamadı.","","","","","","backend_user_copy","${targetMin}","backend","inventory.backend.aba566700c04","extracted","not_started","not_started","not_started","true"
"legacy.backend.emin.olunan.tam.mevzuat.referans.b2234fd1","backend","backend","P0","supabase/functions/analyze/index.ts","2789","emin olunan tam mevzuat referansı","","","","","","backend_user_copy","","backend","inventory.backend.b2234fd10232","extracted","not_started","not_started","not_started","true"
"legacy.backend.emin.olunan.k.sa.mevzuat.referans.c9fa3481","backend","backend","P0","supabase/functions/analyze/index.ts","2790","emin olunan kısa mevzuat referansı","","","","","","backend_user_copy","","backend","inventory.backend.c9fa3481f19f","extracted","not_started","not_started","not_started","true"
"legacy.backend.sistematik.kok.neden.ozeti.acfc9341","backend","backend","P0","supabase/functions/analyze/index.ts","2798","sistematik kök neden özeti","","","","","","backend_user_copy","","backend","inventory.backend.acfc9341fb47","extracted","not_started","not_required","not_started","false"
"legacy.backend.k.sa.saha.diliyle.kok.neden.21e5295b","backend","backend","P0","supabase/functions/analyze/index.ts","2799","kısa saha diliyle kök neden","","","","","","backend_user_copy","","backend","inventory.backend.21e5295b1f24","extracted","not_started","not_required","not_started","false"
"legacy.backend.layer.key.key.status.checked.no.hazard.vis.c57ff706","backend","backend","P0","supabase/functions/analyze/index.ts","2818","{ ""layer_key"": ""${key}"", ""status"": ""checked_no_hazard"", ""visual_evidence"": ""kısa görsel dayanak"" }","","","","","","backend_user_copy","${key}","backend","inventory.backend.c57ff706aeb9","extracted","not_started","not_required","not_started","false"
"legacy.backend.gorunen.nesne.veya.bolge.6059d292","backend","backend","P0","supabase/functions/analyze/index.ts","2822","görünen nesne veya bölge","","","","","","backend_user_copy","","backend","inventory.backend.6059d29274d5","extracted","not_started","not_required","not_started","false"
"legacy.backend.12.katman.sonunda.bu.bulgu.say.s.na.neden..5a60542f","backend","backend","P0","supabase/functions/analyze/index.ts","2826","12 katman sonunda bu bulgu sayısına neden ulaşıldığının kısa özeti","","","","","","backend_user_copy","","backend","inventory.backend.5a60542fc776","extracted","not_started","not_required","not_started","false"
"legacy.backend.rapora.uygun.nesnel.saha.kan.t.74f6a129","backend","backend","P0","supabase/functions/analyze/index.ts","2861","rapora uygun nesnel saha kanıtı","","","","","","backend_user_copy","","backend","inventory.backend.74f6a129466d","extracted","not_started","not_required","not_started","false"
"legacy.backend.fotograftaki.k.sa.gozlem.4fce009e","backend","backend","P0","supabase/functions/analyze/index.ts","2875","fotoğraftaki kısa gözlem","","","","","","backend_user_copy","","backend","inventory.backend.4fce009e6edf","extracted","not_started","not_required","not_started","false"
"legacy.backend.k.sa.tehlike.basl.g.11e0bd2a","backend","backend","P0","supabase/functions/analyze/index.ts","2902","kısa tehlike başlığı","","","","","","backend_user_copy","","backend","inventory.backend.11e0bd2adb98","extracted","not_started","not_started","not_started","true"
"legacy.backend.risk.kategorisi.674e3f71","backend","backend","P0","supabase/functions/analyze/index.ts","2903","risk kategorisi","","","","","","backend_user_copy","","backend","inventory.backend.674e3f7123c1","extracted","not_started","not_started","not_started","true"
"legacy.backend.rapora.uygun.nesnel.saha.kan.t.metin.modun.a401795f","backend","backend","P0","supabase/functions/analyze/index.ts","2904","rapora uygun nesnel saha kanıtı; metin modunda kullanıcı notunu alıntılama","","","","","","backend_user_copy","","backend","inventory.backend.a401795f9613","extracted","not_started","not_required","not_started","false"
"legacy.backend.riskin.k.sa.ac.klamas.1191cce5","backend","backend","P0","supabase/functions/analyze/index.ts","2905","riskin kısa açıklaması","","","","","","backend_user_copy","","backend","inventory.backend.1191cce5a020","extracted","not_started","not_required","not_started","false"
"legacy.backend.mevcut.uygunsuzlugu.sahada.duzelten.k.sa.u.1d3a774f","backend","backend","P0","supabase/functions/analyze/index.ts","2907","mevcut uygunsuzluğu sahada düzelten kısa uygulanabilir önlem","","","","","","backend_user_copy","","backend","inventory.backend.1d3a774fcc0a","extracted","not_started","not_required","not_started","false"
"legacy.backend.tekrar.n.onleyen.k.sa.kontrol.prosedur.izl.67b9cb16","backend","backend","P0","supabase/functions/analyze/index.ts","2908","tekrarını önleyen kısa kontrol/prosedür/izleme tedbiri","","","","","","backend_user_copy","","backend","inventory.backend.67b9cb16a158","extracted","not_started","not_required","not_started","false"
"legacy.backend.references.emin.olunan.k.sa.mevzuat.refera.27cbf499","backend","backend","P0","supabase/functions/analyze/index.ts","2917",",       ""references"": ""emin olunan kısa mevzuat referansı""","","","","","","backend_user_copy","","backend","inventory.backend.27cbf499827b","extracted","not_started","not_started","not_started","true"
"legacy.backend.fotograftaki.sahnenin.k.sa.ozeti.f5bdd50d","backend","backend","P0","supabase/functions/analyze/index.ts","2925","fotoğraftaki sahnenin kısa özeti","","","","","","backend_user_copy","","backend","inventory.backend.f5bdd50d0dd8","extracted","not_started","not_required","not_started","false"
"legacy.backend.k.sa.ozet.1b6988d6","backend","backend","P0","supabase/functions/analyze/index.ts","2931","kısa özet","","","","","","backend_user_copy","","backend","inventory.backend.1b6988d6a84d","extracted","not_started","not_required","not_started","false"
"legacy.backend.her.fotograf.tek.cagr.da.su.s.rayla.incele.c58730c2","backend","backend","P0","supabase/functions/analyze/index.ts","3235","Her fotoğrafı tek çağrıda şu sırayla incele: önce görünen temel nesne ve bölgeleri scene_elements içine çıkar; sonra 12 denetim katmanının HER BİRİNİ inspection_layers içinde tam bir kez değerlendir; ancak bundan sonra bağımsız bulguları üret. Bir katman görünmüyorsa not_visible, görünür ve tehlike yoksa checked_no_hazard, doğrulanabilir tehlike varsa actionable, görsel kanıt yetersizse uncertain yaz. Her actionable katmanı en az bir finding ile ilişkilendir ve her finding içinde inspection_layer_keys alanını doldur. 12 katman tamamlanmadan yanıtı bitirme. Katmanları tamamlamak bulgu sayısını yapay olarak artırma zorunluluğu değildir; yalnız bir doğrulanabilir tehlike varsa bir bulgu geçerlidir.","","","","","","backend_user_copy","","backend","inventory.backend.c58730c24785","extracted","not_started","not_started","not_started","true"
"legacy.backend.bu.analizde.findingpolicy.photocount.fotog.8d74cd86","backend","backend","P0","supabase/functions/analyze/index.ts","3254","Bu analizde ${findingPolicy.photoCount} fotoğraf var. Görseller FOTO_1...FOTO_${findingPolicy.photoCount} marker'larıyla sırayla verilir; source_photo_indices alanında sadece bu marker numaralarını kullan. FOTO_* marker adlarını kullanıcıya gösterilecek hiçbir metin alanında yazma; kullanıcı metinde yalnızca ""Foto 1"" gibi kaynak etiketini arayüzde görür. Her fotoğraf için photo_summaries içinde ayrı özet üret. Her fotoğraf için 12 katmanlı taramadan çıkan tüm anlamlı bulgu adaylarını yaz; fotoğraf başına en fazla ${findingPolicy.maxFindingsPerPhoto}, toplamda en fazla ${findingPolicy.maxFindingsTotal} final bulgu üret. Kanıt varsa listeyi gereksiz kısaltma: çok fotoğraflı bir analizde tehlike kanıtı güçlü olan her fotoğraftan genellikle birden fazla bulgu beklenir. Risk kanıtı zayıfsa bulgu uydurma. Aynı tehlikeyi yalnız aynı kök neden ve aynı kontrol tedbiri olduğunda birleştir; farklı fotoğraftaki farklı tehlikeleri yalnız sayıyı azaltmak için birleştirme. source_photo_indices ve per_photo_observations alanlarını doldur.","","","","","","backend_user_copy","${findingPolicy.photoCount}|${findingPolicy.photoCount}|${findingPolicy.maxFindingsPerPhoto}|${findingPolicy.maxFindingsTotal}","backend","inventory.backend.8d74cd8665e3","extracted","not_started","not_started","not_started","true"
"legacy.backend.minhazards.ile.maxhazards.aras.nda.tehlike.703cf43b","backend","backend","P0","supabase/functions/analyze/index.ts","3258","${minHazards} ile ${maxHazards} arasında tehlike döndür; önem sırasına göre sırala.","","","","","","backend_user_copy","${minHazards}|${maxHazards}","backend","inventory.backend.703cf43b1ba6","extracted","not_started","not_started","not_started","true"
"legacy.backend.en.fazla.maxhazards.tehlike.dondur.onem.s..e44308bf","backend","backend","P0","supabase/functions/analyze/index.ts","3260","En fazla ${maxHazards} tehlike döndür; önem sırasına göre sırala.","","","","","","backend_user_copy","${maxHazards}","backend","inventory.backend.e44308bf8457","extracted","not_started","not_started","not_started","true"
"legacy.backend.10.ile.13.aras.nda.bulgu.dondur.daha.az.ek.d9bae825","backend","backend","P0","supabase/functions/analyze/index.ts","3261","10 ile 13 arasında bulgu döndür. Daha azı eksik, daha fazlası odak dağıtır.","","","","","","backend_user_copy","","backend","inventory.backend.d9bae825f5a9","extracted","not_started","not_required","not_started","false"
"legacy.backend.uzmanl.k.a.s.n.f.isg.uzman.teknik.derinlik.6894b46c","backend","backend","P0","supabase/functions/analyze/index.ts","3362","Uzmanlık: A sınıfı İSG uzmanı. Teknik derinlik yüksek; sistem etkileşimleri, ölümcül potansiyel ve kök neden dili daha profesyonel olabilir.","","","","","","backend_user_copy","","backend","inventory.backend.6894b46cb7bf","extracted","not_started","not_required","not_started","false"
"legacy.backend.uzmanl.k.b.s.n.f.isg.uzman.saha.uygulamas..28423cbd","backend","backend","P0","supabase/functions/analyze/index.ts","3364","Uzmanlık: B sınıfı İSG uzmanı. Saha uygulamasına dönük, profesyonel ama hızlı tüketilebilir aksiyonlar öncelikli.","","","","","","backend_user_copy","","backend","inventory.backend.28423cbd19b2","extracted","not_started","not_required","not_started","false"
"legacy.backend.uzmanl.k.c.s.n.f.isg.uzman.pratik.anlas.l..af9950a7","backend","backend","P0","supabase/functions/analyze/index.ts","3366","Uzmanlık: C sınıfı İSG uzmanı. Pratik, anlaşılır ve sahada hemen uygulanabilir aksiyon dili kullan.","","","","","","backend_user_copy","","backend","inventory.backend.af9950a7156c","extracted","not_started","not_required","not_started","false"
"legacy.backend.profil.isyeri.hekimi.sagl.k.gozetimi.maruz.53102e49","backend","backend","P0","supabase/functions/analyze/index.ts","3368","Profil: İşyeri hekimi. Sağlık gözetimi, maruziyet, ergonomi ve hijyen boyutunu uygun olduğunda hatırlat; İSG uzmanı yetkisi varsayma.","","","","","","backend_user_copy","","backend","inventory.backend.53102e49b384","extracted","not_started","not_required","not_started","false"
"legacy.backend.profil.diger.sagl.k.personeli.sagl.k.gozet.6cba9a02","backend","backend","P0","supabase/functions/analyze/index.ts","3370","Profil: Diğer sağlık personeli. Sağlık gözetimi, ilk yardım, maruziyet ve saha bildirimlerini uygun olduğunda sade dille hatırlat.","","","","","","backend_user_copy","","backend","inventory.backend.6cba9a02c54a","extracted","not_started","not_required","not_started","false"
"legacy.backend.uzmanl.k.belirtilmedi.notr.profesyonel.ve..35091c24","backend","backend","P0","supabase/functions/analyze/index.ts","3372","Uzmanlık: Belirtilmedi. Nötr, profesyonel ve uygulanabilir İSG dili kullan.","","","","","","backend_user_copy","","backend","inventory.backend.35091c2448c8","extracted","not_started","not_required","not_started","false"
"legacy.backend.tehlike.s.n.f.belirtilmedi.gorsel.metin.ka.6bee16bd","backend","backend","P0","supabase/functions/analyze/index.ts","3378","Tehlike sınıfı: Belirtilmedi. Görsel/metin kanıtına göre standart risk kalibrasyonu uygula.","","","","","","backend_user_copy","","backend","inventory.backend.6bee16bdcc71","extracted","not_started","not_started","not_started","true"
"legacy.backend.olumcul.potansiyelli.dusme.elektrik.ezilme.4fe7dc67","backend","backend","P0","supabase/functions/analyze/index.ts","3397","ölümcül potansiyelli düşme, elektrik, ezilme, patlama, kapalı alan ve kaldırma risklerini güçlü önceliklendir","","","","","","backend_user_copy","","backend","inventory.backend.4fe7dc67a0ad","extracted","not_started","not_required","not_started","false"
"legacy.backend.makine.koruyucu.kimyasal.maruziyet.manuel..8d4c0329","backend","backend","P0","supabase/functions/analyze/index.ts","3402","makine koruyucu, kimyasal maruziyet, manuel taşıma, yangın ve yetkinlik kontrollerini öne çıkar","","","","","","backend_user_copy","","backend","inventory.backend.8d4c0329b94d","extracted","not_started","not_required","not_started","false"
"legacy.backend.ergonomi.ekranl.cal.sma.ayd.nlatma.tahliye.10cc2b47","backend","backend","P0","supabase/functions/analyze/index.ts","3407","ergonomi, ekranlı çalışma, aydınlatma, tahliye, ilk yardım ve psikososyal riskleri uygun olduğunda hatırlat","","","","","","backend_user_copy","","backend","inventory.backend.10cc2b477eff","extracted","not_started","not_required","not_started","false"
"legacy.backend.sektor.belirtilmedi.gorselde.bask.n.sektor.cb0a0ca8","backend","backend","P0","supabase/functions/analyze/index.ts","3418","Sektör: Belirtilmedi. Görselde baskın sektör neyse ona göre risk ailelerini seç.","","","","","","backend_user_copy","","backend","inventory.backend.cb0a0ca83b55","extracted","not_started","not_started","not_started","true"
"legacy.backend.insaat.yuksekten.dusme.ac.k.kenar.iskele.k.fc49c957","backend","backend","P0","supabase/functions/analyze/index.ts","3424","İnşaat: yüksekten düşme, açık kenar, iskele, kazı, vinç, düşen cisim ve saha düzeni","","","","","","backend_user_copy","","backend","inventory.backend.fc49c957dfbb","extracted","not_started","not_required","not_started","false"
"legacy.backend.imalat.makine.koruyucular.acil.stop.loto.c.70711554","backend","backend","P0","supabase/functions/analyze/index.ts","3426","İmalat: makine koruyucuları, acil stop, LOTO, CE, gürültü, titreşim, toz ve kimyasal maruziyet","","","","","","backend_user_copy","","backend","inventory.backend.707115545011","extracted","not_started","not_required","not_started","false"
"legacy.backend.enerji.loto.elektrik.yaklasma.mesafesi.ark.35b50391","backend","backend","P0","supabase/functions/analyze/index.ts","3428","Enerji: LOTO, elektrik yaklaşma mesafesi, ark riski, topraklama, kapalı alan ve patlayıcı ortam","","","","","","backend_user_copy","","backend","inventory.backend.35b50391eba5","extracted","not_started","not_required","not_started","false"
"legacy.backend.maden.gocuk.havaland.rma.toz.patlay.c.atmo.f6731642","backend","backend","P0","supabase/functions/analyze/index.ts","3430","Maden: göçük, havalandırma, toz, patlayıcı atmosfer, hareketli ekipman ve acil kaçış","","","","","","backend_user_copy","","backend","inventory.backend.f67316428e94","extracted","not_started","not_required","not_started","false"
"legacy.backend.ofis.hizmet.ergonomi.ayd.nlatma.ic.hava.ka.211ced60","backend","backend","P0","supabase/functions/analyze/index.ts","3432","Ofis/hizmet: ergonomi, aydınlatma, iç hava kalitesi, tahliye, yangın ekipmanı ve psikososyal riskler","","","","","","backend_user_copy","","backend","inventory.backend.211ced60b007","extracted","not_started","not_required","not_started","false"
"legacy.backend.diger.gorsel.metin.kan.t.na.gore.lojistik..2104e932","backend","backend","P0","supabase/functions/analyze/index.ts","3434","Diğer: görsel/metin kanıtına göre lojistik, sağlık, tarım veya perakende risklerini dikkatle ayır","","","","","","backend_user_copy","","backend","inventory.backend.2104e932ad6c","extracted","not_started","not_required","not_started","false"
"legacy.backend.denetim.s.kl.g.tek.odak.az.denetim.aksiyon.f2aba66a","backend","backend","P0","supabase/functions/analyze/index.ts","3448","Denetim sıklığı: Tek odak/az denetim. Aksiyonları biraz daha açıklayıcı ve adım odaklı yaz.","","","","","","backend_user_copy","","backend","inventory.backend.f2aba66a1209","extracted","not_started","not_required","not_started","false"
"legacy.backend.denetim.s.kl.g.standart.yogunluk.dengeli.t.18bb4206","backend","backend","P0","supabase/functions/analyze/index.ts","3450","Denetim sıklığı: Standart yoğunluk. Dengeli teknik dil ve kısa açıklayıcı notlar kullan.","","","","","","backend_user_copy","","backend","inventory.backend.18bb42067b1d","extracted","not_started","not_required","not_started","false"
"legacy.backend.denetim.s.kl.g.yuksek.tempo.dogrudan.taran.a5a1c2a7","backend","backend","P0","supabase/functions/analyze/index.ts","3452","Denetim sıklığı: Yüksek tempo. Doğrudan, taranabilir ve net saha komutu dili kullan.","","","","","","backend_user_copy","","backend","inventory.backend.a5a1c2a78184","extracted","not_started","not_required","not_started","false"
"legacy.backend.denetim.s.kl.g.cok.yogun.saha.jenerik.ac.k.a3431a69","backend","backend","P0","supabase/functions/analyze/index.ts","3454","Denetim sıklığı: Çok yoğun saha. Jenerik açıklamayı azalt; aksiyonları kısa, net ve öncelik odaklı yaz.","","","","","","backend_user_copy","","backend","inventory.backend.a3431a69a66c","extracted","not_started","not_required","not_started","false"
"legacy.backend.denetim.s.kl.g.belirtilmedi.dengeli.teknik.865edb7a","backend","backend","P0","supabase/functions/analyze/index.ts","3456","Denetim sıklığı: Belirtilmedi. Dengeli teknik dil kullan.","","","","","","backend_user_copy","","backend","inventory.backend.865edb7a4fb3","extracted","not_started","not_required","not_started","false"
"legacy.backend.cok.tehlikeli.6e5b02ff","backend","backend","P0","supabase/functions/analyze/index.ts","3582","Çok Tehlikeli","","","","","","backend_user_copy","","backend","inventory.backend.6e5b02ffdc7d","extracted","not_started","not_required","not_started","false"
"legacy.backend.gemini.yan.t.bos.d9650d42","backend","backend","P0","supabase/functions/analyze/index.ts","3801","Gemini yanıt boş.","","","","","","backend_user_copy","","backend","inventory.backend.d9650d422c22","extracted","not_started","not_required","not_started","false"
"legacy.backend.gemini.yan.t.nda.metin.yok.eeee30d5","backend","backend","P0","supabase/functions/analyze/index.ts","3848","Gemini yanıtında metin yok.","","","","","","backend_user_copy","","backend","inventory.backend.eeee30d5cc43","extracted","not_started","not_required","not_started","false"
"legacy.backend.analiz.icin.en.fazla.max.analysis.image.pa.b68d8f2e","backend","backend","P0","supabase/functions/analyze/index.ts","3944","Analiz için en fazla ${MAX_ANALYSIS_IMAGE_PARTS} fotoğraf gönderebilirsin.","","","","","","backend_user_copy","${MAX_ANALYSIS_IMAGE_PARTS}","backend","inventory.backend.b68d8f2e664f","extracted","not_started","not_required","not_started","false"
"legacy.backend.fotograf.verisi.gecersiz.a5655074","backend","backend","P0","supabase/functions/analyze/index.ts","3962","Fotoğraf verisi geçersiz.","","","","","","backend_user_copy","","backend","inventory.backend.a5655074d9cd","extracted","not_started","not_required","not_started","false"
"legacy.backend.fotograf.format.jpeg.veya.png.olmal.584bb217","backend","backend","P0","supabase/functions/analyze/index.ts","3977","Fotoğraf formatı JPEG veya PNG olmalı.","","","","","","backend_user_copy","","backend","inventory.backend.584bb2174bbe","extracted","not_started","not_required","not_started","false"
"legacy.backend.en.az.bir.fotograf.gerekli.56675dc1","backend","backend","P0","supabase/functions/analyze/index.ts","4027","En az bir fotoğraf gerekli.","","","","","","backend_user_copy","","backend","inventory.backend.56675dc1df34","extracted","not_started","not_required","not_started","false"
"legacy.backend.groq.fallback.en.fazla.groq.max.base64.ima.02a6038a","backend","backend","P0","supabase/functions/analyze/index.ts","4031","Groq fallback en fazla ${GROQ_MAX_BASE64_IMAGES} fotoğraf destekler.","","","","","","backend_user_copy","${GROQ_MAX_BASE64_IMAGES}","backend","inventory.backend.02a6038ab0d3","extracted","not_started","not_required","not_started","false"
"legacy.backend.groq.fallback.fotograf.boyutu.limitini.as..8ed42360","backend","backend","P0","supabase/functions/analyze/index.ts","4049","Groq fallback fotoğraf boyutu limitini aşıyor.","","","","","","backend_user_copy","","backend","inventory.backend.8ed423605caf","extracted","not_started","not_required","not_started","false"
"legacy.backend.groq.yan.t.nda.metin.yok.8aa4a391","backend","backend","P0","supabase/functions/analyze/index.ts","4147","Groq yanıtında metin yok.","","","","","","backend_user_copy","","backend","inventory.backend.8aa4a3919402","extracted","not_started","not_required","not_started","false"
"legacy.backend.ai.modeli.zaman.nda.yan.t.veremedi.lutfen..630466b1","backend","backend","P0","supabase/functions/analyze/index.ts","4601","AI modeli zamanında yanıt veremedi. Lütfen tekrar dene.","","","","","","backend_user_copy","","backend","inventory.backend.630466b17a4a","extracted","not_started","not_required","not_started","false"
"legacy.backend.ai.yan.t.tamamlanmadan.kesildi.lutfen.tekr.baf9801c","backend","backend","P0","supabase/functions/analyze/index.ts","4608","AI yanıtı tamamlanmadan kesildi. Lütfen tekrar dene.","","","","","","backend_user_copy","","backend","inventory.backend.baf9801c9cca","extracted","not_started","not_required","not_started","false"
"legacy.backend.gemini.kotas.doldu.google.ai.kullan.m.limi.7ebbb7e3","backend","backend","P0","supabase/functions/analyze/index.ts","4617","Gemini kotası doldu. Google AI kullanım limitini veya faturalandırma planını kontrol etmek gerekiyor.","","","","","","backend_user_copy","","backend","inventory.backend.7ebbb7e3e4aa","extracted","not_started","not_required","not_started","false"
"legacy.backend.gemini.modeli.su.anda.yogun.biraz.sonra.te.0bc61eba","backend","backend","P0","supabase/functions/analyze/index.ts","4624","Gemini modeli şu anda yoğun. Biraz sonra tekrar dene.","","","","","","backend_user_copy","","backend","inventory.backend.0bc61ebaa358","extracted","not_started","not_required","not_started","false"
"legacy.backend.gemini.servis.hatas.err.status.6e1463eb","backend","backend","P0","supabase/functions/analyze/index.ts","4630","Gemini servis hatası (${err.status}).","","","","","","backend_user_copy","${err.status}","backend","inventory.backend.6e1463eb1b5b","extracted","not_started","not_required","not_started","false"
"legacy.backend.ai.modeli.su.anda.yogun.veya.kota.limitine.2e072b04","backend","backend","P0","supabase/functions/analyze/index.ts","4640","AI modeli şu anda yoğun veya kota limitine takıldı. Biraz sonra tekrar dene.","","","","","","backend_user_copy","","backend","inventory.backend.2e072b0425f3","extracted","not_started","not_required","not_started","false"
"legacy.backend.ai.modeli.su.anda.yogun.biraz.sonra.tekrar.fa0135a2","backend","backend","P0","supabase/functions/analyze/index.ts","4647","AI modeli şu anda yoğun. Biraz sonra tekrar dene.","","","","","","backend_user_copy","","backend","inventory.backend.fa0135a2d95c","extracted","not_started","not_required","not_started","false"
"legacy.backend.ai.servis.hatas.err.status.5a353f33","backend","backend","P0","supabase/functions/analyze/index.ts","4653","AI servis hatası (${err.status}).","","","","","","backend_user_copy","${err.status}","backend","inventory.backend.5a353f33631b","extracted","not_started","not_required","not_started","false"
"legacy.backend.ai.yan.t.islenemedi.lutfen.ayn.analizi.tek.c477f79f","backend","backend","P0","supabase/functions/analyze/index.ts","4661","AI yanıtı işlenemedi. Lütfen aynı analizi tekrar dene.","","","","","","backend_user_copy","","backend","inventory.backend.c477f79fc57e","extracted","not_started","not_required","not_started","false"
"legacy.backend.ai.analizi.tamamlanamad.lutfen.tekrar.dene.308b8f97","backend","backend","P0","supabase/functions/analyze/index.ts","4668","AI analizi tamamlanamadı. Lütfen tekrar dene.","","","","","","backend_user_copy","","backend","inventory.backend.308b8f97cedf","extracted","not_started","not_required","not_started","false"
"legacy.backend.gemini.analizi.basar.s.z.077af48d","backend","backend","P0","supabase/functions/analyze/index.ts","4865","Gemini analizi başarısız.","","","","","","backend_user_copy","","backend","inventory.backend.077af48db3d2","extracted","not_started","not_required","not_started","false"
"legacy.backend.analiz.kuyruga.al.nd.destek.kodu.params.su.7c7c08e5","backend","backend","P0","supabase/functions/analyze/index.ts","5686","Analiz kuyruğa alındı. Destek kodu: ${params.supportID}","","","","","","backend_user_copy","${params.supportID}","backend","inventory.backend.7c7c08e54714","extracted","not_started","not_required","not_started","false"
"legacy.backend.analiz.kuyruga.al.namad.destek.kodu.params.e93de609","backend","backend","P0","supabase/functions/analyze/index.ts","5709","Analiz kuyruğa alınamadı. Destek kodu: ${params.supportID}","","","","","","backend_user_copy","${params.supportID}","backend","inventory.backend.e93de60954e4","extracted","not_started","not_required","not_started","false"
"legacy.backend.analiz.kapsam.ikinci.taramaya.al.nd.destek.9071bf39","backend","backend","P0","supabase/functions/analyze/index.ts","5794","Analiz kapsamı ikinci taramaya alındı. Destek kodu: ${params.supportID}","","","","","","backend_user_copy","${params.supportID}","backend","inventory.backend.9071bf3923d9","extracted","not_started","not_required","not_started","false"
"legacy.backend.gecersiz.token.dede9f81","backend","backend","P0","supabase/functions/analyze/index.ts","6162","Geçersiz token.","","","","","","backend_user_copy","","backend","inventory.backend.dede9f814b48","extracted","not_started","not_required","not_started","false"
"legacy.backend.gecersiz.json.body.c1575306","backend","backend","P0","supabase/functions/analyze/index.ts","6192","Geçersiz JSON body.","","","","","","backend_user_copy","","backend","inventory.backend.c15753062549","extracted","not_started","not_required","not_started","false"
"legacy.backend.analiz.bulunamad.veya.bu.islem.icin.yetki..c73b31a0","backend","backend","P0","supabase/functions/analyze/index.ts","6401","Analiz bulunamadı veya bu işlem için yetki yok.","","","","","","backend_user_copy","","backend","inventory.backend.c73b31a017d3","extracted","not_started","not_required","not_started","false"
"legacy.backend.bu.analiz.tamamlanamad.lutfen.yeniden.dene.4b23cfdb","backend","backend","P0","supabase/functions/analyze/index.ts","6461","Bu analiz tamamlanamadı. Lütfen yeniden dene.","","","","","","backend_user_copy","","backend","inventory.backend.4b23cfdbdeb3","extracted","not_started","not_required","not_started","false"
"legacy.backend.worker.claim.art.k.gecerli.degil.6e0bce35","backend","backend","P0","supabase/functions/analyze/index.ts","6487","Worker claim artık geçerli değil.","","","","","","backend_user_copy","","backend","inventory.backend.6e0bce35ebaf","extracted","not_started","not_required","not_started","false"
"legacy.backend.analiz.tamamlanamad.59827e97","backend","backend","P0","supabase/functions/analyze/index.ts","6635","Analiz tamamlanamadı.","","","","","","backend_user_copy","","backend","inventory.backend.59827e97a00c","extracted","not_started","not_required","not_started","false"
"legacy.backend.metin.analizi.kald.r.ld.lutfen.uygulamay.g.579c1bf0","backend","backend","P0","supabase/functions/analyze/index.ts","6670","Metin analizi kaldırıldı. Lütfen uygulamayı güncelle ve fotoğrafla analiz başlat. Destek kodu: ${supportID}","","","","","","backend_user_copy","${supportID}","backend","inventory.backend.579c1bf015c2","extracted","not_started","not_required","not_started","false"
"legacy.backend.metin.analizi.kald.r.ld.lutfen.uygulamay.g.15070c32","backend","backend","P0","supabase/functions/analyze/index.ts","6689","Metin analizi kaldırıldı. Lütfen uygulamayı güncelle ve fotoğrafla analiz başlat.","","","","","","backend_user_copy","","backend","inventory.backend.15070c323d22","extracted","not_started","not_required","not_started","false"
"legacy.backend.analiz.icin.en.az.bir.fotograf.gerekli.des.abfd74ae","backend","backend","P0","supabase/functions/analyze/index.ts","6705","Analiz için en az bir fotoğraf gerekli. Destek kodu: ${supportID}","","","","","","backend_user_copy","${supportID}","backend","inventory.backend.abfd74ae88e4","extracted","not_started","not_required","not_started","false"
"legacy.backend.analiz.icin.en.az.bir.fotograf.gerekli.7ae8a321","backend","backend","P0","supabase/functions/analyze/index.ts","6720","Analiz için en az bir fotoğraf gerekli.","","","","","","backend_user_copy","","backend","inventory.backend.7ae8a3214733","extracted","not_started","not_required","not_started","false"
"legacy.backend.analiz.kapsam.kaydedilemedi.destek.kodu.su.7495a0af","backend","backend","P0","supabase/functions/analyze/index.ts","6771","Analiz kapsamı kaydedilemedi. Destek kodu: ${supportID}","","","","","","backend_user_copy","${supportID}","backend","inventory.backend.7495a0afa210","extracted","not_started","not_required","not_started","false"
"legacy.backend.analiz.kapsam.kaydedilemedi.a8b5e4d7","backend","backend","P0","supabase/functions/analyze/index.ts","6773","Analiz kapsamı kaydedilemedi.","","","","","","backend_user_copy","","backend","inventory.backend.a8b5e4d74c2a","extracted","not_started","not_required","not_started","false"
"legacy.backend.abonelik.bilgisi.dogrulanamad.destek.kodu..5b5bada6","backend","backend","P0","supabase/functions/analyze/index.ts","6925","Abonelik bilgisi doğrulanamadı. Destek kodu: ${supportID}","","","","","","backend_user_copy","${supportID}","backend","inventory.backend.5b5bada68ccb","extracted","not_started","not_required","not_started","false"
"legacy.backend.abonelik.bilgisi.dogrulanamad.lutfen.tekra.5a3ca116","backend","backend","P0","supabase/functions/analyze/index.ts","6929","Abonelik bilgisi doğrulanamadı. Lütfen tekrar dene.","","","","","","backend_user_copy","","backend","inventory.backend.5a3ca11696e3","extracted","not_started","not_required","not_started","false"
"legacy.backend.bu.plan.icin.fotograf.limiti.as.ld.destek..77478f24","backend","backend","P0","supabase/functions/analyze/index.ts","6959","Bu plan için fotoğraf limiti aşıldı. Destek kodu: ${supportID}","","","","","","backend_user_copy","${supportID}","backend","inventory.backend.77478f2450da","extracted","not_started","not_required","not_started","false"
"legacy.backend.free.planda.tek.fotograf.analizi.yap.labil.ffaccf0b","backend","backend","P0","supabase/functions/analyze/index.ts","6971","Free planda tek fotoğraf analizi yapılabilir.","","","","","","backend_user_copy","","backend","inventory.backend.ffaccf0bdecf","extracted","not_started","not_required","not_started","false"
"legacy.backend.bu.planda.en.fazla.photocapabilities.maxph.30a2d33f","backend","backend","P0","supabase/functions/analyze/index.ts","6972","Bu planda en fazla ${photoCapabilities.maxPhotosPerAnalysis} fotoğraf analiz edilebilir.","","","","","","backend_user_copy","${photoCapabilities.maxPhotosPerAnalysis}","backend","inventory.backend.30a2d33f658a","extracted","not_started","not_required","not_started","false"
"legacy.backend.firma.bazl.analiz.plus.veya.pro.uyelik.ger.88a629c7","backend","backend","P0","supabase/functions/analyze/index.ts","7015","Firma bazlı analiz Plus veya Pro üyelik gerektirir. Destek kodu: ${supportID}","","","","","","backend_user_copy","${supportID}","backend","inventory.backend.88a629c718bf","extracted","not_started","not_required","not_started","false"
"legacy.backend.firma.bazl.analiz.plus.veya.pro.uyelik.ger.2faebb0a","backend","backend","P0","supabase/functions/analyze/index.ts","7019","Firma bazlı analiz Plus veya Pro üyelik gerektirir.","","","","","","backend_user_copy","","backend","inventory.backend.2faebb0af877","extracted","not_started","not_required","not_started","false"
"legacy.backend.firma.dogrulanamad.destek.kodu.supportid.ce013faa","backend","backend","P0","supabase/functions/analyze/index.ts","7043","Firma doğrulanamadı. Destek kodu: ${supportID}","","","","","","backend_user_copy","${supportID}","backend","inventory.backend.ce013faa6cc0","extracted","not_started","not_required","not_started","false"
"legacy.backend.firma.dogrulanamad.6b9da399","backend","backend","P0","supabase/functions/analyze/index.ts","7045","Firma doğrulanamadı.","","","","","","backend_user_copy","","backend","inventory.backend.6b9da399d14a","extracted","not_started","not_required","not_started","false"
"legacy.backend.free.planda.tek.analiz.odag.secebilirsin.d.2f3fc0ff","backend","backend","P0","supabase/functions/analyze/index.ts","7062","Free planda tek analiz odağı seçebilirsin. Destek kodu: ${supportID}","","","","","","backend_user_copy","${supportID}","backend","inventory.backend.2f3fc0ff185e","extracted","not_started","not_required","not_started","false"
"legacy.backend.free.planda.tek.analiz.odag.secebilirsin.7e7f35b8","backend","backend","P0","supabase/functions/analyze/index.ts","7066","Free planda tek analiz odağı seçebilirsin.","","","","","","backend_user_copy","","backend","inventory.backend.7e7f35b8923b","extracted","not_started","not_required","not_started","false"
"legacy.backend.bu.analiz.odag.daha.yuksek.uyelik.gerektir.cfd9f86f","backend","backend","P0","supabase/functions/analyze/index.ts","7082","Bu analiz odağı daha yüksek üyelik gerektirir. Destek kodu: ${supportID}","","","","","","backend_user_copy","${supportID}","backend","inventory.backend.cfd9f86ffaa9","extracted","not_started","not_required","not_started","false"
"legacy.backend.bu.analiz.odag.daha.yuksek.uyelik.gerektir.0d94e39d","backend","backend","P0","supabase/functions/analyze/index.ts","7086","Bu analiz odağı daha yüksek üyelik gerektirir.","","","","","","backend_user_copy","","backend","inventory.backend.0d94e39d166d","extracted","not_started","not_required","not_started","false"
"legacy.backend.detayl.analiz.plus.veya.pro.uyelik.gerekti.a2c6f0c9","backend","backend","P0","supabase/functions/analyze/index.ts","7101","Detaylı analiz Plus veya Pro üyelik gerektirir. Destek kodu: ${supportID}","","","","","","backend_user_copy","${supportID}","backend","inventory.backend.a2c6f0c9f9d7","extracted","not_started","not_required","not_started","false"
"legacy.backend.detayl.analiz.plus.veya.pro.uyelik.gerekti.ed55bacc","backend","backend","P0","supabase/functions/analyze/index.ts","7105","Detaylı analiz Plus veya Pro üyelik gerektirir.","","","","","","backend_user_copy","","backend","inventory.backend.ed55bacc8bf4","extracted","not_started","not_required","not_started","false"
"legacy.backend.acil.risk.modulu.plus.veya.pro.uyelik.gere.6b7e2562","backend","backend","P0","supabase/functions/analyze/index.ts","7120","Acil risk modülü Plus veya Pro üyelik gerektirir. Destek kodu: ${supportID}","","","","","","backend_user_copy","${supportID}","backend","inventory.backend.6b7e25626adf","extracted","not_started","not_started","not_started","true"
"legacy.backend.acil.risk.modulu.plus.veya.pro.uyelik.gere.44e05aea","backend","backend","P0","supabase/functions/analyze/index.ts","7124","Acil risk modülü Plus veya Pro üyelik gerektirir.","","","","","","backend_user_copy","","backend","inventory.backend.44e05aea0ae3","extracted","not_started","not_started","not_started","true"
"legacy.backend.prosedur.uygunluk.kontrolu.pro.uyelik.gere.fade1dc0","backend","backend","P0","supabase/functions/analyze/index.ts","7139","Prosedür uygunluk kontrolü Pro üyelik gerektirir. Destek kodu: ${supportID}","","","","","","backend_user_copy","${supportID}","backend","inventory.backend.fade1dc020e9","extracted","not_started","not_required","not_started","false"
"legacy.backend.prosedur.uygunluk.kontrolu.pro.uyelik.gere.1a06ab19","backend","backend","P0","supabase/functions/analyze/index.ts","7143","Prosedür uygunluk kontrolü Pro üyelik gerektirir.","","","","","","backend_user_copy","","backend","inventory.backend.1a06ab19da04","extracted","not_started","not_required","not_started","false"
"legacy.backend.analiz.kotas.kontrol.edilemedi.destek.kodu.1cabb66a","backend","backend","P0","supabase/functions/analyze/index.ts","7192","Analiz kotası kontrol edilemedi. Destek kodu: ${supportID}","","","","","","backend_user_copy","${supportID}","backend","inventory.backend.1cabb66a2d28","extracted","not_started","not_required","not_started","false"
"legacy.backend.analiz.kotas.kontrol.edilemedi.d29f0e90","backend","backend","P0","supabase/functions/analyze/index.ts","7194","Analiz kotası kontrol edilemedi.","","","","","","backend_user_copy","","backend","inventory.backend.d29f0e90519c","extracted","not_started","not_required","not_started","false"
"legacy.backend.analiz.kotas.doldu.628d5dde","backend","backend","P0","supabase/functions/analyze/index.ts","7212","Analiz kotası doldu.","","","","","","backend_user_copy","","backend","inventory.backend.628d5dde6369","extracted","not_started","not_required","not_started","false"
"legacy.backend.ai.servis.anahtar.yap.land.r.lmam.s.destek.f872a23d","backend","backend","P0","supabase/functions/analyze/index.ts","7262","AI servis anahtarı yapılandırılmamış. Destek kodu: ${supportID}","","","","","","backend_user_copy","${supportID}","backend","inventory.backend.f872a23d172e","extracted","not_started","not_required","not_started","false"
"legacy.backend.ai.servisi.yap.land.r.lmam.s.lutfen.destek.2a3e59e5","backend","backend","P0","supabase/functions/analyze/index.ts","7266","AI servisi yapılandırılmamış. Lütfen destek ile iletişime geç.","","","","","","backend_user_copy","","backend","inventory.backend.2a3e59e5ba38","extracted","not_started","not_required","not_started","false"
"legacy.backend.fotograf.kayd.tamamlanamad.destek.kodu.sup.76f8487f","backend","backend","P0","supabase/functions/analyze/index.ts","7325","Fotoğraf kaydı tamamlanamadı. Destek kodu: ${supportID}","","","","","","backend_user_copy","${supportID}","backend","inventory.backend.76f8487fead3","extracted","not_started","not_required","not_started","false"
"legacy.backend.analiz.kuyruga.al.namad.d6eeacca","backend","backend","P0","supabase/functions/analyze/index.ts","7417","Analiz kuyruğa alınamadı.","","","","","","backend_user_copy","","backend","inventory.backend.d6eeacca9bdb","extracted","not_started","not_required","not_started","false"
"legacy.backend.fotograf.kayd.haz.rlanamad.3b8cf727","backend","backend","P0","supabase/functions/analyze/index.ts","7596","Fotoğraf kaydı hazırlanamadı.","","","","","","backend_user_copy","","backend","inventory.backend.3b8cf727b3af","extracted","not_started","not_required","not_started","false"
"legacy.backend.fotograf.kaydedilemedi.1b7f08db","backend","backend","P0","supabase/functions/analyze/index.ts","7639","Fotoğraf kaydedilemedi.","","","","","","backend_user_copy","","backend","inventory.backend.1b7f08dbf221","extracted","not_started","not_required","not_started","false"
"legacy.backend.fotograf.kayd.tamamlanamad.01a77a0f","backend","backend","P0","supabase/functions/analyze/index.ts","7682","Fotoğraf kaydı tamamlanamadı.","","","","","","backend_user_copy","","backend","inventory.backend.01a77a0f4c3e","extracted","not_started","not_required","not_started","false"
"legacy.backend.fotograf.bu.analiz.icin.dogrulanamad.deste.234a75eb","backend","backend","P0","supabase/functions/analyze/index.ts","7743","Fotoğraf bu analiz için doğrulanamadı. Destek kodu: ${supportID}","","","","","","backend_user_copy","${supportID}","backend","inventory.backend.234a75ebbfe1","extracted","not_started","not_required","not_started","false"
"legacy.backend.fotograf.bu.analiz.icin.dogrulanamad.f1be3ed1","backend","backend","P0","supabase/functions/analyze/index.ts","7748","Fotoğraf bu analiz için doğrulanamadı.","","","","","","backend_user_copy","","backend","inventory.backend.f1be3ed1b933","extracted","not_started","not_required","not_started","false"
"legacy.backend.fotograf.indirilemedi.destek.kodu.supporti.6f2c389c","backend","backend","P0","supabase/functions/analyze/index.ts","7796","Fotoğraf indirilemedi. Destek kodu: ${supportID}","","","","","","backend_user_copy","${supportID}","backend","inventory.backend.6f2c389c72d7","extracted","not_started","not_required","not_started","false"
"legacy.backend.fotograf.indirilemedi.58a73541","backend","backend","P0","supabase/functions/analyze/index.ts","7801","Fotoğraf indirilemedi.","","","","","","backend_user_copy","","backend","inventory.backend.58a73541a0eb","extracted","not_started","not_required","not_started","false"
"legacy.backend.fotograf.dosyas.analiz.icin.cok.buyuk.482f0b43","backend","backend","P0","supabase/functions/analyze/index.ts","7812","Fotoğraf dosyası analiz için çok büyük.","","","","","","backend_user_copy","","backend","inventory.backend.482f0b43ec11","extracted","not_started","not_required","not_started","false"
"legacy.backend.fotograf.paketi.cok.buyuk.6dbb68ec","backend","backend","P0","supabase/functions/analyze/index.ts","7822","Fotoğraf paketi çok büyük.","","","","","","backend_user_copy","","backend","inventory.backend.6dbb68ecb107","extracted","not_started","not_required","not_started","false"
"legacy.backend.findings.db.hatas.destek.kodu.supportid.bdbcacb6","backend","backend","P0","supabase/functions/analyze/index.ts","9343","Findings DB hatası. Destek kodu: ${supportID}","","","","","","backend_user_copy","${supportID}","backend","inventory.backend.bdbcacb6e135","extracted","not_started","not_required","not_started","false"
"legacy.backend.analiz.sonucu.guncel.worker.a.ait.degil.855ce7fe","backend","backend","P0","supabase/functions/analyze/index.ts","9591","Analiz sonucu güncel worker'a ait değil.","","","","","","backend_user_copy","","backend","inventory.backend.855ce7feeea8","extracted","not_started","not_required","not_started","false"
"legacy.backend.genel.isg.ed188406","backend","backend","P0","supabase/functions/analyze/sector-context.ts","66","Genel İSG","","","","","","backend_user_copy","","backend","inventory.backend.ed188406282e","extracted","not_started","not_required","not_started","false"
"legacy.backend.insaat.b2f2b5ef","backend","backend","P0","supabase/functions/analyze/sector-context.ts","67","İnşaat","","","","","","backend_user_copy","","backend","inventory.backend.b2f2b5ef620e","extracted","not_started","not_required","not_started","false"
"legacy.backend.imalat.fabrika.f9130082","backend","backend","P0","supabase/functions/analyze/sector-context.ts","68","İmalat / Fabrika","","","","","","backend_user_copy","","backend","inventory.backend.f9130082a651","extracted","not_started","not_required","not_started","false"
"legacy.backend.sagl.k.hastane.9365f41b","backend","backend","P0","supabase/functions/analyze/sector-context.ts","74","Sağlık / Hastane","","","","","","backend_user_copy","","backend","inventory.backend.9365f41b303d","extracted","not_started","not_required","not_started","false"
"legacy.backend.g.da.uretimi.65be9b9d","backend","backend","P0","supabase/functions/analyze/sector-context.ts","75","Gıda Üretimi","","","","","","backend_user_copy","","backend","inventory.backend.65be9b9d3931","extracted","not_started","not_required","not_started","false"
"legacy.backend.tar.m.hayvanc.l.k.795c41cb","backend","backend","P0","supabase/functions/analyze/sector-context.ts","76","Tarım / Hayvancılık","","","","","","backend_user_copy","","backend","inventory.backend.795c41cb4c2b","extracted","not_started","not_required","not_started","false"
"legacy.backend.perakende.magaza.ecf8c3d4","backend","backend","P0","supabase/functions/analyze/sector-context.ts","77","Perakende / Mağaza","","","","","","backend_user_copy","","backend","inventory.backend.ecf8c3d4a982","extracted","not_started","not_required","not_started","false"
"legacy.backend.belediye.kamu.saha.isleri.ce98f951","backend","backend","P0","supabase/functions/analyze/sector-context.ts","78","Belediye / Kamu Saha İşleri","","","","","","backend_user_copy","","backend","inventory.backend.ce98f951d54c","extracted","not_started","not_required","not_started","false"
"legacy.backend.egitim.kurumu.f2bb312d","backend","backend","P0","supabase/functions/analyze/sector-context.ts","79","Eğitim Kurumu","","","","","","backend_user_copy","","backend","inventory.backend.f2bb312d3877","extracted","not_started","not_required","not_started","false"
"legacy.backend.analiz.kapsam.gecerli.degil.lutfen.sektor..02f2e315","backend","backend","P0","supabase/functions/analyze/sector-context.ts","250","Analiz kapsamı geçerli değil. Lütfen sektör seçimini yenileyip tekrar deneyin.","","","","","","backend_user_copy","","backend","inventory.backend.02f2e315f505","extracted","not_started","not_required","not_started","false"
"legacy.backend.analiz.kapsam.kay.tl.analiz.verisiyle.esle.dbfe7c4b","backend","backend","P0","supabase/functions/analyze/sector-context.ts","276","Analiz kapsamı kayıtlı analiz verisiyle eşleşmiyor. Lütfen analizi yeniden başlatın.","","","","","","backend_user_copy","","backend","inventory.backend.dbfe7c4b981e","extracted","not_started","not_required","not_started","false"
"legacy.backend.general.ohs.b8246882","backend","backend","P0","supabase/functions/analyze/sector-context.ts","342","General OHS","","","","","","backend_user_copy","","backend","inventory.backend.b82468821004","extracted","not_started","not_started","not_started","true"
"legacy.backend.onboarding.sektorleri.genel.profil.sinyali.0ea73de6","backend","backend","P0","supabase/functions/analyze/sector-context.ts","427","Onboarding sektörleri genel profil sinyalidir; görünmeyen sektör-tipik tehlikeleri uydurma.","","","","","","backend_user_copy","","backend","inventory.backend.0ea73de66362","extracted","not_started","not_required","not_started","false"
"legacy.backend.kullan.c.n.n.onboarding.profilinde.birden..ada8415b","backend","backend","P0","supabase/functions/analyze/sector-context.ts","429","Kullanıcının onboarding profilinde birden fazla çalışma sektörü bulunabilir. Bunlar genel uzmanlık/profil sinyalidir. Bu analiz için esas alınacak sektör, kullanıcı tarafından seçilen aktif analiz sektörüdür. Onboarding sektörlerini bu analizde görünmeyen ek tehlikeler üretmek için kullanma.","","","","","","backend_user_copy","","backend","inventory.backend.ada8415ba3d5","extracted","not_started","not_required","not_started","false"
"legacy.backend.yeni.surum.mevcut.devam.etmek.icin.uygulam.03cc10c6","backend","backend","P0","supabase/functions/app-release-policy/index.ts","89","Yeni sürüm mevcut. Devam etmek için uygulamayı güncelleyin.","","","","","","backend_user_copy","","backend","inventory.backend.03cc10c6b1c2","extracted","not_started","not_required","not_started","false"
"legacy.report.authorization.x.client.info.apikey.content.a9ca61bc","report","xlsx","P0","supabase/functions/generate-excel-report/index.ts","35","authorization, x-client-info, apikey, content-type, x-request-id, x-support-id","","","","","","backend_user_copy","","reporting","inventory.xlsx.a9ca61bc8d1a","extracted","not_started","not_required","not_started","false"
"legacy.report.post.options.f58a7539","report","xlsx","P0","supabase/functions/generate-excel-report/index.ts","36","POST, OPTIONS","","","","","","backend_user_copy","","reporting","inventory.xlsx.f58a75398bc7","extracted","not_started","not_required","not_started","false"
"legacy.report.name.is.not.configured.4d63f5b9","report","xlsx","P0","supabase/functions/generate-excel-report/index.ts","282","${name} is not configured","","","","","","backend_user_copy","${name}","reporting","inventory.xlsx.4d63f5b9d69e","extracted","not_started","not_required","not_started","false"
"legacy.report.report.ready.push.failed.71f2943d","report","xlsx","P0","supabase/functions/generate-excel-report/index.ts","335","Report ready push failed","","","","","","backend_user_copy","","reporting","inventory.xlsx.71f2943dd8a9","extracted","not_started","not_required","not_started","false"
"legacy.report.report.ready.push.not.sent.e5dc64b3","report","xlsx","P0","supabase/functions/generate-excel-report/index.ts","354","Report ready push not sent","","","","","","backend_user_copy","","reporting","inventory.xlsx.e5dc64b382bd","extracted","not_started","not_required","not_started","false"
"legacy.report.measures.kok.neden.rootcause.34cbd1d9","report","xlsx","P0","supabase/functions/generate-excel-report/index.ts","492","${measures}  Kök neden: ${rootCause}","","","","","","backend_user_copy","${measures}|${rootCause}","reporting","inventory.xlsx.34cbd1d96fac","extracted","not_started","not_required","not_started","false"
"legacy.report.duzeltici.onlem.fallback.585c0409","report","xlsx","P0","supabase/functions/generate-excel-report/index.ts","512","Düzeltici Önlem: ${fallback}","","","","","","backend_user_copy","${fallback}","reporting","inventory.xlsx.585c0409721f","extracted","not_started","not_required","not_started","false"
"legacy.report.onleyici.kontrol.5853cdba","report","xlsx","P0","supabase/functions/generate-excel-report/index.ts","521","Önleyici Kontrol","","","","","","backend_user_copy","","reporting","inventory.xlsx.5853cdbabdf2","extracted","not_started","not_required","not_started","false"
"legacy.report.duzeltici.onlem.e0cc68ae","report","xlsx","P0","supabase/functions/generate-excel-report/index.ts","522","Düzeltici Önlem","","","","","","backend_user_copy","","reporting","inventory.xlsx.e0cc68aef606","extracted","not_started","not_required","not_started","false"
"legacy.report.kontrol.tedbiri.8b99d24e","report","xlsx","P0","supabase/functions/generate-excel-report/index.ts","523","Kontrol Tedbiri","","","","","","backend_user_copy","","reporting","inventory.xlsx.8b99d24e1cdb","extracted","not_started","not_required","not_started","false"
"legacy.report.yuksek.3bd450ca","report","xlsx","P0","supabase/functions/generate-excel-report/index.ts","547","Yüksek","","","","","","backend_user_copy","","reporting","inventory.xlsx.3bd450cae4fc","extracted","not_started","not_required","not_started","false"
"legacy.report.dusuk.d09ac196","report","xlsx","P0","supabase/functions/generate-excel-report/index.ts","551","Düşük","","","","","","backend_user_copy","","reporting","inventory.xlsx.d09ac1962f2f","extracted","not_started","not_required","not_started","false"
"legacy.report.acil.1.3.gun.c1218045","report","xlsx","P0","supabase/functions/generate-excel-report/index.ts","560","Acil / 1-3 gün","","","","","","backend_user_copy","","reporting","inventory.xlsx.c1218045916d","extracted","not_started","not_required","not_started","false"
"legacy.report.7.gun.00eaba02","report","xlsx","P0","supabase/functions/generate-excel-report/index.ts","562","7 gün","","","","","","backend_user_copy","","reporting","inventory.xlsx.00eaba028017","extracted","not_started","not_required","not_started","false"
"legacy.report.15.gun.98dfdeb6","report","xlsx","P0","supabase/functions/generate-excel-report/index.ts","564","15 gün","","","","","","backend_user_copy","","reporting","inventory.xlsx.98dfdeb6b1e7","extracted","not_started","not_required","not_started","false"
"legacy.report.degerlendirilecek.5a2934a3","report","xlsx","P0","supabase/functions/generate-excel-report/index.ts","568","Değerlendirilecek","","","","","","backend_user_copy","","reporting","inventory.xlsx.5a2934a32846","extracted","not_started","not_required","not_started","false"
"legacy.report.az.tehlikeli.cd5e6186","report","xlsx","P0","supabase/functions/generate-excel-report/index.ts","575","Az Tehlikeli","","","","","","backend_user_copy","","reporting","inventory.xlsx.cd5e618664a7","extracted","not_started","not_required","not_started","false"
"legacy.report.cok.tehlikeli.7602e15f","report","xlsx","P0","supabase/functions/generate-excel-report/index.ts","577","Çok Tehlikeli","","","","","","backend_user_copy","","reporting","inventory.xlsx.7602e15f803d","extracted","not_started","not_required","not_started","false"
"legacy.report.uyar.levhalar.38b606bf","report","xlsx","P0","supabase/functions/generate-excel-report/index.ts","678","Uyarı Levhaları","","","","","","backend_user_copy","","reporting","inventory.xlsx.38b606bfc065","extracted","not_started","not_required","not_started","false"
"legacy.report.sektor.804f7e03","report","xlsx","P0","supabase/functions/generate-excel-report/index.ts","682","Sektör","","","","","","backend_user_copy","","reporting","inventory.xlsx.804f7e03f80e","extracted","not_started","not_required","not_started","false"
"legacy.report.yang.n.099c2aa4","report","xlsx","P0","supabase/functions/generate-excel-report/index.ts","684","Yangın","","","","","","backend_user_copy","","reporting","inventory.xlsx.099c2aa44658","extracted","not_started","not_required","not_started","false"
"legacy.report.ozel.ekipman.dfc08609","report","xlsx","P0","supabase/functions/generate-excel-report/index.ts","686","Özel Ekipman","","","","","","backend_user_copy","","reporting","inventory.xlsx.dfc08609e6d6","extracted","not_started","not_required","not_started","false"
"legacy.report.ortam.olcumu.bb3a78d5","report","xlsx","P0","supabase/functions/generate-excel-report/index.ts","688","Ortam Ölçümü","","","","","","backend_user_copy","","reporting","inventory.xlsx.bb3a78d54eb7","extracted","not_started","not_required","not_started","false"
"legacy.report.cevre.1e3ea3a4","report","xlsx","P0","supabase/functions/generate-excel-report/index.ts","692","Çevre","","","","","","backend_user_copy","","reporting","inventory.xlsx.1e3ea3a4d9c2","extracted","not_started","not_required","not_started","false"
"legacy.report.yuksekte.cal.sma.4c390903","report","xlsx","P0","supabase/functions/generate-excel-report/index.ts","696","Yüksekte Çalışma","","","","","","backend_user_copy","","reporting","inventory.xlsx.4c3909030181","extracted","not_started","not_required","not_started","false"
"legacy.report.hareketli.ekipman.27d90688","report","xlsx","P0","supabase/functions/generate-excel-report/index.ts","698","Hareketli Ekipman","","","","","","backend_user_copy","","reporting","inventory.xlsx.27d9068812fa","extracted","not_started","not_required","not_started","false"
"legacy.report.genel.premium.d17515e9","report","xlsx","P0","supabase/functions/generate-excel-report/index.ts","700","Genel Premium","","","","","","backend_user_copy","","reporting","inventory.xlsx.d17515e9ab59","extracted","not_started","not_required","not_started","false"
"legacy.report.is.makineleri.67d7bb39","report","xlsx","P0","supabase/functions/generate-excel-report/index.ts","702","İş Makineleri","","","","","","backend_user_copy","","reporting","inventory.xlsx.67d7bb39d00a","extracted","not_started","not_required","not_started","false"
"legacy.report.5x5.matris.7fef530a","report","xlsx","P0","supabase/functions/generate-excel-report/index.ts","709","5x5 Matris","","","","","","backend_user_copy","","reporting","inventory.xlsx.7fef530afd51","extracted","not_started","not_required","not_started","false"
"legacy.report.company.logo.skipped.because.path.is.outsi.6567d188","report","xlsx","P0","supabase/functions/generate-excel-report/index.ts","791","Company logo skipped because path is outside current user prefix","","","","","","backend_user_copy","","reporting","inventory.xlsx.6567d188d9e8","extracted","not_started","not_required","not_started","false"
"legacy.report.company.logo.could.not.be.downloaded.for.e.81b74e21","report","xlsx","P0","supabase/functions/generate-excel-report/index.ts","799","Company logo could not be downloaded for Excel","","","","","","backend_user_copy","","reporting","inventory.xlsx.81b74e2193c9","extracted","not_started","not_required","not_started","false"
"legacy.report.firma.logosu.f90b8e47","report","xlsx","P0","supabase/functions/generate-excel-report/index.ts","968","Firma Logosu","","","","","","backend_user_copy","","reporting","inventory.xlsx.f90b8e47f884","extracted","not_started","not_required","not_started","false"
"legacy.report.worksheet.xmlns.r.http.schemas.openxmlform.5deed55e","report","xlsx","P0","supabase/functions/generate-excel-report/index.ts","997","<worksheet xmlns:r=""http://schemas.openxmlformats.org/officeDocument/2006/relationships""","","","","","","backend_user_copy","","reporting","inventory.xlsx.5deed55e11e6","extracted","not_started","not_required","not_started","false"
"legacy.report.drawing.r.id.ridlogo.worksheet.f0d6e3f3","report","xlsx","P0","supabase/functions/generate-excel-report/index.ts","1003","<drawing r:id=""rIdLogo""/></worksheet>","","","","","","backend_user_copy","","reporting","inventory.xlsx.f0d6e3f3751a","extracted","not_started","not_required","not_started","false"
"legacy.report.xml.version.1.0.encoding.utf.8.standalone..ca670d64","report","xlsx","P0","supabase/functions/generate-excel-report/index.ts","1010","<?xml version=""1.0"" encoding=""UTF-8"" standalone=""yes""?><Relationships xmlns=""http://schemas.openxmlformats.org/package/2006/relationships""></Relationships>","","","","","","backend_user_copy","","reporting","inventory.xlsx.ca670d643c7e","extracted","not_started","not_required","not_started","false"
"legacy.report.aptos.display.924966c7","report","xlsx","P0","supabase/functions/generate-excel-report/index.ts","1086","Aptos Display","","","","","","backend_user_copy","","reporting","inventory.xlsx.924966c70011","extracted","not_started","not_required","not_started","false"
"legacy.report.riskdetected.risk.analizi.00289543","report","xlsx","P0","supabase/functions/generate-excel-report/index.ts","1256","RiskDetected Risk Analizi","","","","","","backend_user_copy","","reporting","inventory.xlsx.00289543c4d5","extracted","not_started","not_started","not_started","true"
"legacy.report.isg.risk.analizi.excel.raporu.17f6476a","report","xlsx","P0","supabase/functions/generate-excel-report/index.ts","1257","İSG risk analizi Excel raporu","","","","","","backend_user_copy","","reporting","inventory.xlsx.17f6476a0d19","extracted","not_started","not_started","not_started","true"
"legacy.report.personal.protective.equipment.04fcd4d3","report","xlsx","P0","supabase/functions/generate-excel-report/index.ts","1294","Personal protective equipment","","","","","","backend_user_copy","","reporting","inventory.xlsx.04fcd4d38ef2","extracted","not_started","not_required","not_started","false"
"legacy.report.safety.signs.7fcfcfab","report","xlsx","P0","supabase/functions/generate-excel-report/index.ts","1298","Safety signs","","","","","","backend_user_copy","","reporting","inventory.xlsx.7fcfcfabba13","extracted","not_started","not_started","not_started","true"
"legacy.report.electrical.safety.22f9d64e","report","xlsx","P0","supabase/functions/generate-excel-report/index.ts","1300","Electrical safety","","","","","","backend_user_copy","","reporting","inventory.xlsx.22f9d64e3ffd","extracted","not_started","not_started","not_started","true"
"legacy.report.fire.safety.d3c2394b","report","xlsx","P0","supabase/functions/generate-excel-report/index.ts","1304","Fire safety","","","","","","backend_user_copy","","reporting","inventory.xlsx.d3c2394bedae","extracted","not_started","not_started","not_started","true"
"legacy.report.work.environment.03bd0bc9","report","xlsx","P0","supabase/functions/generate-excel-report/index.ts","1308","Work environment","","","","","","backend_user_copy","","reporting","inventory.xlsx.03bd0bc91f26","extracted","not_started","not_required","not_started","false"
"legacy.report.explosion.hazards.3d5c7425","report","xlsx","P0","supabase/functions/generate-excel-report/index.ts","1310","Explosion hazards","","","","","","backend_user_copy","","reporting","inventory.xlsx.3d5c742512b8","extracted","not_started","not_required","not_started","false"
"legacy.report.environmental.conditions.b94cfc97","report","xlsx","P0","supabase/functions/generate-excel-report/index.ts","1312","Environmental conditions","","","","","","backend_user_copy","","reporting","inventory.xlsx.b94cfc97e0dd","extracted","not_started","not_required","not_started","false"
"legacy.report.work.at.height.4e3f9f09","report","xlsx","P0","supabase/functions/generate-excel-report/index.ts","1314","Work at height","","","","","","backend_user_copy","","reporting","inventory.xlsx.4e3f9f097537","extracted","not_started","not_required","not_started","false"
"legacy.report.mobile.equipment.f9ab5859","report","xlsx","P0","supabase/functions/generate-excel-report/index.ts","1316","Mobile equipment","","","","","","backend_user_copy","","reporting","inventory.xlsx.f9ab58590a58","extracted","not_started","not_required","not_started","false"
"legacy.report.construction.machinery.9f870327","report","xlsx","P0","supabase/functions/generate-excel-report/index.ts","1320","Construction machinery","","","","","","backend_user_copy","","reporting","inventory.xlsx.9f8703274f0e","extracted","not_started","not_required","not_started","false"
"legacy.report.unavailable.for.this.safety.profile.1be580d1","report","xlsx","P0","supabase/functions/generate-excel-report/index.ts","1322","Unavailable for this safety profile","","","","","","backend_user_copy","","reporting","inventory.xlsx.1be580d1ef31","extracted","not_started","not_started","not_started","true"
"legacy.report.5.5.matrix.4dc25658","report","xlsx","P0","supabase/functions/generate-excel-report/index.ts","1334","5×5 matrix","","","","","","backend_user_copy","","reporting","inventory.xlsx.4dc2565851c9","extracted","not_started","not_required","not_started","false"
"legacy.report.preventive.control.d7680655","report","xlsx","P0","supabase/functions/generate-excel-report/index.ts","1347","Preventive control","","","","","","backend_user_copy","","reporting","inventory.xlsx.d76806556a07","extracted","not_started","not_started","not_started","true"
"legacy.report.corrective.action.e2119221","report","xlsx","P0","supabase/functions/generate-excel-report/index.ts","1349","Corrective action","","","","","","backend_user_copy","","reporting","inventory.xlsx.e2119221943f","extracted","not_started","not_started","not_started","true"
"legacy.report.control.measure.2335c66a","report","xlsx","P0","supabase/functions/generate-excel-report/index.ts","1350","Control measure","","","","","","backend_user_copy","","reporting","inventory.xlsx.2335c66a085e","extracted","not_started","not_started","not_started","true"
"legacy.report.measures.root.cause.rootcause.8cc0c005","report","xlsx","P0","supabase/functions/generate-excel-report/index.ts","1362","${measures}  Root cause: ${rootCause}","","","","","","backend_user_copy","${measures}|${rootCause}","reporting","inventory.xlsx.8cc0c00590f8","extracted","not_started","not_required","not_started","false"
"legacy.report.riskdetected.risk.assessment.87844612","report","xlsx","P0","supabase/functions/generate-excel-report/index.ts","1395","RiskDetected risk assessment","","","","","","backend_user_copy","","reporting","inventory.xlsx.87844612cfe8","extracted","not_started","not_started","not_started","true"
"legacy.report.workplace.safety.risk.assessment.report.6de83906","report","xlsx","P0","supabase/functions/generate-excel-report/index.ts","1396","Workplace-safety risk assessment report","","","","","","backend_user_copy","","reporting","inventory.xlsx.6de83906668c","extracted","not_started","not_started","not_started","true"
"legacy.report.not.specified.be86bdb2","report","xlsx","P0","supabase/functions/generate-excel-report/index.ts","1405","Not specified","","","","","","backend_user_copy","","reporting","inventory.xlsx.be86bdb2837b","extracted","not_started","not_required","not_started","false"
"legacy.report.this.report.supports.workplace.safety.revi.774f692e","report","xlsx","P0","supabase/functions/generate-excel-report/index.ts","1411","This report supports workplace-safety review and risk prioritisation. It does not determine legal compliance and does not replace a competent person’s site assessment.","","","","","","backend_user_copy","","reporting","inventory.xlsx.774f692e7d44","extracted","not_started","not_started","not_started","true"
"legacy.report.workplace.safety.risk.assessment.9e7a1e97","report","xlsx","P0","supabase/functions/generate-excel-report/index.ts","1414","Workplace-safety risk assessment","","","","","","backend_user_copy","","reporting","inventory.xlsx.9e7a1e979a9e","extracted","not_started","not_started","not_started","true"
"legacy.report.untitled.analysis.e2a66ce1","report","xlsx","P0","supabase/functions/generate-excel-report/index.ts","1418","Untitled analysis","","","","","","backend_user_copy","","reporting","inventory.xlsx.e2a66ce19caf","extracted","not_started","not_required","not_started","false"
"legacy.report.prepared.by.67c5019f","report","xlsx","P0","supabase/functions/generate-excel-report/index.ts","1430","Prepared by","","","","","","backend_user_copy","","reporting","inventory.xlsx.67c5019fa583","extracted","not_started","not_required","not_started","false"
"legacy.report.total.findings.fc1cb7f6","report","xlsx","P0","supabase/functions/generate-excel-report/index.ts","1448","TOTAL FINDINGS","","","","","","backend_user_copy","","reporting","inventory.xlsx.fc1cb7f61860","extracted","not_started","not_required","not_started","false"
"legacy.report.highest.risk.f8dcf326","report","xlsx","P0","supabase/functions/generate-excel-report/index.ts","1450","HIGHEST RISK","","","","","","backend_user_copy","","reporting","inventory.xlsx.f8dcf326af04","extracted","not_started","not_started","not_started","true"
"legacy.report.total.score.646d6a53","report","xlsx","P0","supabase/functions/generate-excel-report/index.ts","1454","TOTAL SCORE","","","","","","backend_user_copy","","reporting","inventory.xlsx.646d6a53477a","extracted","not_started","not_required","not_started","false"
"legacy.report.analysis.summary.d63c343e","report","xlsx","P0","supabase/functions/generate-excel-report/index.ts","1487","Analysis summary","","","","","","backend_user_copy","","reporting","inventory.xlsx.d63c343ed5eb","extracted","not_started","not_required","not_started","false"
"legacy.report.no.summary.available.1101152e","report","xlsx","P0","supabase/functions/generate-excel-report/index.ts","1489","No summary available.","","","","","","backend_user_copy","","reporting","inventory.xlsx.1101152e02f5","extracted","not_started","not_required","not_started","false"
"legacy.report.important.notice.141928eb","report","xlsx","P0","supabase/functions/generate-excel-report/index.ts","1499","Important notice","","","","","","backend_user_copy","","reporting","inventory.xlsx.141928ebf918","extracted","not_started","not_required","not_started","false"
"legacy.report.risk.level.d16fb4ad","report","xlsx","P0","supabase/functions/generate-excel-report/index.ts","1565","Risk level","","","","","","backend_user_copy","","reporting","inventory.xlsx.d16fb4ad1cfb","extracted","not_started","not_started","not_started","true"
"legacy.report.hazard.or.unsafe.condition.a5caaeda","report","xlsx","P0","supabase/functions/generate-excel-report/index.ts","1583","Hazard or unsafe condition","","","","","","backend_user_copy","","reporting","inventory.xlsx.a5caaedaa788","extracted","not_started","not_started","not_started","true"
"legacy.report.observed.evidence.63fc4be9","report","xlsx","P0","supabase/functions/generate-excel-report/index.ts","1585","Observed evidence","","","","","","backend_user_copy","","reporting","inventory.xlsx.63fc4be98b36","extracted","not_started","not_required","not_started","false"
"legacy.report.recommended.controls.6f60f195","report","xlsx","P0","supabase/functions/generate-excel-report/index.ts","1587","Recommended controls","","","","","","backend_user_copy","","reporting","inventory.xlsx.6f60f195e55f","extracted","not_started","not_required","not_started","false"
"legacy.report.root.cause.b819b5ff","report","xlsx","P0","supabase/functions/generate-excel-report/index.ts","1588","Root cause","","","","","","backend_user_copy","","reporting","inventory.xlsx.b819b5ff6c4c","extracted","not_started","not_required","not_started","false"
"legacy.report.target.time.32e272d4","report","xlsx","P0","supabase/functions/generate-excel-report/index.ts","1589","Target time","","","","","","backend_user_copy","","reporting","inventory.xlsx.32e272d44b7b","extracted","not_started","not_required","not_started","false"
"legacy.report.risk.register.110fb81e","report","xlsx","P0","supabase/functions/generate-excel-report/index.ts","1606","Risk register","","","","","","backend_user_copy","","reporting","inventory.xlsx.110fb81e9e7b","extracted","not_started","not_started","not_started","true"
"legacy.report.a1.lastcolumn.math.max.1.rows.length.fcbdadb4","report","xlsx","P0","supabase/functions/generate-excel-report/index.ts","1626","A1:${lastColumn}${Math.max(1, rows.length)}","","","","","","backend_user_copy","${lastColumn}|${Math.max(1, rows.length)}","reporting","inventory.xlsx.fcbdadb40f67","extracted","not_started","not_required","not_started","false"
"legacy.report.analysis.id.aebb10c3","report","xlsx","P0","supabase/functions/generate-excel-report/index.ts","1642","Analysis ID","","","","","","backend_user_copy","","reporting","inventory.xlsx.aebb10c342a3","extracted","not_started","not_required","not_started","false"
"legacy.report.document.no.42ffed91","report","xlsx","P0","supabase/functions/generate-excel-report/index.ts","1643","Document no.","","","","","","backend_user_copy","","reporting","inventory.xlsx.42ffed913bcb","extracted","not_started","not_required","not_started","false"
"legacy.report.report.language.21d0fed8","report","xlsx","P0","supabase/functions/generate-excel-report/index.ts","1644","Report language","","","","","","backend_user_copy","","reporting","inventory.xlsx.21d0fed860de","extracted","not_started","not_required","not_started","false"
"legacy.report.report.locale.d22a1c38","report","xlsx","P0","supabase/functions/generate-excel-report/index.ts","1645","Report locale","","","","","","backend_user_copy","","reporting","inventory.xlsx.d22a1c38a28d","extracted","not_started","not_required","not_started","false"
"legacy.report.safety.profile.431ef8cd","report","xlsx","P0","supabase/functions/generate-excel-report/index.ts","1646","Safety profile","","","","","","backend_user_copy","","reporting","inventory.xlsx.431ef8cd4268","extracted","not_started","not_started","not_started","true"
"legacy.report.safety.profile.version.fcd626f7","report","xlsx","P0","supabase/functions/generate-excel-report/index.ts","1647","Safety profile version","","","","","","backend_user_copy","","reporting","inventory.xlsx.fcd626f7ea5b","extracted","not_started","not_started","not_started","true"
"legacy.report.regulatory.sections.5af533c0","report","xlsx","P0","supabase/functions/generate-excel-report/index.ts","1648","Regulatory sections","","","","","","backend_user_copy","","reporting","inventory.xlsx.5af533c03b00","extracted","not_started","not_required","not_started","false"
"legacy.report.support.code.da7fe842","report","xlsx","P0","supabase/functions/generate-excel-report/index.ts","1650","Support code","","","","","","backend_user_copy","","reporting","inventory.xlsx.da7fe842920f","extracted","not_started","not_required","not_started","false"
"legacy.report.report.information.21c8424d","report","xlsx","P0","supabase/functions/generate-excel-report/index.ts","1653","Report information","","","","","","backend_user_copy","","reporting","inventory.xlsx.21c8424de643","extracted","not_started","not_required","not_started","false"
"legacy.report.fine.kinney.metodu.referans.tablosu.493ff952","report","xlsx","P0","supabase/functions/generate-excel-report/index.ts","1696","FINE-KINNEY METODU REFERANS TABLOSU","","","","","","backend_user_copy","","reporting","inventory.xlsx.493ff952be82","extracted","not_started","not_required","not_started","false"
"legacy.report.zarar.n.gerceklesme.olas.l.g.4b81e16c","report","xlsx","P0","supabase/functions/generate-excel-report/index.ts","1730","Zararın gerçekleşme olasılığı","","","","","","backend_user_copy","","reporting","inventory.xlsx.4b81e16c5d64","extracted","not_started","not_required","not_started","false"
"legacy.report.tehlikeye.maruz.kalma.tekrar.5881c85a","report","xlsx","P0","supabase/functions/generate-excel-report/index.ts","1735","Tehlikeye maruz kalma tekrarı","","","","","","backend_user_copy","","reporting","inventory.xlsx.5881c85ad50c","extracted","not_started","not_required","not_started","false"
"legacy.report.insan.cevre.uzerinde.tahmini.zarar.1f5f0103","report","xlsx","P0","supabase/functions/generate-excel-report/index.ts","1740","İnsan/çevre üzerinde tahmini zarar","","","","","","backend_user_copy","","reporting","inventory.xlsx.1f5f0103fd73","extracted","not_started","not_required","not_started","false"
"legacy.report.beklenir.kesin.babfc148","report","xlsx","P0","supabase/functions/generate-excel-report/index.ts","1746","Beklenir, kesin","","","","","","backend_user_copy","","reporting","inventory.xlsx.babfc1483c73","extracted","not_started","not_required","not_started","false"
"legacy.report.hemen.hemen.surekli.saatte.birkac.defa.f64dec54","report","xlsx","P0","supabase/functions/generate-excel-report/index.ts","1751","Hemen hemen sürekli / saatte birkaç defa","","","","","","backend_user_copy","","reporting","inventory.xlsx.f64dec54be4a","extracted","not_started","not_required","not_started","false"
"legacy.report.birden.fazla.olumlu.kaza.cevresel.felaket.e90c153e","report","xlsx","P0","supabase/functions/generate-excel-report/index.ts","1756","Birden fazla ölümlü kaza / çevresel felaket","","","","","","backend_user_copy","","reporting","inventory.xlsx.e90c153ebc1e","extracted","not_started","not_required","not_started","false"
"legacy.report.yuksek.oldukca.mumkun.84c7eeea","report","xlsx","P0","supabase/functions/generate-excel-report/index.ts","1762","Yüksek, oldukça mümkün","","","","","","backend_user_copy","","reporting","inventory.xlsx.84c7eeea3b82","extracted","not_started","not_required","not_started","false"
"legacy.report.s.k.gunde.bir.veya.birkac.defa.04bf71eb","report","xlsx","P0","supabase/functions/generate-excel-report/index.ts","1767","Sık / günde bir veya birkaç defa","","","","","","backend_user_copy","","reporting","inventory.xlsx.04bf71ebbc95","extracted","not_started","not_required","not_started","false"
"legacy.report.olumlu.kaza.ciddi.cevresel.zarar.15860af2","report","xlsx","P0","supabase/functions/generate-excel-report/index.ts","1772","Ölümlü kaza / ciddi çevresel zarar","","","","","","backend_user_copy","","reporting","inventory.xlsx.15860af2cfe8","extracted","not_started","not_required","not_started","false"
"legacy.report.olas.43d1e7db","report","xlsx","P0","supabase/functions/generate-excel-report/index.ts","1778","Olası","","","","","","backend_user_copy","","reporting","inventory.xlsx.43d1e7dbbbd7","extracted","not_started","not_required","not_started","false"
"legacy.report.ara.s.ra.haftada.birkac.defa.1d91dbec","report","xlsx","P0","supabase/functions/generate-excel-report/index.ts","1783","Ara sıra / haftada birkaç defa","","","","","","backend_user_copy","","reporting","inventory.xlsx.1d91dbecee86","extracted","not_started","not_required","not_started","false"
"legacy.report.kal.c.hasar.veya.is.kayb.bd3b4e02","report","xlsx","P0","supabase/functions/generate-excel-report/index.ts","1788","Kalıcı hasar veya iş kaybı","","","","","","backend_user_copy","","reporting","inventory.xlsx.bd3b4e020fc5","extracted","not_started","not_required","not_started","false"
"legacy.report.mumkun.fakat.dusuk.71405869","report","xlsx","P0","supabase/functions/generate-excel-report/index.ts","1794","Mümkün fakat düşük","","","","","","backend_user_copy","","reporting","inventory.xlsx.71405869c70a","extracted","not_started","not_required","not_started","false"
"legacy.report.s.k.degil.ayda.birkac.defa.9f9e5ec3","report","xlsx","P0","supabase/functions/generate-excel-report/index.ts","1799","Sık değil / ayda birkaç defa","","","","","","backend_user_copy","","reporting","inventory.xlsx.9f9e5ec33882","extracted","not_started","not_required","not_started","false"
"legacy.report.onemli.yaralanma.d.s.ilk.yard.m.b366d466","report","xlsx","P0","supabase/functions/generate-excel-report/index.ts","1804","Önemli yaralanma / dış ilk yardım","","","","","","backend_user_copy","","reporting","inventory.xlsx.b366d46654f0","extracted","not_started","not_required","not_started","false"
"legacy.report.beklenmez.fakat.mumkun.9d5a3764","report","xlsx","P0","supabase/functions/generate-excel-report/index.ts","1810","Beklenmez fakat mümkün","","","","","","backend_user_copy","","reporting","inventory.xlsx.9d5a3764fe51","extracted","not_started","not_required","not_started","false"
"legacy.report.seyrek.y.lda.birkac.defa.6a956df5","report","xlsx","P0","supabase/functions/generate-excel-report/index.ts","1815","Seyrek / yılda birkaç defa","","","","","","backend_user_copy","","reporting","inventory.xlsx.6a956df5d514","extracted","not_started","not_required","not_started","false"
"legacy.report.kucuk.yaralanma.ic.ilk.yard.m.24afdddc","report","xlsx","P0","supabase/functions/generate-excel-report/index.ts","1820","Küçük yaralanma / iç ilk yardım","","","","","","backend_user_copy","","reporting","inventory.xlsx.24afdddc5a3a","extracted","not_started","not_required","not_started","false"
"legacy.report.cok.seyrek.y.lda.bir.veya.daha.az.42475407","report","xlsx","P0","supabase/functions/generate-excel-report/index.ts","1831","Çok seyrek / yılda bir veya daha az","","","","","","backend_user_copy","","reporting","inventory.xlsx.42475407af3b","extracted","not_started","not_required","not_started","false"
"legacy.report.ucuz.atlatma.cevresel.zarar.yok.e6480643","report","xlsx","P0","supabase/functions/generate-excel-report/index.ts","1836","Ucuz atlatma / çevresel zarar yok","","","","","","backend_user_copy","","reporting","inventory.xlsx.e64806436b34","extracted","not_started","not_required","not_started","false"
"legacy.report.risk.degeri.r.o.x.f.x.s.2c86bb98","report","xlsx","P0","supabase/functions/generate-excel-report/index.ts","1842","RİSK DEĞERİ (R = O x F x Ş)","","","","","","backend_user_copy","","reporting","inventory.xlsx.2c86bb98d2f3","extracted","not_started","not_required","not_started","false"
"legacy.report.risk.degeri.056d4f54","report","xlsx","P0","supabase/functions/generate-excel-report/index.ts","1858","Risk değeri","","","","","","backend_user_copy","","reporting","inventory.xlsx.056d4f54e992","extracted","not_started","not_started","not_started","true"
"legacy.report.tolerans.gosterilemez.f5c1a450","report","xlsx","P0","supabase/functions/generate-excel-report/index.ts","1875","Tolerans gösterilemez","","","","","","backend_user_copy","","reporting","inventory.xlsx.f5c1a450b66f","extracted","not_started","not_required","not_started","false"
"legacy.report.is.derhal.durdurulur.tesis.cevre.kapat.lma.e7fd1bc4","report","xlsx","P0","supabase/functions/generate-excel-report/index.ts","1877","İş derhal durdurulur; tesis/çevre kapatılması düşünülebilir.","","","","","","backend_user_copy","","reporting","inventory.xlsx.e7fd1bc4a808","extracted","not_started","not_required","not_started","false"
"legacy.report.en.k.sa.surede.giderilecek.3c17b800","report","xlsx","P0","supabase/functions/generate-excel-report/index.ts","1891","En kısa sürede giderilecek","","","","","","backend_user_copy","","reporting","inventory.xlsx.3c17b800f31b","extracted","not_started","not_required","not_started","false"
"legacy.report.risk.kabul.edilebilir.seviyeye.dusene.kada.1af9f0f8","report","xlsx","P0","supabase/functions/generate-excel-report/index.ts","1893","Risk kabul edilebilir seviyeye düşene kadar faaliyet kısıtlanır.","","","","","","backend_user_copy","","reporting","inventory.xlsx.1af9f0f8b004","extracted","not_started","not_started","not_started","true"
"legacy.report.1.aydan.k.sa.3208687e","report","xlsx","P0","supabase/functions/generate-excel-report/index.ts","1901","1 aydan kısa","","","","","","backend_user_copy","","reporting","inventory.xlsx.3208687eff06","extracted","not_started","not_required","not_started","false"
"legacy.report.esasl.risk.8f48f4cd","report","xlsx","P0","supabase/functions/generate-excel-report/index.ts","1907","Esaslı risk","","","","","","backend_user_copy","","reporting","inventory.xlsx.8f48f4cd2085","extracted","not_started","not_started","not_started","true"
"legacy.report.acil.onlem.al.n.r.ve.faaliyet.izlenir.2070df02","report","xlsx","P0","supabase/functions/generate-excel-report/index.ts","1909","Acil önlem alınır ve faaliyet izlenir.","","","","","","backend_user_copy","","reporting","inventory.xlsx.2070df028261","extracted","not_started","not_required","not_started","false"
"legacy.report.onemli.risk.1a405f76","report","xlsx","P0","supabase/functions/generate-excel-report/index.ts","1923","Önemli risk","","","","","","backend_user_copy","","reporting","inventory.xlsx.1a405f763eac","extracted","not_started","not_started","not_started","true"
"legacy.report.duzeltici.faaliyet.plan.baslat.l.r.005543b4","report","xlsx","P0","supabase/functions/generate-excel-report/index.ts","1925","Düzeltici faaliyet planı başlatılır.","","","","","","backend_user_copy","","reporting","inventory.xlsx.005543b49e9d","extracted","not_started","not_required","not_started","false"
"legacy.report.olas.risk.4aa0cbb9","report","xlsx","P0","supabase/functions/generate-excel-report/index.ts","1939","Olası risk","","","","","","backend_user_copy","","reporting","inventory.xlsx.4aa0cbb9f6a7","extracted","not_started","not_started","not_started","true"
"legacy.report.kontroller.surdurulur.ve.izlenir.4e93ba91","report","xlsx","P0","supabase/functions/generate-excel-report/index.ts","1941","Kontroller sürdürülür ve izlenir.","","","","","","backend_user_copy","","reporting","inventory.xlsx.4e93ba915805","extracted","not_started","not_required","not_started","false"
"legacy.report.1.y.l.222646b4","report","xlsx","P0","supabase/functions/generate-excel-report/index.ts","1949","1 yıl","","","","","","backend_user_copy","","reporting","inventory.xlsx.222646b45099","extracted","not_started","not_required","not_started","false"
"legacy.report.onemsiz.risk.d927642d","report","xlsx","P0","supabase/functions/generate-excel-report/index.ts","1955","Önemsiz risk","","","","","","backend_user_copy","","reporting","inventory.xlsx.d927642ddfc7","extracted","not_started","not_started","not_started","true"
"legacy.report.ilave.kontrole.gerek.olmayabilir.251b055a","report","xlsx","P0","supabase/functions/generate-excel-report/index.ts","1957","İlave kontrole gerek olmayabilir.","","","","","","backend_user_copy","","reporting","inventory.xlsx.251b055af2ed","extracted","not_started","not_required","not_started","false"
"legacy.report.analiz.kapsam.analysissectorlabelfromrow.a.67f22ce1","report","xlsx","P0","supabase/functions/generate-excel-report/index.ts","2003","Analiz kapsamı: ${analysisSectorLabelFromRow(analysis)}","","","","","","backend_user_copy","${analysisSectorLabelFromRow(analysis)}","reporting","inventory.xlsx.67f22ce1458c","extracted","not_started","not_required","not_started","false"
"legacy.report.analiz.odag.canvaslabel.analysis.canvas.2a1f3e16","report","xlsx","P0","supabase/functions/generate-excel-report/index.ts","2008","Analiz odağı: ${canvasLabel(analysis.canvas)}","","","","","","backend_user_copy","${canvasLabel(analysis.canvas)}","reporting","inventory.xlsx.2a1f3e165ada","extracted","not_started","not_required","not_started","false"
"legacy.report.kullan.c.c9c36bfe","report","xlsx","P0","supabase/functions/generate-excel-report/index.ts","2133","Kullanıcı","","","","","","backend_user_copy","","reporting","inventory.xlsx.c9c36bfe147e","extracted","not_started","not_required","not_started","false"
"legacy.report.firma.belirtilmedi.7e238d49","report","xlsx","P0","supabase/functions/generate-excel-report/index.ts","2134","Firma belirtilmedi","","","","","","backend_user_copy","","reporting","inventory.xlsx.7e238d49b59e","extracted","not_started","not_required","not_started","false"
"legacy.report.o.s.f1efad77","report","xlsx","P0","supabase/functions/generate-excel-report/index.ts","2148","O / Ş","","","","","","backend_user_copy","","reporting","inventory.xlsx.f1efad776cfd","extracted","not_started","not_required","not_started","false"
"legacy.report.metot.referans.bd791b85","report","xlsx","P0","supabase/functions/generate-excel-report/index.ts","2156","Metot Referansı","","","","","","backend_user_copy","","reporting","inventory.xlsx.bd791b857854","extracted","not_started","not_required","not_started","false"
"legacy.report.5x5.l.tipi.risk.matrisi.referans.tablosu.98c4c5fb","report","xlsx","P0","supabase/functions/generate-excel-report/index.ts","2158","5x5 L-TİPİ RİSK MATRİSİ REFERANS TABLOSU","","","","","","backend_user_copy","","reporting","inventory.xlsx.98c4c5fb237c","extracted","not_started","not_required","not_started","false"
"legacy.report.siddet.s.4fb0579c","report","xlsx","P0","supabase/functions/generate-excel-report/index.ts","2173","ŞİDDET (Ş)","","","","","","backend_user_copy","","reporting","inventory.xlsx.4fb0579c6f0c","extracted","not_started","not_required","not_started","false"
"legacy.report.tan.m.114789de","report","xlsx","P0","supabase/functions/generate-excel-report/index.ts","2174","Tanım","","","","","","backend_user_copy","","reporting","inventory.xlsx.114789de80cc","extracted","not_started","not_required","not_started","false"
"legacy.report.gerceklesme.ihtimali.cok.az.7ef46dc0","report","xlsx","P0","supabase/functions/generate-excel-report/index.ts","2177","Gerçekleşme ihtimali çok az","","","","","","backend_user_copy","","reporting","inventory.xlsx.7ef46dc0a1e0","extracted","not_started","not_required","not_started","false"
"legacy.report.hafif.yaralanmalar.is.gunu.kayb.yok.203dbc0e","report","xlsx","P0","supabase/functions/generate-excel-report/index.ts","2184","Hafif yaralanmalar / iş günü kaybı yok","","","","","","backend_user_copy","","reporting","inventory.xlsx.203dbc0e4af0","extracted","not_started","not_required","not_started","false"
"legacy.report.gerceklesme.ihtimali.az.95f0f205","report","xlsx","P0","supabase/functions/generate-excel-report/index.ts","2192","Gerçekleşme ihtimali az","","","","","","backend_user_copy","","reporting","inventory.xlsx.95f0f2052c03","extracted","not_started","not_required","not_started","false"
"legacy.report.ilk.yard.m.gerektiren.kucuk.yaralanma.5dfab73f","report","xlsx","P0","supabase/functions/generate-excel-report/index.ts","2199","İlk yardım gerektiren küçük yaralanma","","","","","","backend_user_copy","","reporting","inventory.xlsx.5dfab73f1bf0","extracted","not_started","not_required","not_started","false"
"legacy.report.gerceklesme.ihtimali.var.2afaeb5e","report","xlsx","P0","supabase/functions/generate-excel-report/index.ts","2207","Gerçekleşme ihtimali var","","","","","","backend_user_copy","","reporting","inventory.xlsx.2afaeb5ea22d","extracted","not_started","not_required","not_started","false"
"legacy.report.is.gunu.kayb.veya.tedavi.gerektiren.yarala.fa5b0e0f","report","xlsx","P0","supabase/functions/generate-excel-report/index.ts","2214","İş günü kaybı veya tedavi gerektiren yaralanma","","","","","","backend_user_copy","","reporting","inventory.xlsx.fa5b0e0f6067","extracted","not_started","not_required","not_started","false"
"legacy.report.gerceklesme.ihtimali.yuksek.025a5496","report","xlsx","P0","supabase/functions/generate-excel-report/index.ts","2222","Gerçekleşme ihtimali yüksek","","","","","","backend_user_copy","","reporting","inventory.xlsx.025a5496ef43","extracted","not_started","not_required","not_started","false"
"legacy.report.uzun.sureli.kay.p.ag.r.yaralanma.cf4706e4","report","xlsx","P0","supabase/functions/generate-excel-report/index.ts","2229","Uzun süreli kayıp / ağır yaralanma","","","","","","backend_user_copy","","reporting","inventory.xlsx.cf4706e41527","extracted","not_started","not_required","not_started","false"
"legacy.report.gerceklesme.ihtimali.cok.yuksek.db0c1897","report","xlsx","P0","supabase/functions/generate-excel-report/index.ts","2237","Gerçekleşme ihtimali çok yüksek","","","","","","backend_user_copy","","reporting","inventory.xlsx.db0c18977eec","extracted","not_started","not_required","not_started","false"
"legacy.report.kal.c.is.goremezlik.veya.olum.9df346c7","report","xlsx","P0","supabase/functions/generate-excel-report/index.ts","2244","Kalıcı iş göremezlik veya ölüm","","","","","","backend_user_copy","","reporting","inventory.xlsx.9df346c7cdb0","extracted","not_started","not_required","not_started","false"
"legacy.report.5x5.risk.matrisi.r.o.x.s.62d49f6d","report","xlsx","P0","supabase/functions/generate-excel-report/index.ts","2252","5x5 Risk Matrisi - R = O x Ş","","","","","","backend_user_copy","","reporting","inventory.xlsx.62d49f6d0140","extracted","not_started","not_started","not_started","true"
"legacy.report.risk.aral.g.c882ca86","report","xlsx","P0","supabase/functions/generate-excel-report/index.ts","2269","Risk aralığı","","","","","","backend_user_copy","","reporting","inventory.xlsx.c882ca86451b","extracted","not_started","not_started","not_started","true"
"legacy.report.risk.ad.589261d3","report","xlsx","P0","supabase/functions/generate-excel-report/index.ts","2270","Risk adı","","","","","","backend_user_copy","","reporting","inventory.xlsx.589261d38169","extracted","not_started","not_started","not_started","true"
"legacy.report.tolerans.d.s.dc14212f","report","xlsx","P0","supabase/functions/generate-excel-report/index.ts","2285","Tolerans dışı","","","","","","backend_user_copy","","reporting","inventory.xlsx.dc14212f19fd","extracted","not_started","not_required","not_started","false"
"legacy.report.cal.sma.derhal.durdurulmal.249b194e","report","xlsx","P0","supabase/functions/generate-excel-report/index.ts","2287","Çalışma derhal durdurulmalı.","","","","","","backend_user_copy","","reporting","inventory.xlsx.249b194e9664","extracted","not_started","not_required","not_started","false"
"legacy.report.yuksek.risk.8cab6267","report","xlsx","P0","supabase/functions/generate-excel-report/index.ts","2300","Yüksek risk","","","","","","backend_user_copy","","reporting","inventory.xlsx.8cab6267c502","extracted","not_started","not_started","not_started","true"
"legacy.report.en.k.sa.surede.onlem.al.nmal.a3e6ce33","report","xlsx","P0","supabase/functions/generate-excel-report/index.ts","2302","En kısa sürede önlem alınmalı.","","","","","","backend_user_copy","","reporting","inventory.xlsx.a3e6ce332714","extracted","not_started","not_required","not_started","false"
"legacy.report.30.gun.7e202b2b","report","xlsx","P0","supabase/functions/generate-excel-report/index.ts","2306","30 gün","","","","","","backend_user_copy","","reporting","inventory.xlsx.7e202b2bc064","extracted","not_started","not_required","not_started","false"
"legacy.report.orta.risk.96c0740a","report","xlsx","P0","supabase/functions/generate-excel-report/index.ts","2315","Orta risk","","","","","","backend_user_copy","","reporting","inventory.xlsx.96c0740a4b1e","extracted","not_started","not_started","not_started","true"
"legacy.report.plan.dahilinde.onlem.al.nmal.3a305426","report","xlsx","P0","supabase/functions/generate-excel-report/index.ts","2317","Plan dahilinde önlem alınmalı.","","","","","","backend_user_copy","","reporting","inventory.xlsx.3a3054265c05","extracted","not_started","not_required","not_started","false"
"legacy.report.90.gun.a221c492","report","xlsx","P0","supabase/functions/generate-excel-report/index.ts","2321","90 gün","","","","","","backend_user_copy","","reporting","inventory.xlsx.a221c4922dc4","extracted","not_started","not_required","not_started","false"
"legacy.report.dusuk.risk.e89fa5d3","report","xlsx","P0","supabase/functions/generate-excel-report/index.ts","2330","Düşük risk","","","","","","backend_user_copy","","reporting","inventory.xlsx.e89fa5d3ba4d","extracted","not_started","not_started","not_started","true"
"legacy.report.gozetim.alt.nda.izlenmeli.708a5fa8","report","xlsx","P0","supabase/functions/generate-excel-report/index.ts","2332","Gözetim altında izlenmeli.","","","","","","backend_user_copy","","reporting","inventory.xlsx.708a5fa816ce","extracted","not_started","not_required","not_started","false"
"legacy.report.onemsiz.bd50465a","report","xlsx","P0","supabase/functions/generate-excel-report/index.ts","2345","Önemsiz","","","","","","backend_user_copy","","reporting","inventory.xlsx.bd50465a5dab","extracted","not_started","not_required","not_started","false"
"legacy.report.izleme.yeterli.olabilir.6ee8119d","report","xlsx","P0","supabase/functions/generate-excel-report/index.ts","2347","İzleme yeterli olabilir.","","","","","","backend_user_copy","","reporting","inventory.xlsx.6ee8119df497","extracted","not_started","not_required","not_started","false"
"legacy.report.haz.rlayan.preparedby.4efcfd44","report","xlsx","P0","supabase/functions/generate-excel-report/index.ts","2365","Hazırlayan: ${preparedBy}","","","","","","backend_user_copy","${preparedBy}","reporting","inventory.xlsx.4efcfd44eed4","extracted","not_started","not_required","not_started","false"
"legacy.report.dokuman.no.documentno.796f7c18","report","xlsx","P0","supabase/functions/generate-excel-report/index.ts","2369","Doküman No: ${documentNo}","","","","","","backend_user_copy","${documentNo}","reporting","inventory.xlsx.796f7c181508","extracted","not_started","not_required","not_started","false"
"legacy.report.unvan.belge.preparedtitle.certificatenumbe.58dd5e75","report","xlsx","P0","supabase/functions/generate-excel-report/index.ts","2380","Ünvan / Belge: ${preparedTitle} / ${certificateNumber}","","","","","","backend_user_copy","${preparedTitle}|${certificateNumber}","reporting","inventory.xlsx.58dd5e75eba2","extracted","not_started","not_required","not_started","false"
"legacy.report.ozet.bulunamad.6030885e","report","xlsx","P0","supabase/functions/generate-excel-report/index.ts","2544","Özet bulunamadı.","","","","","","backend_user_copy","","reporting","inventory.xlsx.6030885ec397","extracted","not_started","not_required","not_started","false"
"legacy.report.kapak.ve.ozet.bc01ded3","report","xlsx","P0","supabase/functions/generate-excel-report/index.ts","2554","Kapak ve Özet","","","","","","backend_user_copy","","reporting","inventory.xlsx.bc01ded31f55","extracted","not_started","not_required","not_started","false"
"legacy.report.isg.risk.analizi.excel.raporu.41429429","report","xlsx","P0","supabase/functions/generate-excel-report/index.ts","2556","İSG Risk Analizi Excel Raporu","","","","","","backend_user_copy","","reporting","inventory.xlsx.414294293da5","extracted","not_started","not_started","not_started","true"
"legacy.report.olusturma.4c593d06","report","xlsx","P0","supabase/functions/generate-excel-report/index.ts","2565","Oluşturma","","","","","","backend_user_copy","","reporting","inventory.xlsx.4c593d069782","extracted","not_started","not_required","not_started","false"
"legacy.report.firma.bilgisi.6eb11a94","report","xlsx","P0","supabase/functions/generate-excel-report/index.ts","2569","Firma bilgisi","","","","","","backend_user_copy","","reporting","inventory.xlsx.6eb11a94954a","extracted","not_started","not_required","not_started","false"
"legacy.report.analiz.kapsam.65d90e65","report","xlsx","P0","supabase/functions/generate-excel-report/index.ts","2589","Analiz kapsamı","","","","","","backend_user_copy","","reporting","inventory.xlsx.65d90e657133","extracted","not_started","not_required","not_started","false"
"legacy.report.analiz.odag.cd5aeb92","report","xlsx","P0","supabase/functions/generate-excel-report/index.ts","2592","Analiz odağı","","","","","","backend_user_copy","","reporting","inventory.xlsx.cd5aeb92d626","extracted","not_started","not_required","not_started","false"
"legacy.report.baslang.c.474643ed","report","xlsx","P0","supabase/functions/generate-excel-report/index.ts","2599","Başlangıç","","","","","","backend_user_copy","","reporting","inventory.xlsx.474643ed5c0a","extracted","not_started","not_required","not_started","false"
"legacy.report.destek.kodu.e8891f41","report","xlsx","P0","supabase/functions/generate-excel-report/index.ts","2605","Destek Kodu","","","","","","backend_user_copy","","reporting","inventory.xlsx.e8891f412aaf","extracted","not_started","not_required","not_started","false"
"legacy.report.toplam.bulgu.5182c1d1","report","xlsx","P0","supabase/functions/generate-excel-report/index.ts","2610","TOPLAM BULGU","","","","","","backend_user_copy","","reporting","inventory.xlsx.5182c1d1f717","extracted","not_started","not_required","not_started","false"
"legacy.report.en.yuksek.risk.9e7a30d8","report","xlsx","P0","supabase/functions/generate-excel-report/index.ts","2612","EN YÜKSEK RİSK","","","","","","backend_user_copy","","reporting","inventory.xlsx.9e7a30d8f551","extracted","not_started","not_required","not_started","false"
"legacy.report.toplam.skor.475fe7a1","report","xlsx","P0","supabase/functions/generate-excel-report/index.ts","2616","TOPLAM SKOR","","","","","","backend_user_copy","","reporting","inventory.xlsx.475fe7a1eb5b","extracted","not_started","not_required","not_started","false"
"legacy.report.kritik.56e4b7bd","report","xlsx","P0","supabase/functions/generate-excel-report/index.ts","2630","KRİTİK","","","","","","backend_user_copy","","reporting","inventory.xlsx.56e4b7bdb7b4","extracted","not_started","not_required","not_started","false"
"legacy.report.yuksek.0acb8218","report","xlsx","P0","supabase/functions/generate-excel-report/index.ts","2632","YÜKSEK","","","","","","backend_user_copy","","reporting","inventory.xlsx.0acb82182090","extracted","not_started","not_required","not_started","false"
"legacy.report.dusuk.77ad4149","report","xlsx","P0","supabase/functions/generate-excel-report/index.ts","2636","DÜŞÜK","","","","","","backend_user_copy","","reporting","inventory.xlsx.77ad414926f3","extracted","not_started","not_required","not_started","false"
"legacy.report.gorsel.04136967","report","xlsx","P0","supabase/functions/generate-excel-report/index.ts","2650","Görsel","","","","","","backend_user_copy","","reporting","inventory.xlsx.04136967b925","extracted","not_started","not_required","not_started","false"
"legacy.report.ai.ozeti.91b3ef1d","report","xlsx","P0","supabase/functions/generate-excel-report/index.ts","2668","AI Özeti","","","","","","backend_user_copy","","reporting","inventory.xlsx.91b3ef1d72e3","extracted","not_started","not_required","not_started","false"
"legacy.report.olas.l.k.a9e80c5d","report","xlsx","P0","supabase/functions/generate-excel-report/index.ts","2769","Olasılık","","","","","","backend_user_copy","","reporting","inventory.xlsx.a9e80c5d4c28","extracted","not_started","not_required","not_started","false"
"legacy.report.siddet.24494081","report","xlsx","P0","supabase/functions/generate-excel-report/index.ts","2769","Şiddet","","","","","","backend_user_copy","","reporting","inventory.xlsx.24494081c61e","extracted","not_started","not_required","not_started","false"
"legacy.report.olas.l.k.o.9524b6b7","report","xlsx","P0","supabase/functions/generate-excel-report/index.ts","2770","Olasılık (O)","","","","","","backend_user_copy","","reporting","inventory.xlsx.9524b6b78b28","extracted","not_started","not_required","not_started","false"
"legacy.report.risk.seviyesi.ab87ca55","report","xlsx","P0","supabase/functions/generate-excel-report/index.ts","2770","Risk Seviyesi","","","","","","backend_user_copy","","reporting","inventory.xlsx.ab87ca555f25","extracted","not_started","not_started","not_started","true"
"legacy.report.siddet.s.c5756e88","report","xlsx","P0","supabase/functions/generate-excel-report/index.ts","2770","Şiddet (Ş)","","","","","","backend_user_copy","","reporting","inventory.xlsx.c5756e887aac","extracted","not_started","not_required","not_started","false"
"legacy.report.ac.klama.8b171502","report","xlsx","P0","supabase/functions/generate-excel-report/index.ts","2790","Açıklama","","","","","","backend_user_copy","","reporting","inventory.xlsx.8b171502402c","extracted","not_started","not_required","not_started","false"
"legacy.report.onlem.kontrol.tedbirleri.1dda5722","report","xlsx","P0","supabase/functions/generate-excel-report/index.ts","2792","Önlem / Kontrol Tedbirleri","","","","","","backend_user_copy","","reporting","inventory.xlsx.1dda5722599a","extracted","not_started","not_required","not_started","false"
"legacy.report.kok.neden.3c000e47","report","xlsx","P0","supabase/functions/generate-excel-report/index.ts","2793","Kök Neden","","","","","","backend_user_copy","","reporting","inventory.xlsx.3c000e4713ac","extracted","not_started","not_required","not_started","false"
"legacy.report.referans.izleme.35ace878","report","xlsx","P0","supabase/functions/generate-excel-report/index.ts","2794","Referans / İzleme","","","","","","backend_user_copy","","reporting","inventory.xlsx.35ace8785fd5","extracted","not_started","not_required","not_started","false"
"legacy.report.ac.k.2658efaa","report","xlsx","P0","supabase/functions/generate-excel-report/index.ts","2811","Açık","","","","","","backend_user_copy","","reporting","inventory.xlsx.2658efaad278","extracted","not_started","not_required","not_started","false"
"legacy.report.risk.analiz.tablosu.6c8b2886","report","xlsx","P0","supabase/functions/generate-excel-report/index.ts","2815","Risk Analiz Tablosu","","","","","","backend_user_copy","","reporting","inventory.xlsx.6c8b288672e9","extracted","not_started","not_started","not_started","true"
"legacy.report.a1.risklastcol.math.max.1.riskrows.length.61d49cac","report","xlsx","P0","supabase/functions/generate-excel-report/index.ts","2854","A1:${riskLastCol}${Math.max(1, riskRows.length)}","","","","","","backend_user_copy","${riskLastCol}|${Math.max(1, riskRows.length)}","reporting","inventory.xlsx.61d49cac83f6","extracted","not_started","not_required","not_started","false"
"legacy.report.risk.dag.l.m.52647c72","report","xlsx","P0","supabase/functions/generate-excel-report/index.ts","2889","Risk Dağılımı","","","","","","backend_user_copy","","reporting","inventory.xlsx.52647c729fef","extracted","not_started","not_started","not_started","true"
"legacy.report.secilen.metoda.gore.hesapland.37e50e54","report","xlsx","P0","supabase/functions/generate-excel-report/index.ts","2901","Seçilen metoda göre hesaplandı","","","","","","backend_user_copy","","reporting","inventory.xlsx.37e50e54cd2c","extracted","not_started","not_required","not_started","false"
"legacy.report.kritik.yuksek.bulgular.07810367","report","xlsx","P0","supabase/functions/generate-excel-report/index.ts","2905","Kritik/Yüksek Bulgular","","","","","","backend_user_copy","","reporting","inventory.xlsx.07810367cc95","extracted","not_started","not_required","not_started","false"
"legacy.report.a9.f.math.max.9.findings.length.8.a513160b","report","xlsx","P0","supabase/functions/generate-excel-report/index.ts","2944","A9:F${Math.max(9, findings.length + 8)}","","","","","","backend_user_copy","${Math.max(9, findings.length + 8)}","reporting","inventory.xlsx.a513160b28ae","extracted","not_started","not_required","not_started","false"
"legacy.report.deger.06d29338","report","xlsx","P0","supabase/functions/generate-excel-report/index.ts","2960","Değer","","","","","","backend_user_copy","","reporting","inventory.xlsx.06d29338d7f5","extracted","not_started","not_required","not_started","false"
"legacy.report.analiz.id.e7a9d2bc","report","xlsx","P0","supabase/functions/generate-excel-report/index.ts","2961","Analiz ID","","","","","","backend_user_copy","","reporting","inventory.xlsx.e7a9d2bc97e6","extracted","not_started","not_required","not_started","false"
"legacy.report.kullan.c.id.9c92ba82","report","xlsx","P0","supabase/functions/generate-excel-report/index.ts","2962","Kullanıcı ID","","","","","","backend_user_copy","","reporting","inventory.xlsx.9c92ba82126b","extracted","not_started","not_required","not_started","false"
"legacy.report.dokuman.no.a6131782","report","xlsx","P0","supabase/functions/generate-excel-report/index.ts","2963","Doküman No","","","","","","backend_user_copy","","reporting","inventory.xlsx.a6131782c50e","extracted","not_started","not_required","not_started","false"
"legacy.report.haz.rlayan.36e99e38","report","xlsx","P0","supabase/functions/generate-excel-report/index.ts","2965","Hazırlayan","","","","","","backend_user_copy","","reporting","inventory.xlsx.36e99e381b2b","extracted","not_started","not_required","not_started","false"
"legacy.report.unvan.2e478187","report","xlsx","P0","supabase/functions/generate-excel-report/index.ts","2966","Ünvan","","","","","","backend_user_copy","","reporting","inventory.xlsx.2e4781875dfe","extracted","not_started","not_required","not_started","false"
"legacy.report.belge.no.3492ac79","report","xlsx","P0","supabase/functions/generate-excel-report/index.ts","2967","Belge No","","","","","","backend_user_copy","","reporting","inventory.xlsx.3492ac793297","extracted","not_started","not_required","not_started","false"
"legacy.report.olusturma.tarihi.8491a949","report","xlsx","P0","supabase/functions/generate-excel-report/index.ts","2969","Oluşturma tarihi","","","","","","backend_user_copy","","reporting","inventory.xlsx.8491a949883f","extracted","not_started","not_required","not_started","false"
"legacy.report.request.id.12971a2c","report","xlsx","P0","supabase/functions/generate-excel-report/index.ts","2970","Request ID","","","","","","backend_user_copy","","reporting","inventory.xlsx.12971a2cc868","extracted","not_started","not_required","not_started","false"
"legacy.report.destek.kodu.3d0f068c","report","xlsx","P0","supabase/functions/generate-excel-report/index.ts","2971","Destek kodu","","","","","","backend_user_copy","","reporting","inventory.xlsx.3d0f068c0ec9","extracted","not_started","not_required","not_started","false"
"legacy.report.rapor.bilgileri.3545ba3d","report","xlsx","P0","supabase/functions/generate-excel-report/index.ts","2973","Rapor Bilgileri","","","","","","backend_user_copy","","reporting","inventory.xlsx.3545ba3dc8ae","extracted","not_started","not_required","not_started","false"
"legacy.report.yaln.zca.post.desteklenir.5d0e924a","report","xlsx","P0","supabase/functions/generate-excel-report/index.ts","3000","Yalnızca POST desteklenir.","","","","","","backend_user_copy","","reporting","inventory.xlsx.5d0e924aa6ba","extracted","not_started","not_required","not_started","false"
"legacy.report.oturum.dogrulanamad.fc09b66d","report","xlsx","P0","supabase/functions/generate-excel-report/index.ts","3030","Oturum doğrulanamadı.","","","","","","backend_user_copy","","reporting","inventory.xlsx.fc09b66dfaec","extracted","not_started","not_required","not_started","false"
"legacy.report.gecersiz.istek.govdesi.4fecd207","report","xlsx","P0","supabase/functions/generate-excel-report/index.ts","3042","Geçersiz istek gövdesi.","","","","","","backend_user_copy","","reporting","inventory.xlsx.4fecd2079ef6","extracted","not_started","not_required","not_started","false"
"legacy.report.excel.olusturmak.icin.analiz.secilmelidir.7f01e75b","report","xlsx","P0","supabase/functions/generate-excel-report/index.ts","3055","Excel oluşturmak için analiz seçilmelidir.","","","","","","backend_user_copy","","reporting","inventory.xlsx.7f01e75b5f41","extracted","not_started","not_required","not_started","false"
"legacy.report.analiz.bulunamad.veya.bu.islem.icin.yetki..ce6307e6","report","xlsx","P0","supabase/functions/generate-excel-report/index.ts","3073","Analiz bulunamadı veya bu işlem için yetki yok.","","","","","","backend_user_copy","","reporting","inventory.xlsx.ce6307e691e8","extracted","not_started","not_required","not_started","false"
"legacy.report.excel.olusturmak.icin.analiz.tamamlanm.s.o.ea177926","report","xlsx","P0","supabase/functions/generate-excel-report/index.ts","3082","Excel oluşturmak için analiz tamamlanmış olmalıdır.","","","","","","backend_user_copy","","reporting","inventory.xlsx.ea177926c8dd","extracted","not_started","not_required","not_started","false"
"legacy.report.requested.report.language.does.not.match.t.703e8c2c","report","xlsx","P0","supabase/functions/generate-excel-report/index.ts","3099","Requested report language does not match the analysis snapshot.","","","","","","backend_user_copy","","reporting","inventory.xlsx.703e8c2ca622","extracted","not_started","not_required","not_started","false"
"legacy.report.the.analysis.localization.snapshot.is.unav.9490e4b3","report","xlsx","P0","supabase/functions/generate-excel-report/index.ts","3100","The analysis localization snapshot is unavailable or invalid.","","","","","","backend_user_copy","","reporting","inventory.xlsx.9490e4b3c153","extracted","not_started","not_required","not_started","false"
"legacy.report.bulgular.excel.raporu.icin.okunamad.78ccfdec","report","xlsx","P0","supabase/functions/generate-excel-report/index.ts","3116","Bulgular Excel raporu için okunamadı.","","","","","","backend_user_copy","","reporting","inventory.xlsx.78ccfdec254d","extracted","not_started","not_required","not_started","false"
"legacy.report.analiz.fotograflar.excel.raporu.icin.okuna.227a1c88","report","xlsx","P0","supabase/functions/generate-excel-report/index.ts","3133","Analiz fotoğrafları Excel raporu için okunamadı.","","","","","","backend_user_copy","","reporting","inventory.xlsx.227a1c880dd2","extracted","not_started","not_required","not_started","false"
"legacy.report.firma.dogrulanamad.b6f46864","report","xlsx","P0","supabase/functions/generate-excel-report/index.ts","3175","Firma doğrulanamadı.","","","","","","backend_user_copy","","reporting","inventory.xlsx.b6f468644063","extracted","not_started","not_required","not_started","false"
"legacy.report.risk.analizi.hakk.kontrol.edilemedi.3cdd2c8b","report","xlsx","P0","supabase/functions/generate-excel-report/index.ts","3222","Risk analizi hakkı kontrol edilemedi.","","","","","","backend_user_copy","","reporting","inventory.xlsx.3cdd2c8b99fc","extracted","not_started","not_started","not_started","true"
"legacy.report.rapor.kotas.kontrol.edilemedi.af029399","report","xlsx","P0","supabase/functions/generate-excel-report/index.ts","3253","Rapor kotası kontrol edilemedi.","","","","","","backend_user_copy","","reporting","inventory.xlsx.af029399650d","extracted","not_started","not_required","not_started","false"
"legacy.report.ayl.k.rapor.kotan.doldu.reportlimit.ay.2feb23b6","report","xlsx","P0","supabase/functions/generate-excel-report/index.ts","3262","Aylık rapor kotan doldu (${reportLimit}/ay).","","","","","","backend_user_copy","${reportLimit}","reporting","inventory.xlsx.2feb23b6c685","extracted","not_started","not_required","not_started","false"
"legacy.report.excel.upload.failed.cf4aab73","report","xlsx","P0","supabase/functions/generate-excel-report/index.ts","3316","Excel upload failed","","","","","","backend_user_copy","","reporting","inventory.xlsx.cf4aab73dd24","extracted","not_started","not_required","not_started","false"
"legacy.report.excel.dosyas.rapor.arsivine.kaydedilemedi.31057ed1","report","xlsx","P0","supabase/functions/generate-excel-report/index.ts","3326","Excel dosyası rapor arşivine kaydedilemedi.","","","","","","backend_user_copy","","reporting","inventory.xlsx.31057ed1e484","extracted","not_started","not_required","not_started","false"
"legacy.report.risk.analizi.62faeefc","report","xlsx","P0","supabase/functions/generate-excel-report/index.ts","3362","Risk Analizi","","","","","","backend_user_copy","","reporting","inventory.xlsx.62faeefcb6ab","extracted","not_started","not_started","not_started","true"
"legacy.report.excel.report.metadata.failed.79b36b0f","report","xlsx","P0","supabase/functions/generate-excel-report/index.ts","3399","Excel report metadata failed","","","","","","backend_user_copy","","reporting","inventory.xlsx.79b36b0f0c4d","extracted","not_started","not_required","not_started","false"
"legacy.report.bir.kez.tan.mlanan.risk.analizi.tablosu.ha.ac6a7235","report","xlsx","P0","supabase/functions/generate-excel-report/index.ts","3412","Bir kez tanımlanan risk analizi tablosu hakkını kullandın.","","","","","","backend_user_copy","","reporting","inventory.xlsx.ac6a7235fc6b","extracted","not_started","not_started","not_started","true"
"legacy.report.ayl.k.rapor.kotan.doldu.826dd7a6","report","xlsx","P0","supabase/functions/generate-excel-report/index.ts","3420","Aylık rapor kotan doldu.","","","","","","backend_user_copy","","reporting","inventory.xlsx.826dd7a615f6","extracted","not_started","not_required","not_started","false"
"legacy.report.excel.olusturuldu.ancak.rapor.arsiv.kayd.t.088eb201","report","xlsx","P0","supabase/functions/generate-excel-report/index.ts","3427","Excel oluşturuldu ancak rapor arşiv kaydı tamamlanamadı.","","","","","","backend_user_copy","","reporting","inventory.xlsx.088eb2015a98","extracted","not_started","not_required","not_started","false"
"legacy.report.excel.company.backfill.failed.4258939b","report","xlsx","P0","supabase/functions/generate-excel-report/index.ts","3442","Excel company backfill failed","","","","","","backend_user_copy","","reporting","inventory.xlsx.4258939b2603","extracted","not_started","not_required","not_started","false"
"legacy.report.report.ready.push.dispatch.threw.after.exc.a624a1d6","report","xlsx","P0","supabase/functions/generate-excel-report/index.ts","3469","Report ready push dispatch threw after Excel persistence","","","","","","backend_user_copy","","reporting","inventory.xlsx.a624a1d61745","extracted","not_started","not_required","not_started","false"
"legacy.backend.duzeltici.onlem.886a7702","backend","backend","P0","supabase/functions/mutate-analysis-finding/index.ts","255","Düzeltici Önlem","","","","","","backend_user_copy","","backend","inventory.backend.886a7702210e","extracted","not_started","not_required","not_started","false"
"legacy.backend.onleyici.kontrol.56eaf753","backend","backend","P0","supabase/functions/mutate-analysis-finding/index.ts","255","Önleyici Kontrol","","","","","","backend_user_copy","","backend","inventory.backend.56eaf7539fe3","extracted","not_started","not_required","not_started","false"
"legacy.backend.analiz.veya.bulgu.dogrulanamad.045513aa","backend","backend","P0","supabase/functions/mutate-analysis-finding/index.ts","369","Analiz veya bulgu doğrulanamadı.","","","","","","backend_user_copy","","backend","inventory.backend.045513aa420b","extracted","not_started","not_required","not_started","false"
"legacy.backend.gecersiz.bulgu.islemi.f3042be6","backend","backend","P0","supabase/functions/mutate-analysis-finding/index.ts","383","Geçersiz bulgu işlemi.","","","","","","backend_user_copy","","backend","inventory.backend.f3042be657b2","extracted","not_started","not_required","not_started","false"
"legacy.backend.bulgu.duzenleme.gecici.olarak.kapal.99a999ff","backend","backend","P0","supabase/functions/mutate-analysis-finding/index.ts","408","Bulgu düzenleme geçici olarak kapalı.","","","","","","backend_user_copy","","backend","inventory.backend.99a999ffbaf9","extracted","not_started","not_required","not_started","false"
"legacy.backend.analiz.bulunamad.876df0f6","backend","backend","P0","supabase/functions/mutate-analysis-finding/index.ts","429","Analiz bulunamadı.","","","","","","backend_user_copy","","backend","inventory.backend.876df0f6cd31","extracted","not_started","not_required","not_started","false"
"legacy.backend.bulgu.duzenlemek.icin.analiz.tamamlanm.s.o.2d225cd2","backend","backend","P0","supabase/functions/mutate-analysis-finding/index.ts","437","Bulgu düzenlemek için analiz tamamlanmış olmalı.","","","","","","backend_user_copy","","backend","inventory.backend.2d225cd2527b","extracted","not_started","not_required","not_started","false"
"legacy.backend.bulgu.bulunamad.adfe3913","backend","backend","P0","supabase/functions/mutate-analysis-finding/index.ts","453","Bulgu bulunamadı.","","","","","","backend_user_copy","","backend","inventory.backend.adfe39139ede","extracted","not_started","not_required","not_started","false"
"legacy.backend.kaydedilecek.degisiklik.bulunamad.df3284d0","backend","backend","P0","supabase/functions/mutate-analysis-finding/index.ts","581","Kaydedilecek değişiklik bulunamadı.","","","","","","backend_user_copy","","backend","inventory.backend.df3284d06ef6","extracted","not_started","not_required","not_started","false"
"legacy.backend.bu.bulgu.baska.bir.islemle.guncellenmis.lu.5789b6ff","backend","backend","P0","supabase/functions/mutate-analysis-finding/index.ts","689","Bu bulgu başka bir işlemle güncellenmiş. Lütfen sayfayı yenileyip tekrar dene.","","","","","","backend_user_copy","","backend","inventory.backend.5789b6ffb477","extracted","not_started","not_required","not_started","false"
"legacy.backend.bulgu.alanlar.dogrulanamad.4befc58c","backend","backend","P0","supabase/functions/mutate-analysis-finding/index.ts","698","Bulgu alanları doğrulanamadı.","","","","","","backend_user_copy","","backend","inventory.backend.4befc58c7ffd","extracted","not_started","not_required","not_started","false"
"legacy.backend.bulgu.guncellenemedi.lutfen.tekrar.dene.54b0c283","backend","backend","P0","supabase/functions/mutate-analysis-finding/index.ts","715","Bulgu güncellenemedi. Lütfen tekrar dene.","","","","","","backend_user_copy","","backend","inventory.backend.54b0c283f149","extracted","not_started","not_required","not_started","false"
"legacy.backend.analiz.arka.planda.tamamlanamad.lutfen.tek.0f59ff2c","backend","backend","P0","supabase/functions/process-analysis-jobs/index.ts","707","Analiz arka planda tamamlanamadı. Lütfen tekrar dene.","","","","","","backend_user_copy","","backend","inventory.backend.0f59ff2cb6d6","extracted","not_started","not_required","not_started","false"
"legacy.report.report.ready.push.failed.b24e84e7","report","pdf","P0","supabase/functions/register-report/index.ts","343","Report ready push failed","","","","","","backend_user_copy","","reporting","inventory.pdf.b24e84e774f9","extracted","not_started","not_required","not_started","false"
"legacy.report.analiz.dogrulanamad.b6bf2a6c","report","pdf","P0","supabase/functions/register-report/index.ts","401","Analiz doğrulanamadı.","","","","","","backend_user_copy","","reporting","inventory.pdf.b6bf2a6c4831","extracted","not_started","not_required","not_started","false"
"legacy.report.rapor.dosya.bilgisi.gecersiz.bdebd924","report","pdf","P0","supabase/functions/register-report/index.ts","418","Rapor dosya bilgisi geçersiz.","","","","","","backend_user_copy","","reporting","inventory.pdf.bdebd924427e","extracted","not_started","not_required","not_started","false"
"legacy.report.rapor.dosya.yolu.dogrulanamad.5d70b1bb","report","pdf","P0","supabase/functions/register-report/index.ts","469","Rapor dosya yolu doğrulanamadı.","","","","","","backend_user_copy","","reporting","inventory.pdf.5d70b1bbff89","extracted","not_started","not_required","not_started","false"
"legacy.report.analiz.bulunamad.87febe27","report","pdf","P0","supabase/functions/register-report/index.ts","484","Analiz bulunamadı.","","","","","","backend_user_copy","","reporting","inventory.pdf.87febe279a6c","extracted","not_started","not_required","not_started","false"
"legacy.report.rapor.arsivi.icin.analiz.tamamlanm.s.olmal.86ce7c53","report","pdf","P0","supabase/functions/register-report/index.ts","494","Rapor arşivi için analiz tamamlanmış olmalı.","","","","","","backend_user_copy","","reporting","inventory.pdf.86ce7c53b378","extracted","not_started","not_required","not_started","false"
"legacy.report.requested.report.language.does.not.match.t.76283bbb","report","pdf","P0","supabase/functions/register-report/index.ts","511","Requested report language does not match the analysis snapshot.","","","","","","backend_user_copy","","reporting","inventory.pdf.76283bbb9c89","extracted","not_started","not_required","not_started","false"
"legacy.report.the.analysis.localization.snapshot.is.unav.a009de76","report","pdf","P0","supabase/functions/register-report/index.ts","512","The analysis localization snapshot is unavailable or invalid.","","","","","","backend_user_copy","","reporting","inventory.pdf.a009de76ecb7","extracted","not_started","not_required","not_started","false"
"legacy.report.firma.dogrulanamad.d633be38","report","pdf","P0","supabase/functions/register-report/index.ts","536","Firma doğrulanamadı.","","","","","","backend_user_copy","","reporting","inventory.pdf.d633be386384","extracted","not_started","not_required","not_started","false"
"legacy.report.rapor.dosyas.arsivde.bulunamad.98991217","report","pdf","P0","supabase/functions/register-report/index.ts","585","Rapor dosyası arşivde bulunamadı.","","","","","","backend_user_copy","","reporting","inventory.pdf.98991217e59c","extracted","not_started","not_required","not_started","false"
"legacy.report.rapor.dosya.boyutu.dogrulanamad.83e7e09d","report","pdf","P0","supabase/functions/register-report/index.ts","595","Rapor dosya boyutu doğrulanamadı.","","","","","","backend_user_copy","","reporting","inventory.pdf.83e7e09d2b40","extracted","not_started","not_required","not_started","false"
"legacy.report.pdf.report.snapshot.fetch.failed.cd093571","report","pdf","P0","supabase/functions/register-report/index.ts","613","PDF report snapshot fetch failed","","","","","","backend_user_copy","","reporting","inventory.pdf.cd0935719d8a","extracted","not_started","not_required","not_started","false"
"legacy.report.rapor.arsiv.verisi.haz.rlanamad.0d272fe6","report","pdf","P0","supabase/functions/register-report/index.ts","623","Rapor arşiv verisi hazırlanamadı.","","","","","","backend_user_copy","","reporting","inventory.pdf.0d272fe6ff5e","extracted","not_started","not_required","not_started","false"
"legacy.report.rapor.dokuman.numaras.olusturulamad.8a574351","report","pdf","P0","supabase/functions/register-report/index.ts","646","Rapor doküman numarası oluşturulamadı.","","","","","","backend_user_copy","","reporting","inventory.pdf.8a574351e4a0","extracted","not_started","not_required","not_started","false"
"legacy.report.riskdetected.report.6db6f20b","report","pdf","P0","supabase/functions/register-report/index.ts","663","RiskDetected Report","","","","","","backend_user_copy","","reporting","inventory.pdf.6db6f20bf162","extracted","not_started","not_required","not_started","false"
"legacy.report.bir.kez.tan.mlanan.risk.analizi.tablosu.ha.f183f1ef","report","pdf","P0","supabase/functions/register-report/index.ts","702","Bir kez tanımlanan risk analizi tablosu hakkını kullandın.","","","","","","backend_user_copy","","reporting","inventory.pdf.f183f1ef1f9d","extracted","not_started","not_started","not_started","true"
"legacy.report.ayl.k.rapor.kotan.doldu.61c3e5da","report","pdf","P0","supabase/functions/register-report/index.ts","710","Aylık rapor kotan doldu.","","","","","","backend_user_copy","","reporting","inventory.pdf.61c3e5daa165","extracted","not_started","not_required","not_started","false"
"legacy.report.pdf.report.metadata.failed.e54f7f71","report","pdf","P0","supabase/functions/register-report/index.ts","716","PDF report metadata failed","","","","","","backend_user_copy","","reporting","inventory.pdf.e54f7f7173fc","extracted","not_started","not_required","not_started","false"
"legacy.report.rapor.arsiv.kayd.tamamlanamad.5dfe712e","report","pdf","P0","supabase/functions/register-report/index.ts","726","Rapor arşiv kaydı tamamlanamadı.","","","","","","backend_user_copy","","reporting","inventory.pdf.5dfe712e1f7d","extracted","not_started","not_required","not_started","false"
"legacy.report.report.ready.push.dispatch.threw.after.pdf.3f2991e7","report","pdf","P0","supabase/functions/register-report/index.ts","747","Report ready push dispatch threw after PDF persistence","","","","","","backend_user_copy","","reporting","inventory.pdf.3f2991e7b94f","extracted","not_started","not_required","not_started","false"
"legacy.backend.hesap.silme.servisi.yap.land.r.lmam.s.76f564c7","backend","backend","P0","supabase/functions/request-account-deletion/index.ts","254","Hesap silme servisi yapılandırılmamış.","","","","","","backend_user_copy","","backend","inventory.backend.76f564c73116","extracted","not_started","not_required","not_started","false"
"legacy.backend.istek.verisi.okunamad.95d35121","backend","backend","P0","supabase/functions/request-account-deletion/index.ts","265","İstek verisi okunamadı.","","","","","","backend_user_copy","","backend","inventory.backend.95d35121226a","extracted","not_started","not_required","not_started","false"
"legacy.backend.hesap.silme.icin.oturum.gerekli.40a0ca07","backend","backend","P0","supabase/functions/request-account-deletion/index.ts","304","Hesap silme için oturum gerekli.","","","","","","backend_user_copy","","backend","inventory.backend.40a0ca0710df","extracted","not_started","not_required","not_started","false"
"legacy.backend.oturum.dogrulanamad.aec8c586","backend","backend","P0","supabase/functions/request-account-deletion/index.ts","321","Oturum doğrulanamadı.","","","","","","backend_user_copy","","backend","inventory.backend.aec8c5869669","extracted","not_started","not_required","not_started","false"
"legacy.backend.hesap.silme.kayd.olusturulamad.46ea603d","backend","backend","P0","supabase/functions/request-account-deletion/index.ts","350","Hesap silme kaydı oluşturulamadı.","","","","","","backend_user_copy","","backend","inventory.backend.46ea603d67fd","extracted","not_started","not_required","not_started","false"
"legacy.notification_email.name.is.not.configured.04dad34a","notification_email","push","P0","supabase/functions/send-push-notification/index.ts","141","${name} is not configured","","","","","","backend_user_copy","${name}","lifecycle","inventory.push.04dad34abf9f","extracted","not_started","not_required","not_started","false"
"legacy.notification_email.notification.delivery.telemetry.failed.050a90c1","notification_email","push","P0","supabase/functions/send-push-notification/index.ts","441","Notification delivery telemetry failed","","","","","","backend_user_copy","","lifecycle","inventory.push.050a90c12eed","extracted","not_started","not_required","not_started","false"
"legacy.notification_email.method.not.allowed.fde9def4","notification_email","push","P0","supabase/functions/send-push-notification/index.ts","605","Method not allowed","","","","","","backend_user_copy","","lifecycle","inventory.push.fde9def4a27d","extracted","not_started","not_required","not_started","false"
"legacy.notification_email.supabase.service.credentials.are.not.confi.c1365407","notification_email","push","P0","supabase/functions/send-push-notification/index.ts","612","Supabase service credentials are not configured","","","","","","backend_user_copy","","lifecycle","inventory.push.c1365407029a","extracted","not_started","not_required","not_started","false"
"legacy.notification_email.invalid.json.body.c209c38e","notification_email","push","P0","supabase/functions/send-push-notification/index.ts","623","Invalid JSON body","","","","","","backend_user_copy","","lifecycle","inventory.push.c209c38e37e4","extracted","not_started","not_required","not_started","false"
"legacy.notification_email.user.id.and.kind.are.required.3d517065","notification_email","push","P0","supabase/functions/send-push-notification/index.ts","627","user_id and kind are required","","","","","","backend_user_copy","","lifecycle","inventory.push.3d517065a96a","extracted","not_started","not_required","not_started","false"
"legacy.notification_email.notification.delivery.was.blocked.by.exact.a4666345","notification_email","push","P0","supabase/functions/send-push-notification/index.ts","672","Notification delivery was blocked by exact-locale resolution.","","","","","","backend_user_copy","","lifecycle","inventory.push.a4666345ede2","extracted","not_started","not_required","not_started","false"
"legacy.notification_email.report.ready.push.failed.3f2508b8","notification_email","push","P0","supabase/functions/send-report-ready-notification/index.ts","149","Report ready push failed","","","","","","backend_user_copy","","lifecycle","inventory.push.3f2508b81dda","extracted","not_started","not_required","not_started","false"
"legacy.notification_email.method.not.allowed.8f322ec6","notification_email","push","P0","supabase/functions/send-trial-reminder-notifications/index.ts","182","Method not allowed","","","","","","backend_user_copy","","lifecycle","inventory.push.8f322ec69a6f","extracted","not_started","not_required","not_started","false"
"legacy.notification_email.trial.reminder.function.is.not.configured.4cb4c083","notification_email","push","P0","supabase/functions/send-trial-reminder-notifications/index.ts","189","Trial reminder function is not configured","","","","","","backend_user_copy","","lifecycle","inventory.push.4cb4c08364e9","extracted","not_started","not_required","not_started","false"
"legacy.notification_email.trial.reminder.send.failed.5e9d6b83","notification_email","push","P0","supabase/functions/send-trial-reminder-notifications/index.ts","269","Trial reminder send failed","","","","","","backend_user_copy","","lifecycle","inventory.push.5e9d6b834c03","extracted","not_started","not_required","not_started","false"
"legacy.notification_email.authorization.x.client.info.apikey.content.77efb338","notification_email","email","P0","supabase/functions/send-welcome-email/index.ts","12","authorization, x-client-info, apikey, content-type","","","","","","backend_user_copy","","lifecycle","inventory.email.77efb338c803","extracted","not_started","not_required","not_started","false"
"legacy.notification_email.post.options.513268b1","notification_email","email","P0","supabase/functions/send-welcome-email/index.ts","13","POST, OPTIONS","","","","","","backend_user_copy","","lifecycle","inventory.email.513268b1197c","extracted","not_started","not_required","not_started","false"
"legacy.notification_email.welcome.email.profile.read.failed.4a2b99ce","notification_email","email","P0","supabase/functions/send-welcome-email/index.ts","105","welcome email profile read failed","","","","","","backend_user_copy","","lifecycle","inventory.email.4a2b99cecc92","extracted","not_started","not_required","not_started","false"
"legacy.notification_email.missing.recipient.email.526e4209","notification_email","email","P0","supabase/functions/send-welcome-email/index.ts","178","missing recipient email","","","","","","backend_user_copy","","lifecycle","inventory.email.526e4209609f","extracted","not_started","not_required","not_started","false"
"legacy.notification_email.resend.api.key.missing.7cf8988d","notification_email","email","P0","supabase/functions/send-welcome-email/index.ts","196","RESEND_API_KEY missing","","","","","","backend_user_copy","","lifecycle","inventory.email.7cf8988dc48c","extracted","not_started","not_required","not_started","false"
"legacy.notification_email.welcome.email.failed.7c94b5de","notification_email","email","P0","supabase/functions/send-welcome-email/index.ts","229","welcome email failed","","","","","","backend_user_copy","","lifecycle","inventory.email.7c94b5ded576","extracted","not_started","not_required","not_started","false"
"legacy.notification_email.riskdetected.a.hos.geldiniz.7d0b8512","notification_email","email","P0","supabase/functions/send-welcome-email/template.ts","25","RiskDetected’a hoş geldiniz","","","","","","backend_user_copy","","lifecycle","inventory.email.7d0b8512ea72","extracted","not_started","not_required","not_started","false"
"legacy.notification_email.light.dark.e7ab9a0c","notification_email","email","P0","supabase/functions/send-welcome-email/template.ts","35","light dark","","","","","","backend_user_copy","","lifecycle","inventory.email.e7ab9a0c951f","extracted","not_started","not_required","not_started","false"
"legacy.notification_email.margin.0.padding.0.background.color.0b1220.081b5799","notification_email","email","P0","supabase/functions/send-welcome-email/template.ts","60","margin:0; padding:0; background-color:#0B1220; font-family:-apple-system,BlinkMacSystemFont,'Segoe UI',Roboto,Helvetica,Arial,sans-serif;","","","","","","backend_user_copy","","lifecycle","inventory.email.081b57990ef5","extracted","not_started","not_required","not_started","false"
"legacy.notification_email.display.none.font.size.1px.color.0b1220.li.0430cf68","notification_email","email","P0","supabase/functions/send-welcome-email/template.ts","61","display:none; font-size:1px; color:#0B1220; line-height:1px; max-height:0; max-width:0; opacity:0; overflow:hidden;","","","","","","backend_user_copy","","lifecycle","inventory.email.0430cf68d19e","extracted","not_started","not_required","not_started","false"
"legacy.notification_email.width.600px.max.width.600px.background.col.953ca5c4","notification_email","email","P0","supabase/functions/send-welcome-email/template.ts","69","width:600px; max-width:600px; background-color:#111A2E; border-radius:16px; overflow:hidden; border:1px solid #1E2A45;","","","","","","backend_user_copy","","lifecycle","inventory.email.953ca5c49214","extracted","not_started","not_required","not_started","false"
"legacy.notification_email.height.4px.background.color.22c55e.font.si.30ed8761","notification_email","email","P0","supabase/functions/send-welcome-email/template.ts","71","height:4px; background-color:#22C55E; font-size:0; line-height:0;","","","","","","backend_user_copy","","lifecycle","inventory.email.30ed87614bef","extracted","not_started","not_required","not_started","false"
"legacy.notification_email.font.size.20px.font.weight.700.color.fffff.2be37b1a","notification_email","email","P0","supabase/functions/send-welcome-email/template.ts","78","font-size:20px; font-weight:700; color:#FFFFFF; letter-spacing:-0.3px;","","","","","","backend_user_copy","","lifecycle","inventory.email.2be37b1abed1","extracted","not_started","not_required","not_started","false"
"legacy.notification_email.margin.0.font.size.28px.line.height.36px.f.bfbe7e78","notification_email","email","P0","supabase/functions/send-welcome-email/template.ts","88","margin:0; font-size:28px; line-height:36px; font-weight:700; color:#FFFFFF; letter-spacing:-0.5px;","","","","","","backend_user_copy","","lifecycle","inventory.email.bfbe7e78b25a","extracted","not_started","not_required","not_started","false"
"legacy.notification_email.margin.0.font.size.16px.line.height.26px.c.f94f3cf9","notification_email","email","P0","supabase/functions/send-welcome-email/template.ts","96","margin:0; font-size:16px; line-height:26px; color:#AEB9D0;","","","","","","backend_user_copy","","lifecycle","inventory.email.f94f3cf92b0e","extracted","not_started","not_required","not_started","false"
"legacy.notification_email.background.color.16a34a.color.ffffff.displ.382169a7","notification_email","email","P0","supabase/functions/send-welcome-email/template.ts","115","background-color:#16A34A; color:#FFFFFF; display:inline-block; font-size:16px; font-weight:700; line-height:52px; text-align:center; text-decoration:none; width:280px; border-radius:12px; -webkit-text-size-adjust:none;","","","","","","backend_user_copy","","lifecycle","inventory.email.382169a75f76","extracted","not_started","not_required","not_started","false"
"legacy.notification_email.margin.0.font.size.14px.line.height.22px.c.6425c0be","notification_email","email","P0","supabase/functions/send-welcome-email/template.ts","127","margin:0; font-size:14px; line-height:22px; color:#7C89A6;","","","","","","backend_user_copy","","lifecycle","inventory.email.6425c0bec009","extracted","not_started","not_required","not_started","false"
"legacy.notification_email.height.1px.background.color.1e2a45.font.si.fb56f236","notification_email","email","P0","supabase/functions/send-welcome-email/template.ts","136","height:1px; background-color:#1E2A45; font-size:0; line-height:0;","","","","","","backend_user_copy","","lifecycle","inventory.email.fb56f2363aa0","extracted","not_started","not_required","not_started","false"
"legacy.notification_email.margin.0.font.size.14px.line.height.22px.c.ca9d71ce","notification_email","email","P0","supabase/functions/send-welcome-email/template.ts","143","margin:0; font-size:14px; line-height:22px; color:#AEB9D0;","","","","","","backend_user_copy","","lifecycle","inventory.email.ca9d71ce7efc","extracted","not_started","not_required","not_started","false"
"legacy.notification_email.color.22c55e.text.decoration.none.font.wei.32a1128d","notification_email","email","P0","supabase/functions/send-welcome-email/template.ts","145","color:#22C55E; text-decoration:none; font-weight:600;","","","","","","backend_user_copy","","lifecycle","inventory.email.32a1128d83a4","extracted","not_started","not_required","not_started","false"
"legacy.notification_email.margin.0.font.size.15px.line.height.24px.c.54d67740","notification_email","email","P0","supabase/functions/send-welcome-email/template.ts","152","margin:0; font-size:15px; line-height:24px; color:#FFFFFF;","","","","","","backend_user_copy","","lifecycle","inventory.email.54d67740e6cd","extracted","not_started","not_required","not_started","false"
"legacy.notification_email.width.600px.max.width.600px.a13fd23f","notification_email","email","P0","supabase/functions/send-welcome-email/template.ts","160","width:600px; max-width:600px;","","","","","","backend_user_copy","","lifecycle","inventory.email.a13fd23f1ddc","extracted","not_started","not_required","not_started","false"
"legacy.notification_email.margin.0.font.size.12px.line.height.18px.c.297f3a79","notification_email","email","P0","supabase/functions/send-welcome-email/template.ts","163","margin:0; font-size:12px; line-height:18px; color:#5A6680; text-align:center;","","","","","","backend_user_copy","","lifecycle","inventory.email.297f3a79b3da","extracted","not_started","not_required","not_started","false"
"legacy.notification_email.width.device.width.initial.scale.1.0.2a50eebd","notification_email","email","P0","supabase/functions/send-welcome-email/template.ts","201","width=device-width, initial-scale=1.0","","","","","","backend_user_copy","","lifecycle","inventory.email.2a50eebd1d92","extracted","not_started","not_required","not_started","false"
"legacy.notification_email.margin.0.padding.0.background.0b1220.font..cf69430c","notification_email","email","P0","supabase/functions/send-welcome-email/template.ts","204","margin:0;padding:0;background:#0B1220;font-family:-apple-system,BlinkMacSystemFont,'Segoe UI',Roboto,Helvetica,Arial,sans-serif;color:#FFFFFF;","","","","","","backend_user_copy","","lifecycle","inventory.email.cf69430cae67","extracted","not_started","not_required","not_started","false"
"legacy.notification_email.max.width.600px.background.111a2e.border.1.b739f1fd","notification_email","email","P0","supabase/functions/send-welcome-email/template.ts","207","max-width:600px;background:#111A2E;border:1px solid #1E2A45;border-radius:16px;","","","","","","backend_user_copy","","lifecycle","inventory.email.b739f1fd4e4c","extracted","not_started","not_required","not_started","false"
"legacy.notification_email.riskdetected.kullan.c.s.2bb798ef","notification_email","email","P0","supabase/functions/send-welcome-email/template.ts","285","RiskDetected kullanıcısı","","","","","","backend_user_copy","","lifecycle","inventory.email.2bb798efa3f5","extracted","not_started","not_required","not_started","false"
"legacy.notification_email.riskdetected.user.3b6174bf","notification_email","email","P0","supabase/functions/send-welcome-email/template.ts","285","RiskDetected user","","","","","","backend_user_copy","","lifecycle","inventory.email.3b6174bf8d32","extracted","not_started","not_required","not_started","false"
"legacy.notification_email.welcome.to.riskdetected.a9f441c2","notification_email","email","P0","supabase/functions/send-welcome-email/template.ts","295","Welcome to RiskDetected","","","","","","backend_user_copy","","lifecycle","inventory.email.a9f441c2750c","extracted","not_started","not_required","not_started","false"
"legacy.backend.destek.talebin.gonderildi.destek.kodu.supp.247ee4bf","backend","backend","P0","supabase/functions/support-contact/index.ts","166","Destek talebin gönderildi. Destek kodu: ${supportID}","","","","","","backend_user_copy","${supportID}","backend","inventory.backend.247ee4bfcfbc","extracted","not_started","not_required","not_started","false"
"legacy.backend.destek.mail.servisi.yap.land.r.lmam.s.c3b7fb9d","backend","backend","P0","supabase/functions/support-contact/index.ts","190","Destek mail servisi yapılandırılmamış.","","","","","","backend_user_copy","","backend","inventory.backend.c3b7fb9de070","extracted","not_started","not_required","not_started","false"
"legacy.backend.form.verisi.okunamad.f779e149","backend","backend","P0","supabase/functions/support-contact/index.ts","201","Form verisi okunamadı.","","","","","","backend_user_copy","","backend","inventory.backend.f779e1490cc8","extracted","not_started","not_required","not_started","false"
"legacy.backend.destek.dili.bilgisi.gecersiz.2f2a6982","backend","backend","P0","supabase/functions/support-contact/index.ts","231","Destek dili bilgisi geçersiz.","","","","","","backend_user_copy","","backend","inventory.backend.2f2a6982f21d","extracted","not_started","not_required","not_started","false"
"legacy.backend.konu.ve.mesaj.alanlar.n.doldur.47cc9bac","backend","backend","P0","supabase/functions/support-contact/index.ts","251","Konu ve mesaj alanlarını doldur.","","","","","","backend_user_copy","","backend","inventory.backend.47cc9bac6fc4","extracted","not_started","not_required","not_started","false"
"legacy.backend.destek.talebi.icin.oturum.gerekli.7eaaf135","backend","backend","P0","supabase/functions/support-contact/index.ts","261","Destek talebi için oturum gerekli.","","","","","","backend_user_copy","","backend","inventory.backend.7eaaf1359876","extracted","not_started","not_required","not_started","false"
"legacy.backend.oturum.dogrulanamad.dedd50fa","backend","backend","P0","supabase/functions/support-contact/index.ts","277","Oturum doğrulanamadı.","","","","","","backend_user_copy","","backend","inventory.backend.dedd50fa2d9f","extracted","not_started","not_required","not_started","false"
"legacy.backend.k.sa.surede.cok.fazla.destek.talebi.gonder.b8350138","backend","backend","P0","supabase/functions/support-contact/index.ts","315","Kısa sürede çok fazla destek talebi gönderdin. Lütfen biraz sonra tekrar dene.","","","","","","backend_user_copy","","backend","inventory.backend.b835013857ef","extracted","not_started","not_required","not_started","false"
"legacy.backend.kay.tl.degil.c5517b39","backend","backend","P0","supabase/functions/support-contact/index.ts","345","Kayıtlı değil","","","","","","backend_user_copy","","backend","inventory.backend.c5517b3926f8","extracted","not_started","not_required","not_started","false"
"legacy.backend.destek.dili.profilinle.eslesmiyor.3af89825","backend","backend","P0","supabase/functions/support-contact/index.ts","355","Destek dili profilinle eşleşmiyor.","","","","","","backend_user_copy","","backend","inventory.backend.3af898258d65","extracted","not_started","not_required","not_started","false"
"legacy.backend.unvan.sendertitle.a90a181e","backend","backend","P0","supabase/functions/support-contact/index.ts","413","Ünvan: ${senderTitle}","","","","","","backend_user_copy","${senderTitle}","backend","inventory.backend.a90a181e96ed","extracted","not_started","not_required","not_started","false"
"legacy.backend.kullan.c.mesaj.dili.usermessagelanguage.664d86f1","backend","backend","P0","supabase/functions/support-contact/index.ts","415","Kullanıcı mesaj dili: ${userMessageLanguage}","","","","","","backend_user_copy","${userMessageLanguage}","backend","inventory.backend.664d86f1f3f4","extracted","not_started","not_required","not_started","false"
"legacy.backend.tercih.edilen.yan.t.dili.preferredresponse.a969147d","backend","backend","P0","supabase/functions/support-contact/index.ts","416","Tercih edilen yanıt dili: ${preferredResponseLanguage}","","","","","","backend_user_copy","${preferredResponseLanguage}","backend","inventory.backend.a969147dae3d","extracted","not_started","not_required","not_started","false"
"legacy.backend.destek.talebi.mail.olarak.gonderilemedi.c202bbf3","backend","backend","P0","supabase/functions/support-contact/index.ts","526","Destek talebi mail olarak gönderilemedi.","","","","","","backend_user_copy","","backend","inventory.backend.c202bbf32572","extracted","not_started","not_required","not_started","false"
